ISO-10303-21;
HEADER;
FILE_DESCRIPTION((''),'2;1');
FILE_NAME('1723103102','2021-05-05T',('gga'),(''),
'PRO/ENGINEER BY PARAMETRIC TECHNOLOGY CORPORATION, 2016010',
'PRO/ENGINEER BY PARAMETRIC TECHNOLOGY CORPORATION, 2016010','');
FILE_SCHEMA(('CONFIG_CONTROL_DESIGN'));
ENDSEC;
DATA;
#1=DIRECTION('',(1.E0,0.E0,0.E0));
#2=VECTOR('',#1,1.2E0);
#3=CARTESIAN_POINT('',(-2.9E0,-2.675E0,-1.6E0));
#4=LINE('',#3,#2);
#5=DIRECTION('',(0.E0,0.E0,1.E0));
#6=VECTOR('',#5,8.2E0);
#7=CARTESIAN_POINT('',(-1.7E0,-2.675E0,-1.6E0));
#8=LINE('',#7,#6);
#9=DIRECTION('',(1.E0,0.E0,0.E0));
#10=VECTOR('',#9,1.2E0);
#11=CARTESIAN_POINT('',(-2.9E0,-2.675E0,6.6E0));
#12=LINE('',#11,#10);
#13=DIRECTION('',(0.E0,0.E0,-1.E0));
#14=VECTOR('',#13,8.2E0);
#15=CARTESIAN_POINT('',(-2.9E0,-2.675E0,6.6E0));
#16=LINE('',#15,#14);
#17=DIRECTION('',(-1.E0,0.E0,0.E0));
#18=VECTOR('',#17,1.2E0);
#19=CARTESIAN_POINT('',(2.9E0,-2.675E0,6.6E0));
#20=LINE('',#19,#18);
#21=DIRECTION('',(0.E0,0.E0,-1.E0));
#22=VECTOR('',#21,8.2E0);
#23=CARTESIAN_POINT('',(1.7E0,-2.675E0,6.6E0));
#24=LINE('',#23,#22);
#25=DIRECTION('',(-1.E0,0.E0,0.E0));
#26=VECTOR('',#25,1.2E0);
#27=CARTESIAN_POINT('',(2.9E0,-2.675E0,-1.6E0));
#28=LINE('',#27,#26);
#29=DIRECTION('',(0.E0,0.E0,1.E0));
#30=VECTOR('',#29,8.2E0);
#31=CARTESIAN_POINT('',(2.9E0,-2.675E0,-1.6E0));
#32=LINE('',#31,#30);
#33=DIRECTION('',(0.E0,0.E0,1.E0));
#34=VECTOR('',#33,4.73E0);
#35=CARTESIAN_POINT('',(3.99E0,-2.675E0,-3.1E0));
#36=LINE('',#35,#34);
#37=DIRECTION('',(-1.E0,0.E0,0.E0));
#38=VECTOR('',#37,7.98E0);
#39=CARTESIAN_POINT('',(3.99E0,-2.675E0,-3.1E0));
#40=LINE('',#39,#38);
#41=DIRECTION('',(0.E0,0.E0,1.E0));
#42=VECTOR('',#41,4.73E0);
#43=CARTESIAN_POINT('',(-3.99E0,-2.675E0,-3.1E0));
#44=LINE('',#43,#42);
#45=DIRECTION('',(1.E0,0.E0,0.E0));
#46=VECTOR('',#45,1.16E0);
#47=CARTESIAN_POINT('',(-5.15E0,-2.675E0,1.63E0));
#48=LINE('',#47,#46);
#49=DIRECTION('',(0.E0,0.E0,1.E0));
#50=VECTOR('',#49,6.47E0);
#51=CARTESIAN_POINT('',(-5.15E0,-2.675E0,1.63E0));
#52=LINE('',#51,#50);
#53=DIRECTION('',(1.E0,0.E0,0.E0));
#54=VECTOR('',#53,1.03E1);
#55=CARTESIAN_POINT('',(-5.15E0,-2.675E0,8.1E0));
#56=LINE('',#55,#54);
#57=DIRECTION('',(0.E0,0.E0,-1.E0));
#58=VECTOR('',#57,6.47E0);
#59=CARTESIAN_POINT('',(5.15E0,-2.675E0,8.1E0));
#60=LINE('',#59,#58);
#61=DIRECTION('',(-1.E0,0.E0,0.E0));
#62=VECTOR('',#61,1.16E0);
#63=CARTESIAN_POINT('',(5.15E0,-2.675E0,1.63E0));
#64=LINE('',#63,#62);
#65=DIRECTION('',(0.E0,0.E0,1.E0));
#66=VECTOR('',#65,1.5E0);
#67=CARTESIAN_POINT('',(-4.E0,-2.675E0,2.105E0));
#68=LINE('',#67,#66);
#69=DIRECTION('',(-1.E0,0.E0,0.E0));
#70=VECTOR('',#69,5.E-1);
#71=CARTESIAN_POINT('',(-4.E0,-2.675E0,3.605E0));
#72=LINE('',#71,#70);
#73=DIRECTION('',(0.E0,0.E0,1.E0));
#74=VECTOR('',#73,1.5E0);
#75=CARTESIAN_POINT('',(-4.5E0,-2.675E0,2.105E0));
#76=LINE('',#75,#74);
#77=DIRECTION('',(-1.E0,0.E0,0.E0));
#78=VECTOR('',#77,5.E-1);
#79=CARTESIAN_POINT('',(-4.E0,-2.675E0,2.105E0));
#80=LINE('',#79,#78);
#81=DIRECTION('',(0.E0,0.E0,1.E0));
#82=VECTOR('',#81,1.5E0);
#83=CARTESIAN_POINT('',(4.E0,-2.675E0,2.105E0));
#84=LINE('',#83,#82);
#85=DIRECTION('',(1.E0,0.E0,0.E0));
#86=VECTOR('',#85,5.E-1);
#87=CARTESIAN_POINT('',(4.E0,-2.675E0,2.105E0));
#88=LINE('',#87,#86);
#89=DIRECTION('',(0.E0,0.E0,1.E0));
#90=VECTOR('',#89,1.5E0);
#91=CARTESIAN_POINT('',(4.5E0,-2.675E0,2.105E0));
#92=LINE('',#91,#90);
#93=DIRECTION('',(1.E0,0.E0,0.E0));
#94=VECTOR('',#93,5.E-1);
#95=CARTESIAN_POINT('',(4.E0,-2.675E0,3.605E0));
#96=LINE('',#95,#94);
#97=DIRECTION('',(0.E0,0.E0,-1.E0));
#98=VECTOR('',#97,2.126062346163E-1);
#99=CARTESIAN_POINT('',(-3.2E-1,-2.675E0,4.232606234616E0));
#100=LINE('',#99,#98);
#101=CARTESIAN_POINT('',(-1.17E0,-2.675E0,4.02E0));
#102=DIRECTION('',(0.E0,-1.E0,0.E0));
#103=DIRECTION('',(0.E0,0.E0,-1.E0));
#104=AXIS2_PLACEMENT_3D('',#101,#102,#103);
#106=DIRECTION('',(-1.E0,0.E0,0.E0));
#107=VECTOR('',#106,2.126062346163E-1);
#108=CARTESIAN_POINT('',(-1.17E0,-2.675E0,3.17E0));
#109=LINE('',#108,#107);
#110=CARTESIAN_POINT('',(-1.382606234616E0,-2.675E0,3.07E0));
#111=DIRECTION('',(0.E0,-1.E0,0.E0));
#112=DIRECTION('',(0.E0,0.E0,1.E0));
#113=AXIS2_PLACEMENT_3D('',#110,#111,#112);
#115=CARTESIAN_POINT('',(0.E0,-2.675E0,2.85E0));
#116=DIRECTION('',(0.E0,-1.E0,0.E0));
#117=DIRECTION('',(-9.875758818688E-1,0.E0,1.571428571429E-1));
#118=AXIS2_PLACEMENT_3D('',#115,#116,#117);
#120=CARTESIAN_POINT('',(-1.382606234616E0,-2.675E0,2.63E0));
#121=DIRECTION('',(0.E0,-1.E0,0.E0));
#122=DIRECTION('',(-9.875758818688E-1,0.E0,-1.571428571428E-1));
#123=AXIS2_PLACEMENT_3D('',#120,#121,#122);
#125=DIRECTION('',(1.E0,0.E0,0.E0));
#126=VECTOR('',#125,2.126062346164E-1);
#127=CARTESIAN_POINT('',(-1.382606234616E0,-2.675E0,2.53E0));
#128=LINE('',#127,#126);
#129=CARTESIAN_POINT('',(-1.17E0,-2.675E0,1.68E0));
#130=DIRECTION('',(0.E0,-1.E0,0.E0));
#131=DIRECTION('',(1.E0,0.E0,0.E0));
#132=AXIS2_PLACEMENT_3D('',#129,#130,#131);
#134=DIRECTION('',(0.E0,0.E0,-1.E0));
#135=VECTOR('',#134,2.126062346163E-1);
#136=CARTESIAN_POINT('',(-3.2E-1,-2.675E0,1.68E0));
#137=LINE('',#136,#135);
#138=CARTESIAN_POINT('',(-2.2E-1,-2.675E0,1.467393765384E0));
#139=DIRECTION('',(0.E0,-1.E0,0.E0));
#140=DIRECTION('',(-1.E0,0.E0,0.E0));
#141=AXIS2_PLACEMENT_3D('',#138,#139,#140);
#143=CARTESIAN_POINT('',(0.E0,-2.675E0,2.85E0));
#144=DIRECTION('',(0.E0,-1.E0,0.E0));
#145=DIRECTION('',(-1.571428571429E-1,0.E0,-9.875758818688E-1));
#146=AXIS2_PLACEMENT_3D('',#143,#144,#145);
#148=CARTESIAN_POINT('',(2.2E-1,-2.675E0,1.467393765384E0));
#149=DIRECTION('',(0.E0,-1.E0,0.E0));
#150=DIRECTION('',(1.571428571428E-1,0.E0,-9.875758818688E-1));
#151=AXIS2_PLACEMENT_3D('',#148,#149,#150);
#153=DIRECTION('',(0.E0,0.E0,1.E0));
#154=VECTOR('',#153,2.126062346163E-1);
#155=CARTESIAN_POINT('',(3.2E-1,-2.675E0,1.467393765384E0));
#156=LINE('',#155,#154);
#157=CARTESIAN_POINT('',(1.17E0,-2.675E0,1.68E0));
#158=DIRECTION('',(0.E0,-1.E0,0.E0));
#159=DIRECTION('',(0.E0,0.E0,1.E0));
#160=AXIS2_PLACEMENT_3D('',#157,#158,#159);
#162=DIRECTION('',(1.E0,0.E0,0.E0));
#163=VECTOR('',#162,2.126062346163E-1);
#164=CARTESIAN_POINT('',(1.17E0,-2.675E0,2.53E0));
#165=LINE('',#164,#163);
#166=CARTESIAN_POINT('',(1.382606234616E0,-2.675E0,2.63E0));
#167=DIRECTION('',(0.E0,-1.E0,0.E0));
#168=DIRECTION('',(0.E0,0.E0,-1.E0));
#169=AXIS2_PLACEMENT_3D('',#166,#167,#168);
#171=CARTESIAN_POINT('',(0.E0,-2.675E0,2.85E0));
#172=DIRECTION('',(0.E0,-1.E0,0.E0));
#173=DIRECTION('',(9.875758818688E-1,0.E0,-1.571428571429E-1));
#174=AXIS2_PLACEMENT_3D('',#171,#172,#173);
#176=CARTESIAN_POINT('',(1.382606234616E0,-2.675E0,3.07E0));
#177=DIRECTION('',(0.E0,-1.E0,0.E0));
#178=DIRECTION('',(9.875758818688E-1,0.E0,1.571428571429E-1));
#179=AXIS2_PLACEMENT_3D('',#176,#177,#178);
#181=DIRECTION('',(-1.E0,0.E0,0.E0));
#182=VECTOR('',#181,2.126062346164E-1);
#183=CARTESIAN_POINT('',(1.382606234616E0,-2.675E0,3.17E0));
#184=LINE('',#183,#182);
#185=CARTESIAN_POINT('',(1.17E0,-2.675E0,4.02E0));
#186=DIRECTION('',(0.E0,-1.E0,0.E0));
#187=DIRECTION('',(-1.E0,0.E0,0.E0));
#188=AXIS2_PLACEMENT_3D('',#185,#186,#187);
#190=DIRECTION('',(0.E0,0.E0,1.E0));
#191=VECTOR('',#190,2.126062346163E-1);
#192=CARTESIAN_POINT('',(3.2E-1,-2.675E0,4.02E0));
#193=LINE('',#192,#191);
#194=CARTESIAN_POINT('',(2.2E-1,-2.675E0,4.232606234616E0));
#195=DIRECTION('',(0.E0,-1.E0,0.E0));
#196=DIRECTION('',(1.E0,0.E0,0.E0));
#197=AXIS2_PLACEMENT_3D('',#194,#195,#196);
#199=CARTESIAN_POINT('',(0.E0,-2.675E0,2.85E0));
#200=DIRECTION('',(0.E0,-1.E0,0.E0));
#201=DIRECTION('',(1.571428571429E-1,0.E0,9.875758818688E-1));
#202=AXIS2_PLACEMENT_3D('',#199,#200,#201);
#204=CARTESIAN_POINT('',(-2.2E-1,-2.675E0,4.232606234616E0));
#205=DIRECTION('',(0.E0,-1.E0,0.E0));
#206=DIRECTION('',(-1.571428571429E-1,0.E0,9.875758818688E-1));
#207=AXIS2_PLACEMENT_3D('',#204,#205,#206);
#209=DIRECTION('',(0.E0,-1.E0,0.E0));
#210=VECTOR('',#209,3.E-1);
#211=CARTESIAN_POINT('',(-2.9E0,-2.675E0,-1.6E0));
#212=LINE('',#211,#210);
#213=DIRECTION('',(0.E0,-1.E0,0.E0));
#214=VECTOR('',#213,3.E-1);
#215=CARTESIAN_POINT('',(-2.9E0,-2.675E0,6.6E0));
#216=LINE('',#215,#214);
#217=DIRECTION('',(0.E0,-1.E0,0.E0));
#218=VECTOR('',#217,3.E-1);
#219=CARTESIAN_POINT('',(-1.7E0,-2.675E0,6.6E0));
#220=LINE('',#219,#218);
#221=DIRECTION('',(0.E0,-1.E0,0.E0));
#222=VECTOR('',#221,3.E-1);
#223=CARTESIAN_POINT('',(-1.7E0,-2.675E0,-1.6E0));
#224=LINE('',#223,#222);
#225=DIRECTION('',(0.E0,0.E0,-1.E0));
#226=VECTOR('',#225,8.2E0);
#227=CARTESIAN_POINT('',(-2.9E0,-2.975E0,6.6E0));
#228=LINE('',#227,#226);
#229=DIRECTION('',(-1.E0,0.E0,0.E0));
#230=VECTOR('',#229,1.2E0);
#231=CARTESIAN_POINT('',(-1.7E0,-2.975E0,6.6E0));
#232=LINE('',#231,#230);
#233=DIRECTION('',(0.E0,0.E0,1.E0));
#234=VECTOR('',#233,8.2E0);
#235=CARTESIAN_POINT('',(-1.7E0,-2.975E0,-1.6E0));
#236=LINE('',#235,#234);
#237=DIRECTION('',(1.E0,0.E0,0.E0));
#238=VECTOR('',#237,1.2E0);
#239=CARTESIAN_POINT('',(-2.9E0,-2.975E0,-1.6E0));
#240=LINE('',#239,#238);
#241=DIRECTION('',(-1.E0,0.E0,0.E0));
#242=VECTOR('',#241,1.2E0);
#243=CARTESIAN_POINT('',(2.9E0,-2.975E0,6.6E0));
#244=LINE('',#243,#242);
#245=DIRECTION('',(0.E0,0.E0,1.E0));
#246=VECTOR('',#245,8.2E0);
#247=CARTESIAN_POINT('',(2.9E0,-2.975E0,-1.6E0));
#248=LINE('',#247,#246);
#249=DIRECTION('',(1.E0,0.E0,0.E0));
#250=VECTOR('',#249,1.2E0);
#251=CARTESIAN_POINT('',(1.7E0,-2.975E0,-1.6E0));
#252=LINE('',#251,#250);
#253=DIRECTION('',(0.E0,0.E0,-1.E0));
#254=VECTOR('',#253,8.2E0);
#255=CARTESIAN_POINT('',(1.7E0,-2.975E0,6.6E0));
#256=LINE('',#255,#254);
#257=DIRECTION('',(0.E0,-1.E0,0.E0));
#258=VECTOR('',#257,3.E-1);
#259=CARTESIAN_POINT('',(2.9E0,-2.675E0,6.6E0));
#260=LINE('',#259,#258);
#261=DIRECTION('',(0.E0,-1.E0,0.E0));
#262=VECTOR('',#261,3.E-1);
#263=CARTESIAN_POINT('',(2.9E0,-2.675E0,-1.6E0));
#264=LINE('',#263,#262);
#265=DIRECTION('',(0.E0,-1.E0,0.E0));
#266=VECTOR('',#265,3.E-1);
#267=CARTESIAN_POINT('',(1.7E0,-2.675E0,-1.6E0));
#268=LINE('',#267,#266);
#269=DIRECTION('',(0.E0,-1.E0,0.E0));
#270=VECTOR('',#269,3.E-1);
#271=CARTESIAN_POINT('',(1.7E0,-2.675E0,6.6E0));
#272=LINE('',#271,#270);
#273=DIRECTION('',(0.E0,1.E0,0.E0));
#274=VECTOR('',#273,3.7E0);
#275=CARTESIAN_POINT('',(3.99E0,-2.675E0,1.63E0));
#276=LINE('',#275,#274);
#277=DIRECTION('',(0.E0,1.566058943358E-1,-9.876611736113E-1));
#278=VECTOR('',#277,4.789091771933E0);
#279=CARTESIAN_POINT('',(3.99E0,1.025E0,1.63E0));
#280=LINE('',#279,#278);
#281=DIRECTION('',(0.E0,1.E0,0.E0));
#282=VECTOR('',#281,2.E0);
#283=CARTESIAN_POINT('',(4.5E0,-2.5E0,1.63E0));
#284=LINE('',#283,#282);
#285=DIRECTION('',(1.E0,0.E0,0.E0));
#286=VECTOR('',#285,5.E-1);
#287=CARTESIAN_POINT('',(4.E0,-2.5E0,1.63E0));
#288=LINE('',#287,#286);
#289=DIRECTION('',(0.E0,1.E0,0.E0));
#290=VECTOR('',#289,3.525E0);
#291=CARTESIAN_POINT('',(4.E0,-2.5E0,1.63E0));
#292=LINE('',#291,#290);
#293=DIRECTION('',(0.E0,1.E0,0.E0));
#294=VECTOR('',#293,5.25E-1);
#295=CARTESIAN_POINT('',(4.5E0,5.E-1,1.63E0));
#296=LINE('',#295,#294);
#297=DIRECTION('',(0.E0,-1.E0,0.E0));
#298=VECTOR('',#297,7.742071881607E-1);
#299=CARTESIAN_POINT('',(4.5E0,1.774207188161E0,-3.095E0));
#300=LINE('',#299,#298);
#301=DIRECTION('',(0.E0,0.E0,1.E0));
#302=VECTOR('',#301,7.53E-1);
#303=CARTESIAN_POINT('',(4.5E0,1.E0,-3.095E0));
#304=LINE('',#303,#302);
#305=DIRECTION('',(0.E0,-1.E0,0.E0));
#306=VECTOR('',#305,2.E0);
#307=CARTESIAN_POINT('',(4.5E0,1.E0,-2.342E0));
#308=LINE('',#307,#306);
#309=DIRECTION('',(0.E0,0.E0,-1.E0));
#310=VECTOR('',#309,7.53E-1);
#311=CARTESIAN_POINT('',(4.5E0,-1.E0,-2.342E0));
#312=LINE('',#311,#310);
#313=DIRECTION('',(0.E0,-1.E0,0.E0));
#314=VECTOR('',#313,1.5E0);
#315=CARTESIAN_POINT('',(4.5E0,-1.E0,-3.095E0));
#316=LINE('',#315,#314);
#317=DIRECTION('',(0.E0,0.E0,1.E0));
#318=VECTOR('',#317,4.725E0);
#319=CARTESIAN_POINT('',(4.5E0,-2.5E0,-3.095E0));
#320=LINE('',#319,#318);
#321=DIRECTION('',(0.E0,1.E0,0.E0));
#322=VECTOR('',#321,1.7E-1);
#323=CARTESIAN_POINT('',(4.5E0,-5.E-1,7.4E0));
#324=LINE('',#323,#322);
#325=DIRECTION('',(0.E0,0.E0,1.E0));
#326=VECTOR('',#325,4.5E-1);
#327=CARTESIAN_POINT('',(4.5E0,-3.3E-1,7.4E0));
#328=LINE('',#327,#326);
#329=DIRECTION('',(0.E0,1.E0,0.E0));
#330=VECTOR('',#329,6.6E-1);
#331=CARTESIAN_POINT('',(4.5E0,-3.3E-1,7.85E0));
#332=LINE('',#331,#330);
#333=DIRECTION('',(0.E0,0.E0,-1.E0));
#334=VECTOR('',#333,4.5E-1);
#335=CARTESIAN_POINT('',(4.5E0,3.3E-1,7.85E0));
#336=LINE('',#335,#334);
#337=DIRECTION('',(0.E0,1.E0,0.E0));
#338=VECTOR('',#337,1.7E-1);
#339=CARTESIAN_POINT('',(4.5E0,3.3E-1,7.4E0));
#340=LINE('',#339,#338);
#341=DIRECTION('',(0.E0,-1.E0,0.E0));
#342=VECTOR('',#341,2.225E0);
#343=CARTESIAN_POINT('',(4.5E0,-2.675E0,2.105E0));
#344=LINE('',#343,#342);
#345=DIRECTION('',(0.E0,-9.805806756909E-1,1.961161351382E-1));
#346=VECTOR('',#345,1.019803902719E0);
#347=CARTESIAN_POINT('',(4.5E0,-4.9E0,2.105E0));
#348=LINE('',#347,#346);
#349=DIRECTION('',(0.E0,0.E0,1.E0));
#350=VECTOR('',#349,1.1E0);
#351=CARTESIAN_POINT('',(4.5E0,-5.9E0,2.305E0));
#352=LINE('',#351,#350);
#353=DIRECTION('',(0.E0,9.805806756909E-1,1.961161351382E-1));
#354=VECTOR('',#353,1.019803902719E0);
#355=CARTESIAN_POINT('',(4.5E0,-5.9E0,3.405E0));
#356=LINE('',#355,#354);
#357=DIRECTION('',(0.E0,1.E0,0.E0));
#358=VECTOR('',#357,2.225E0);
#359=CARTESIAN_POINT('',(4.5E0,-4.9E0,3.605E0));
#360=LINE('',#359,#358);
#361=DIRECTION('',(0.E0,1.566058943358E-1,-9.876611736113E-1));
#362=VECTOR('',#361,4.784029307058E0);
#363=CARTESIAN_POINT('',(4.5E0,1.025E0,1.63E0));
#364=LINE('',#363,#362);
#365=DIRECTION('',(-1.E0,0.E0,0.E0));
#366=VECTOR('',#365,6.5E-1);
#367=CARTESIAN_POINT('',(5.15E0,1.025E0,1.63E0));
#368=LINE('',#367,#366);
#369=DIRECTION('',(-1.E0,0.E0,0.E0));
#370=VECTOR('',#369,1.E-2);
#371=CARTESIAN_POINT('',(4.E0,1.025E0,1.63E0));
#372=LINE('',#371,#370);
#373=DIRECTION('',(0.E0,1.566058943358E-1,-9.876611736113E-1));
#374=VECTOR('',#373,4.784029307058E0);
#375=CARTESIAN_POINT('',(4.E0,1.025E0,1.63E0));
#376=LINE('',#375,#374);
#377=DIRECTION('',(1.E0,0.E0,0.E0));
#378=VECTOR('',#377,5.E-1);
#379=CARTESIAN_POINT('',(4.E0,1.774207188161E0,-3.095E0));
#380=LINE('',#379,#378);
#381=DIRECTION('',(0.E0,1.E0,0.E0));
#382=VECTOR('',#381,2.175E0);
#383=CARTESIAN_POINT('',(5.15E0,-2.675E0,1.63E0));
#384=LINE('',#383,#382);
#385=DIRECTION('',(0.E0,1.E0,0.E0));
#386=VECTOR('',#385,2.175E0);
#387=CARTESIAN_POINT('',(5.15E0,-2.675E0,8.1E0));
#388=LINE('',#387,#386);
#389=DIRECTION('',(0.E0,0.E0,-1.E0));
#390=VECTOR('',#389,6.47E0);
#391=CARTESIAN_POINT('',(5.15E0,-5.E-1,8.1E0));
#392=LINE('',#391,#390);
#393=DIRECTION('',(0.E0,0.E0,-1.E0));
#394=VECTOR('',#393,1.12E1);
#395=CARTESIAN_POINT('',(5.15E0,2.475E0,8.1E0));
#396=LINE('',#395,#394);
#397=DIRECTION('',(0.E0,1.566058943358E-1,-9.876611736113E-1));
#398=VECTOR('',#397,4.789091771933E0);
#399=CARTESIAN_POINT('',(5.15E0,1.025E0,1.63E0));
#400=LINE('',#399,#398);
#401=DIRECTION('',(0.E0,1.E0,0.E0));
#402=VECTOR('',#401,5.25E-1);
#403=CARTESIAN_POINT('',(5.15E0,5.E-1,1.63E0));
#404=LINE('',#403,#402);
#405=DIRECTION('',(0.E0,0.E0,-1.E0));
#406=VECTOR('',#405,6.47E0);
#407=CARTESIAN_POINT('',(5.15E0,5.E-1,8.1E0));
#408=LINE('',#407,#406);
#409=DIRECTION('',(0.E0,1.E0,0.E0));
#410=VECTOR('',#409,1.975E0);
#411=CARTESIAN_POINT('',(5.15E0,5.E-1,8.1E0));
#412=LINE('',#411,#410);
#413=CARTESIAN_POINT('',(-4.95E0,2.475E0,8.1E0));
#414=DIRECTION('',(0.E0,0.E0,1.E0));
#415=DIRECTION('',(0.E0,1.E0,0.E0));
#416=AXIS2_PLACEMENT_3D('',#413,#414,#415);
#418=DIRECTION('',(1.E0,0.E0,0.E0));
#419=VECTOR('',#418,9.5E-1);
#420=CARTESIAN_POINT('',(-3.9E0,2.795E0,8.1E0));
#421=LINE('',#420,#419);
#422=DIRECTION('',(0.E0,-1.E0,0.E0));
#423=VECTOR('',#422,9.593123708949E-1);
#424=CARTESIAN_POINT('',(-2.95E0,2.795E0,8.1E0));
#425=LINE('',#424,#423);
#426=DIRECTION('',(-1.E0,0.E0,0.E0));
#427=VECTOR('',#426,3.906876291051E-1);
#428=CARTESIAN_POINT('',(-2.95E0,1.835687629105E0,8.1E0));
#429=LINE('',#428,#427);
#430=DIRECTION('',(1.E0,0.E0,0.E0));
#431=VECTOR('',#430,1.181375258210E0);
#432=CARTESIAN_POINT('',(-3.340687629105E0,-2.005687629105E0,8.1E0));
#433=LINE('',#432,#431);
#434=DIRECTION('',(0.E0,1.E0,0.E0));
#435=VECTOR('',#434,6.6E-1);
#436=CARTESIAN_POINT('',(-2.159312370895E0,-2.005687629105E0,8.1E0));
#437=LINE('',#436,#435);
#438=DIRECTION('',(1.E0,0.E0,0.E0));
#439=VECTOR('',#438,2.E0);
#440=CARTESIAN_POINT('',(-2.159312370895E0,-1.345687629105E0,8.1E0));
#441=LINE('',#440,#439);
#442=DIRECTION('',(0.E0,1.E0,0.E0));
#443=VECTOR('',#442,3.075084486289E0);
#444=CARTESIAN_POINT('',(-1.593123708949E-1,-1.345687629105E0,8.1E0));
#445=LINE('',#444,#443);
#446=DIRECTION('',(1.E0,0.E0,0.E0));
#447=VECTOR('',#446,3.186247417897E-1);
#448=CARTESIAN_POINT('',(-1.593123708949E-1,1.729396857184E0,8.1E0));
#449=LINE('',#448,#447);
#450=DIRECTION('',(0.E0,-1.E0,0.E0));
#451=VECTOR('',#450,3.075084486289E0);
#452=CARTESIAN_POINT('',(1.593123708949E-1,1.729396857184E0,8.1E0));
#453=LINE('',#452,#451);
#454=DIRECTION('',(1.E0,0.E0,0.E0));
#455=VECTOR('',#454,3.181375258210E0);
#456=CARTESIAN_POINT('',(1.593123708949E-1,-1.345687629105E0,8.1E0));
#457=LINE('',#456,#455);
#458=DIRECTION('',(0.E0,1.E0,0.E0));
#459=VECTOR('',#458,3.181375258210E0);
#460=CARTESIAN_POINT('',(3.340687629105E0,-1.345687629105E0,8.1E0));
#461=LINE('',#460,#459);
#462=DIRECTION('',(-1.E0,0.E0,0.E0));
#463=VECTOR('',#462,3.906876291051E-1);
#464=CARTESIAN_POINT('',(3.340687629105E0,1.835687629105E0,8.1E0));
#465=LINE('',#464,#463);
#466=DIRECTION('',(0.E0,-1.E0,0.E0));
#467=VECTOR('',#466,9.593123708949E-1);
#468=CARTESIAN_POINT('',(2.95E0,2.795E0,8.1E0));
#469=LINE('',#468,#467);
#470=DIRECTION('',(1.E0,0.E0,0.E0));
#471=VECTOR('',#470,9.5E-1);
#472=CARTESIAN_POINT('',(2.95E0,2.795E0,8.1E0));
#473=LINE('',#472,#471);
#474=CARTESIAN_POINT('',(4.95E0,2.475E0,8.1E0));
#475=DIRECTION('',(0.E0,0.E0,1.E0));
#476=DIRECTION('',(1.E0,0.E0,0.E0));
#477=AXIS2_PLACEMENT_3D('',#474,#475,#476);
#479=DIRECTION('',(-1.E0,0.E0,0.E0));
#480=VECTOR('',#479,1.15E0);
#481=CARTESIAN_POINT('',(5.15E0,5.E-1,8.1E0));
#482=LINE('',#481,#480);
#483=DIRECTION('',(0.E0,1.E0,0.E0));
#484=VECTOR('',#483,1.E0);
#485=CARTESIAN_POINT('',(4.E0,-5.E-1,8.1E0));
#486=LINE('',#485,#484);
#487=DIRECTION('',(-1.E0,0.E0,0.E0));
#488=VECTOR('',#487,1.15E0);
#489=CARTESIAN_POINT('',(5.15E0,-5.E-1,8.1E0));
#490=LINE('',#489,#488);
#491=DIRECTION('',(0.E0,1.E0,0.E0));
#492=VECTOR('',#491,2.175E0);
#493=CARTESIAN_POINT('',(-5.15E0,-2.675E0,8.1E0));
#494=LINE('',#493,#492);
#495=DIRECTION('',(1.E0,0.E0,0.E0));
#496=VECTOR('',#495,1.15E0);
#497=CARTESIAN_POINT('',(-5.15E0,-5.E-1,8.1E0));
#498=LINE('',#497,#496);
#499=DIRECTION('',(0.E0,1.E0,0.E0));
#500=VECTOR('',#499,1.E0);
#501=CARTESIAN_POINT('',(-4.E0,-5.E-1,8.1E0));
#502=LINE('',#501,#500);
#503=DIRECTION('',(1.E0,0.E0,0.E0));
#504=VECTOR('',#503,1.15E0);
#505=CARTESIAN_POINT('',(-5.15E0,5.E-1,8.1E0));
#506=LINE('',#505,#504);
#507=DIRECTION('',(0.E0,1.E0,0.E0));
#508=VECTOR('',#507,1.975E0);
#509=CARTESIAN_POINT('',(-5.15E0,5.E-1,8.1E0));
#510=LINE('',#509,#508);
#511=DIRECTION('',(0.E0,1.E0,0.E0));
#512=VECTOR('',#511,2.175E0);
#513=CARTESIAN_POINT('',(-5.15E0,-2.675E0,1.63E0));
#514=LINE('',#513,#512);
#515=DIRECTION('',(0.E0,0.E0,-1.E0));
#516=VECTOR('',#515,6.47E0);
#517=CARTESIAN_POINT('',(-5.15E0,-5.E-1,8.1E0));
#518=LINE('',#517,#516);
#519=DIRECTION('',(0.E0,0.E0,1.E0));
#520=VECTOR('',#519,1.12E1);
#521=CARTESIAN_POINT('',(-5.15E0,2.475E0,-3.1E0));
#522=LINE('',#521,#520);
#523=DIRECTION('',(0.E0,0.E0,-1.E0));
#524=VECTOR('',#523,6.47E0);
#525=CARTESIAN_POINT('',(-5.15E0,5.E-1,8.1E0));
#526=LINE('',#525,#524);
#527=DIRECTION('',(0.E0,1.E0,0.E0));
#528=VECTOR('',#527,5.25E-1);
#529=CARTESIAN_POINT('',(-5.15E0,5.E-1,1.63E0));
#530=LINE('',#529,#528);
#531=DIRECTION('',(0.E0,1.566058943358E-1,-9.876611736113E-1));
#532=VECTOR('',#531,4.789091771933E0);
#533=CARTESIAN_POINT('',(-5.15E0,1.025E0,1.63E0));
#534=LINE('',#533,#532);
#535=DIRECTION('',(0.E0,1.E0,0.E0));
#536=VECTOR('',#535,7.E-1);
#537=CARTESIAN_POINT('',(-5.15E0,1.775E0,-3.1E0));
#538=LINE('',#537,#536);
#539=DIRECTION('',(0.E0,1.E0,0.E0));
#540=VECTOR('',#539,2.E0);
#541=CARTESIAN_POINT('',(-4.5E0,-2.5E0,1.63E0));
#542=LINE('',#541,#540);
#543=DIRECTION('',(0.E0,-1.E0,0.E0));
#544=VECTOR('',#543,3.525E0);
#545=CARTESIAN_POINT('',(-4.E0,1.025E0,1.63E0));
#546=LINE('',#545,#544);
#547=DIRECTION('',(-1.E0,0.E0,0.E0));
#548=VECTOR('',#547,5.E-1);
#549=CARTESIAN_POINT('',(-4.E0,-2.5E0,1.63E0));
#550=LINE('',#549,#548);
#551=DIRECTION('',(0.E0,1.E0,0.E0));
#552=VECTOR('',#551,5.25E-1);
#553=CARTESIAN_POINT('',(-4.5E0,5.E-1,1.63E0));
#554=LINE('',#553,#552);
#555=DIRECTION('',(0.E0,1.E0,0.E0));
#556=VECTOR('',#555,2.225E0);
#557=CARTESIAN_POINT('',(-4.5E0,-4.9E0,3.605E0));
#558=LINE('',#557,#556);
#559=DIRECTION('',(0.E0,9.805806756909E-1,1.961161351382E-1));
#560=VECTOR('',#559,1.019803902719E0);
#561=CARTESIAN_POINT('',(-4.5E0,-5.9E0,3.405E0));
#562=LINE('',#561,#560);
#563=DIRECTION('',(0.E0,0.E0,1.E0));
#564=VECTOR('',#563,1.1E0);
#565=CARTESIAN_POINT('',(-4.5E0,-5.9E0,2.305E0));
#566=LINE('',#565,#564);
#567=DIRECTION('',(0.E0,-9.805806756909E-1,1.961161351382E-1));
#568=VECTOR('',#567,1.019803902719E0);
#569=CARTESIAN_POINT('',(-4.5E0,-4.9E0,2.105E0));
#570=LINE('',#569,#568);
#571=DIRECTION('',(0.E0,-1.E0,0.E0));
#572=VECTOR('',#571,2.225E0);
#573=CARTESIAN_POINT('',(-4.5E0,-2.675E0,2.105E0));
#574=LINE('',#573,#572);
#575=DIRECTION('',(0.E0,0.E0,1.E0));
#576=VECTOR('',#575,4.725E0);
#577=CARTESIAN_POINT('',(-4.5E0,-2.5E0,-3.095E0));
#578=LINE('',#577,#576);
#579=DIRECTION('',(0.E0,-1.E0,0.E0));
#580=VECTOR('',#579,1.5E0);
#581=CARTESIAN_POINT('',(-4.5E0,-1.E0,-3.095E0));
#582=LINE('',#581,#580);
#583=DIRECTION('',(0.E0,0.E0,-1.E0));
#584=VECTOR('',#583,7.53E-1);
#585=CARTESIAN_POINT('',(-4.5E0,-1.E0,-2.342E0));
#586=LINE('',#585,#584);
#587=DIRECTION('',(0.E0,-1.E0,0.E0));
#588=VECTOR('',#587,2.E0);
#589=CARTESIAN_POINT('',(-4.5E0,1.E0,-2.342E0));
#590=LINE('',#589,#588);
#591=DIRECTION('',(0.E0,0.E0,1.E0));
#592=VECTOR('',#591,7.53E-1);
#593=CARTESIAN_POINT('',(-4.5E0,1.E0,-3.095E0));
#594=LINE('',#593,#592);
#595=DIRECTION('',(0.E0,-1.E0,0.E0));
#596=VECTOR('',#595,7.742071881607E-1);
#597=CARTESIAN_POINT('',(-4.5E0,1.774207188161E0,-3.095E0));
#598=LINE('',#597,#596);
#599=DIRECTION('',(0.E0,1.E0,0.E0));
#600=VECTOR('',#599,1.7E-1);
#601=CARTESIAN_POINT('',(-4.5E0,3.3E-1,7.4E0));
#602=LINE('',#601,#600);
#603=DIRECTION('',(0.E0,0.E0,-1.E0));
#604=VECTOR('',#603,4.5E-1);
#605=CARTESIAN_POINT('',(-4.5E0,3.3E-1,7.85E0));
#606=LINE('',#605,#604);
#607=DIRECTION('',(0.E0,1.E0,0.E0));
#608=VECTOR('',#607,6.6E-1);
#609=CARTESIAN_POINT('',(-4.5E0,-3.3E-1,7.85E0));
#610=LINE('',#609,#608);
#611=DIRECTION('',(0.E0,0.E0,1.E0));
#612=VECTOR('',#611,4.5E-1);
#613=CARTESIAN_POINT('',(-4.5E0,-3.3E-1,7.4E0));
#614=LINE('',#613,#612);
#615=DIRECTION('',(0.E0,1.E0,0.E0));
#616=VECTOR('',#615,1.7E-1);
#617=CARTESIAN_POINT('',(-4.5E0,-5.E-1,7.4E0));
#618=LINE('',#617,#616);
#619=DIRECTION('',(-1.E0,0.E0,0.E0));
#620=VECTOR('',#619,5.E-1);
#621=CARTESIAN_POINT('',(-4.E0,-4.9E0,3.605E0));
#622=LINE('',#621,#620);
#623=DIRECTION('',(0.E0,-1.E0,0.E0));
#624=VECTOR('',#623,2.225E0);
#625=CARTESIAN_POINT('',(-4.E0,-2.675E0,2.105E0));
#626=LINE('',#625,#624);
#627=DIRECTION('',(0.E0,-9.805806756909E-1,1.961161351382E-1));
#628=VECTOR('',#627,1.019803902719E0);
#629=CARTESIAN_POINT('',(-4.E0,-4.9E0,2.105E0));
#630=LINE('',#629,#628);
#631=DIRECTION('',(0.E0,0.E0,1.E0));
#632=VECTOR('',#631,1.1E0);
#633=CARTESIAN_POINT('',(-4.E0,-5.9E0,2.305E0));
#634=LINE('',#633,#632);
#635=DIRECTION('',(0.E0,9.805806756909E-1,1.961161351382E-1));
#636=VECTOR('',#635,1.019803902719E0);
#637=CARTESIAN_POINT('',(-4.E0,-5.9E0,3.405E0));
#638=LINE('',#637,#636);
#639=DIRECTION('',(0.E0,1.E0,0.E0));
#640=VECTOR('',#639,2.225E0);
#641=CARTESIAN_POINT('',(-4.E0,-4.9E0,3.605E0));
#642=LINE('',#641,#640);
#643=DIRECTION('',(0.E0,-1.E0,0.E0));
#644=VECTOR('',#643,7.742071881607E-1);
#645=CARTESIAN_POINT('',(-4.E0,1.774207188161E0,-3.095E0));
#646=LINE('',#645,#644);
#647=DIRECTION('',(0.E0,0.E0,1.E0));
#648=VECTOR('',#647,7.53E-1);
#649=CARTESIAN_POINT('',(-4.E0,1.E0,-3.095E0));
#650=LINE('',#649,#648);
#651=DIRECTION('',(0.E0,-1.E0,0.E0));
#652=VECTOR('',#651,2.E0);
#653=CARTESIAN_POINT('',(-4.E0,1.E0,-2.342E0));
#654=LINE('',#653,#652);
#655=DIRECTION('',(0.E0,0.E0,-1.E0));
#656=VECTOR('',#655,7.53E-1);
#657=CARTESIAN_POINT('',(-4.E0,-1.E0,-2.342E0));
#658=LINE('',#657,#656);
#659=DIRECTION('',(0.E0,-1.E0,0.E0));
#660=VECTOR('',#659,1.5E0);
#661=CARTESIAN_POINT('',(-4.E0,-1.E0,-3.095E0));
#662=LINE('',#661,#660);
#663=DIRECTION('',(0.E0,0.E0,1.E0));
#664=VECTOR('',#663,4.725E0);
#665=CARTESIAN_POINT('',(-4.E0,-2.5E0,-3.095E0));
#666=LINE('',#665,#664);
#667=DIRECTION('',(-1.E0,0.E0,0.E0));
#668=VECTOR('',#667,5.E-1);
#669=CARTESIAN_POINT('',(-4.E0,-4.9E0,2.105E0));
#670=LINE('',#669,#668);
#671=DIRECTION('',(-1.E0,0.E0,0.E0));
#672=VECTOR('',#671,5.E-1);
#673=CARTESIAN_POINT('',(-4.E0,-5.9E0,2.305E0));
#674=LINE('',#673,#672);
#675=DIRECTION('',(-1.E0,0.E0,0.E0));
#676=VECTOR('',#675,5.E-1);
#677=CARTESIAN_POINT('',(-4.E0,-5.9E0,3.405E0));
#678=LINE('',#677,#676);
#679=DIRECTION('',(0.E0,1.566058943358E-1,-9.876611736113E-1));
#680=VECTOR('',#679,4.784029307058E0);
#681=CARTESIAN_POINT('',(-4.5E0,1.025E0,1.63E0));
#682=LINE('',#681,#680);
#683=DIRECTION('',(-1.E0,0.E0,0.E0));
#684=VECTOR('',#683,5.E-1);
#685=CARTESIAN_POINT('',(-4.E0,1.774207188161E0,-3.095E0));
#686=LINE('',#685,#684);
#687=DIRECTION('',(0.E0,1.566058943358E-1,-9.876611736113E-1));
#688=VECTOR('',#687,4.784029307058E0);
#689=CARTESIAN_POINT('',(-4.E0,1.025E0,1.63E0));
#690=LINE('',#689,#688);
#691=DIRECTION('',(1.E0,0.E0,0.E0));
#692=VECTOR('',#691,1.E-2);
#693=CARTESIAN_POINT('',(-4.E0,1.025E0,1.63E0));
#694=LINE('',#693,#692);
#695=DIRECTION('',(1.E0,0.E0,0.E0));
#696=VECTOR('',#695,6.5E-1);
#697=CARTESIAN_POINT('',(-5.15E0,1.025E0,1.63E0));
#698=LINE('',#697,#696);
#699=DIRECTION('',(-1.E0,0.E0,0.E0));
#700=VECTOR('',#699,5.E-1);
#701=CARTESIAN_POINT('',(-4.E0,1.E0,-3.095E0));
#702=LINE('',#701,#700);
#703=DIRECTION('',(-1.E0,0.E0,0.E0));
#704=VECTOR('',#703,5.E-1);
#705=CARTESIAN_POINT('',(-4.E0,1.E0,-2.342E0));
#706=LINE('',#705,#704);
#707=DIRECTION('',(-1.E0,0.E0,0.E0));
#708=VECTOR('',#707,5.E-1);
#709=CARTESIAN_POINT('',(-4.E0,-1.E0,-2.342E0));
#710=LINE('',#709,#708);
#711=DIRECTION('',(-1.E0,0.E0,0.E0));
#712=VECTOR('',#711,5.E-1);
#713=CARTESIAN_POINT('',(-4.E0,-1.E0,-3.095E0));
#714=LINE('',#713,#712);
#715=DIRECTION('',(-1.E0,0.E0,0.E0));
#716=VECTOR('',#715,5.E-1);
#717=CARTESIAN_POINT('',(-4.E0,-2.5E0,-3.095E0));
#718=LINE('',#717,#716);
#719=DIRECTION('',(0.E0,1.566058943358E-1,-9.876611736113E-1));
#720=VECTOR('',#719,4.789091771933E0);
#721=CARTESIAN_POINT('',(-3.99E0,1.025E0,1.63E0));
#722=LINE('',#721,#720);
#723=DIRECTION('',(0.E0,1.E0,0.E0));
#724=VECTOR('',#723,3.7E0);
#725=CARTESIAN_POINT('',(-3.99E0,-2.675E0,1.63E0));
#726=LINE('',#725,#724);
#727=DIRECTION('',(0.E0,1.E0,0.E0));
#728=VECTOR('',#727,6.35E-1);
#729=CARTESIAN_POINT('',(-2.0675E0,-7.25E-2,-3.1E0));
#730=LINE('',#729,#728);
#731=DIRECTION('',(1.E0,0.E0,0.E0));
#732=VECTOR('',#731,6.35E-1);
#733=CARTESIAN_POINT('',(-2.0675E0,5.625E-1,-3.1E0));
#734=LINE('',#733,#732);
#735=DIRECTION('',(0.E0,1.E0,0.E0));
#736=VECTOR('',#735,6.35E-1);
#737=CARTESIAN_POINT('',(-1.4325E0,-7.25E-2,-3.1E0));
#738=LINE('',#737,#736);
#739=DIRECTION('',(1.E0,0.E0,0.E0));
#740=VECTOR('',#739,6.35E-1);
#741=CARTESIAN_POINT('',(-2.0675E0,-7.25E-2,-3.1E0));
#742=LINE('',#741,#740);
#743=DIRECTION('',(0.E0,1.E0,0.E0));
#744=VECTOR('',#743,6.35E-1);
#745=CARTESIAN_POINT('',(1.4325E0,-7.25E-2,-3.1E0));
#746=LINE('',#745,#744);
#747=DIRECTION('',(1.E0,0.E0,0.E0));
#748=VECTOR('',#747,6.35E-1);
#749=CARTESIAN_POINT('',(1.4325E0,5.625E-1,-3.1E0));
#750=LINE('',#749,#748);
#751=DIRECTION('',(0.E0,1.E0,0.E0));
#752=VECTOR('',#751,6.35E-1);
#753=CARTESIAN_POINT('',(2.0675E0,-7.25E-2,-3.1E0));
#754=LINE('',#753,#752);
#755=DIRECTION('',(1.E0,0.E0,0.E0));
#756=VECTOR('',#755,6.35E-1);
#757=CARTESIAN_POINT('',(1.4325E0,-7.25E-2,-3.1E0));
#758=LINE('',#757,#756);
#759=CARTESIAN_POINT('',(-4.95E0,2.475E0,-3.1E0));
#760=DIRECTION('',(0.E0,0.E0,-1.E0));
#761=DIRECTION('',(-1.E0,0.E0,0.E0));
#762=AXIS2_PLACEMENT_3D('',#759,#760,#761);
#764=DIRECTION('',(1.E0,0.E0,0.E0));
#765=VECTOR('',#764,1.16E0);
#766=CARTESIAN_POINT('',(-5.15E0,1.775E0,-3.1E0));
#767=LINE('',#766,#765);
#768=DIRECTION('',(0.E0,1.E0,0.E0));
#769=VECTOR('',#768,4.45E0);
#770=CARTESIAN_POINT('',(-3.99E0,-2.675E0,-3.1E0));
#771=LINE('',#770,#769);
#772=DIRECTION('',(0.E0,1.E0,0.E0));
#773=VECTOR('',#772,4.45E0);
#774=CARTESIAN_POINT('',(3.99E0,-2.675E0,-3.1E0));
#775=LINE('',#774,#773);
#776=DIRECTION('',(-1.E0,0.E0,0.E0));
#777=VECTOR('',#776,1.16E0);
#778=CARTESIAN_POINT('',(5.15E0,1.775E0,-3.1E0));
#779=LINE('',#778,#777);
#780=DIRECTION('',(0.E0,1.E0,0.E0));
#781=VECTOR('',#780,7.E-1);
#782=CARTESIAN_POINT('',(5.15E0,1.775E0,-3.1E0));
#783=LINE('',#782,#781);
#784=CARTESIAN_POINT('',(4.95E0,2.475E0,-3.1E0));
#785=DIRECTION('',(0.E0,0.E0,-1.E0));
#786=DIRECTION('',(0.E0,1.E0,0.E0));
#787=AXIS2_PLACEMENT_3D('',#784,#785,#786);
#789=DIRECTION('',(0.E0,1.E0,0.E0));
#790=VECTOR('',#789,6.35E-1);
#791=CARTESIAN_POINT('',(-2.0675E0,-7.25E-2,5.6E0));
#792=LINE('',#791,#790);
#793=DIRECTION('',(0.E0,0.E0,-1.E0));
#794=VECTOR('',#793,5.6E0);
#795=CARTESIAN_POINT('',(-2.0675E0,-7.25E-2,5.6E0));
#796=LINE('',#795,#794);
#797=DIRECTION('',(0.E0,0.E0,1.E0));
#798=VECTOR('',#797,5.6E0);
#799=CARTESIAN_POINT('',(-2.0675E0,5.625E-1,0.E0));
#800=LINE('',#799,#798);
#801=DIRECTION('',(0.E0,0.E0,1.E0));
#802=VECTOR('',#801,6.35E-1);
#803=CARTESIAN_POINT('',(-2.0675E0,-5.375E0,-5.3775E0));
#804=LINE('',#803,#802);
#805=DIRECTION('',(0.E0,1.E0,0.E0));
#806=VECTOR('',#805,4.8025E0);
#807=CARTESIAN_POINT('',(-2.0675E0,-5.375E0,-5.3775E0));
#808=LINE('',#807,#806);
#809=CARTESIAN_POINT('',(-2.0675E0,-5.725E-1,-4.2425E0));
#810=DIRECTION('',(1.E0,0.E0,0.E0));
#811=DIRECTION('',(0.E0,0.E0,-1.E0));
#812=AXIS2_PLACEMENT_3D('',#809,#810,#811);
#814=DIRECTION('',(0.E0,0.E0,1.E0));
#815=VECTOR('',#814,1.1425E0);
#816=CARTESIAN_POINT('',(-2.0675E0,5.625E-1,-4.2425E0));
#817=LINE('',#816,#815);
#818=DIRECTION('',(0.E0,0.E0,-1.E0));
#819=VECTOR('',#818,1.1425E0);
#820=CARTESIAN_POINT('',(-2.0675E0,-7.25E-2,-3.1E0));
#821=LINE('',#820,#819);
#822=CARTESIAN_POINT('',(-2.0675E0,-5.725E-1,-4.2425E0));
#823=DIRECTION('',(-1.E0,0.E0,0.E0));
#824=DIRECTION('',(0.E0,1.E0,0.E0));
#825=AXIS2_PLACEMENT_3D('',#822,#823,#824);
#827=DIRECTION('',(0.E0,-1.E0,0.E0));
#828=VECTOR('',#827,4.8025E0);
#829=CARTESIAN_POINT('',(-2.0675E0,-5.725E-1,-4.7425E0));
#830=LINE('',#829,#828);
#831=DIRECTION('',(-2.357022603955E-1,-2.357022603955E-1,-9.428090415821E-1));
#832=VECTOR('',#831,8.485281374239E-1);
#833=CARTESIAN_POINT('',(-1.8675E0,1.275E-1,6.4E0));
#834=LINE('',#833,#832);
#835=DIRECTION('',(-2.357022603955E-1,2.357022603955E-1,9.428090415821E-1));
#836=VECTOR('',#835,8.485281374239E-1);
#837=CARTESIAN_POINT('',(-1.4325E0,-7.25E-2,5.6E0));
#838=LINE('',#837,#836);
#839=DIRECTION('',(-1.E0,0.E0,0.E0));
#840=VECTOR('',#839,2.35E-1);
#841=CARTESIAN_POINT('',(-1.6325E0,3.625E-1,6.4E0));
#842=LINE('',#841,#840);
#843=DIRECTION('',(0.E0,-1.E0,0.E0));
#844=VECTOR('',#843,2.35E-1);
#845=CARTESIAN_POINT('',(-1.6325E0,3.625E-1,6.4E0));
#846=LINE('',#845,#844);
#847=DIRECTION('',(-1.E0,0.E0,0.E0));
#848=VECTOR('',#847,2.35E-1);
#849=CARTESIAN_POINT('',(-1.6325E0,1.275E-1,6.4E0));
#850=LINE('',#849,#848);
#851=DIRECTION('',(0.E0,1.E0,0.E0));
#852=VECTOR('',#851,2.35E-1);
#853=CARTESIAN_POINT('',(-1.8675E0,1.275E-1,6.4E0));
#854=LINE('',#853,#852);
#855=DIRECTION('',(2.357022603955E-1,-2.357022603955E-1,9.428090415821E-1));
#856=VECTOR('',#855,8.485281374239E-1);
#857=CARTESIAN_POINT('',(-2.0675E0,5.625E-1,5.6E0));
#858=LINE('',#857,#856);
#859=DIRECTION('',(2.357022603955E-1,2.357022603955E-1,-9.428090415821E-1));
#860=VECTOR('',#859,8.485281374239E-1);
#861=CARTESIAN_POINT('',(-1.6325E0,3.625E-1,6.4E0));
#862=LINE('',#861,#860);
#863=DIRECTION('',(1.E0,0.E0,0.E0));
#864=VECTOR('',#863,6.35E-1);
#865=CARTESIAN_POINT('',(-2.0675E0,5.625E-1,-4.2425E0));
#866=LINE('',#865,#864);
#867=DIRECTION('',(-1.E0,0.E0,0.E0));
#868=VECTOR('',#867,6.35E-1);
#869=CARTESIAN_POINT('',(-1.4325E0,5.625E-1,5.6E0));
#870=LINE('',#869,#868);
#871=DIRECTION('',(1.E0,0.E0,0.E0));
#872=VECTOR('',#871,6.35E-1);
#873=CARTESIAN_POINT('',(-2.0675E0,-5.725E-1,-5.3775E0));
#874=LINE('',#873,#872);
#875=DIRECTION('',(-1.E0,0.E0,0.E0));
#876=VECTOR('',#875,6.35E-1);
#877=CARTESIAN_POINT('',(-1.4325E0,-5.375E0,-5.3775E0));
#878=LINE('',#877,#876);
#879=DIRECTION('',(-2.357022603955E-1,9.428090415821E-1,-2.357022603955E-1));
#880=VECTOR('',#879,8.485281374239E-1);
#881=CARTESIAN_POINT('',(-1.8675E0,-6.175E0,-5.1775E0));
#882=LINE('',#881,#880);
#883=DIRECTION('',(-2.357022603955E-1,-9.428090415821E-1,2.357022603955E-1));
#884=VECTOR('',#883,8.485281374239E-1);
#885=CARTESIAN_POINT('',(-1.4325E0,-5.375E0,-5.3775E0));
#886=LINE('',#885,#884);
#887=DIRECTION('',(-2.357022603955E-1,9.428090415821E-1,2.357022603955E-1));
#888=VECTOR('',#887,8.485281374239E-1);
#889=CARTESIAN_POINT('',(-1.8675E0,-6.175E0,-4.9425E0));
#890=LINE('',#889,#888);
#891=DIRECTION('',(2.357022603955E-1,9.428090415821E-1,2.357022603955E-1));
#892=VECTOR('',#891,8.485281374239E-1);
#893=CARTESIAN_POINT('',(-1.6325E0,-6.175E0,-4.9425E0));
#894=LINE('',#893,#892);
#895=DIRECTION('',(-1.E0,0.E0,0.E0));
#896=VECTOR('',#895,6.35E-1);
#897=CARTESIAN_POINT('',(-1.4325E0,-5.375E0,-4.7425E0));
#898=LINE('',#897,#896);
#899=DIRECTION('',(1.E0,0.E0,0.E0));
#900=VECTOR('',#899,6.35E-1);
#901=CARTESIAN_POINT('',(-2.0675E0,-5.725E-1,-4.7425E0));
#902=LINE('',#901,#900);
#903=DIRECTION('',(1.E0,0.E0,0.E0));
#904=VECTOR('',#903,6.35E-1);
#905=CARTESIAN_POINT('',(-2.0675E0,-7.25E-2,-4.2425E0));
#906=LINE('',#905,#904);
#907=DIRECTION('',(-1.E0,0.E0,0.E0));
#908=VECTOR('',#907,6.35E-1);
#909=CARTESIAN_POINT('',(-1.4325E0,-7.25E-2,5.6E0));
#910=LINE('',#909,#908);
#911=DIRECTION('',(0.E0,-1.E0,0.E0));
#912=VECTOR('',#911,6.35E-1);
#913=CARTESIAN_POINT('',(-1.4325E0,5.625E-1,5.6E0));
#914=LINE('',#913,#912);
#915=DIRECTION('',(0.E0,0.E0,1.E0));
#916=VECTOR('',#915,5.6E0);
#917=CARTESIAN_POINT('',(-1.4325E0,5.625E-1,0.E0));
#918=LINE('',#917,#916);
#919=DIRECTION('',(0.E0,0.E0,-1.E0));
#920=VECTOR('',#919,5.6E0);
#921=CARTESIAN_POINT('',(-1.4325E0,-7.25E-2,5.6E0));
#922=LINE('',#921,#920);
#923=DIRECTION('',(0.E0,0.E0,-1.E0));
#924=VECTOR('',#923,6.35E-1);
#925=CARTESIAN_POINT('',(-1.4325E0,-5.375E0,-4.7425E0));
#926=LINE('',#925,#924);
#927=DIRECTION('',(0.E0,-1.E0,0.E0));
#928=VECTOR('',#927,4.8025E0);
#929=CARTESIAN_POINT('',(-1.4325E0,-5.725E-1,-4.7425E0));
#930=LINE('',#929,#928);
#931=CARTESIAN_POINT('',(-1.4325E0,-5.725E-1,-4.2425E0));
#932=DIRECTION('',(-1.E0,0.E0,0.E0));
#933=DIRECTION('',(0.E0,1.E0,0.E0));
#934=AXIS2_PLACEMENT_3D('',#931,#932,#933);
#936=DIRECTION('',(0.E0,0.E0,-1.E0));
#937=VECTOR('',#936,1.1425E0);
#938=CARTESIAN_POINT('',(-1.4325E0,-7.25E-2,-3.1E0));
#939=LINE('',#938,#937);
#940=DIRECTION('',(0.E0,0.E0,1.E0));
#941=VECTOR('',#940,1.1425E0);
#942=CARTESIAN_POINT('',(-1.4325E0,5.625E-1,-4.2425E0));
#943=LINE('',#942,#941);
#944=CARTESIAN_POINT('',(-1.4325E0,-5.725E-1,-4.2425E0));
#945=DIRECTION('',(1.E0,0.E0,0.E0));
#946=DIRECTION('',(0.E0,0.E0,-1.E0));
#947=AXIS2_PLACEMENT_3D('',#944,#945,#946);
#949=DIRECTION('',(0.E0,1.E0,0.E0));
#950=VECTOR('',#949,4.8025E0);
#951=CARTESIAN_POINT('',(-1.4325E0,-5.375E0,-5.3775E0));
#952=LINE('',#951,#950);
#953=DIRECTION('',(-1.E0,0.E0,0.E0));
#954=VECTOR('',#953,2.E0);
#955=CARTESIAN_POINT('',(-2.3E-1,-1.275E0,0.E0));
#956=LINE('',#955,#954);
#957=DIRECTION('',(0.E0,-1.E0,0.E0));
#958=VECTOR('',#957,6.6E-1);
#959=CARTESIAN_POINT('',(-2.23E0,-1.275E0,0.E0));
#960=LINE('',#959,#958);
#961=DIRECTION('',(-1.E0,0.E0,0.E0));
#962=VECTOR('',#961,1.04E0);
#963=CARTESIAN_POINT('',(-2.23E0,-1.935E0,0.E0));
#964=LINE('',#963,#962);
#965=DIRECTION('',(1.E0,0.E0,0.E0));
#966=VECTOR('',#965,3.04E0);
#967=CARTESIAN_POINT('',(-3.27E0,1.765E0,0.E0));
#968=LINE('',#967,#966);
#969=DIRECTION('',(0.E0,-1.E0,0.E0));
#970=VECTOR('',#969,3.04E0);
#971=CARTESIAN_POINT('',(-2.3E-1,1.765E0,0.E0));
#972=LINE('',#971,#970);
#973=DIRECTION('',(0.E0,1.E0,0.E0));
#974=VECTOR('',#973,6.35E-1);
#975=CARTESIAN_POINT('',(-2.0675E0,-7.25E-2,0.E0));
#976=LINE('',#975,#974);
#977=DIRECTION('',(1.E0,0.E0,0.E0));
#978=VECTOR('',#977,6.35E-1);
#979=CARTESIAN_POINT('',(-2.0675E0,-7.25E-2,0.E0));
#980=LINE('',#979,#978);
#981=DIRECTION('',(0.E0,1.E0,0.E0));
#982=VECTOR('',#981,6.35E-1);
#983=CARTESIAN_POINT('',(-1.4325E0,-7.25E-2,0.E0));
#984=LINE('',#983,#982);
#985=DIRECTION('',(1.E0,0.E0,0.E0));
#986=VECTOR('',#985,6.35E-1);
#987=CARTESIAN_POINT('',(-2.0675E0,5.625E-1,0.E0));
#988=LINE('',#987,#986);
#989=DIRECTION('',(8.726203243944E-3,-8.726203243944E-3,9.999238504776E-1));
#990=VECTOR('',#989,8.100616858105E0);
#991=CARTESIAN_POINT('',(-2.23E0,-1.275E0,0.E0));
#992=LINE('',#991,#990);
#993=DIRECTION('',(-8.726203243944E-3,8.726203243944E-3,-9.999238504776E-1));
#994=VECTOR('',#993,8.100616858105E0);
#995=CARTESIAN_POINT('',(-1.593123708949E-1,-1.345687629105E0,8.1E0));
#996=LINE('',#995,#994);
#997=DIRECTION('',(-8.726203243944E-3,8.726203243944E-3,-9.999238504776E-1));
#998=VECTOR('',#997,8.100616858105E0);
#999=CARTESIAN_POINT('',(-2.159312370895E0,-2.005687629105E0,8.1E0));
#1000=LINE('',#999,#998);
#1001=DIRECTION('',(0.E0,-1.E0,0.E0));
#1002=VECTOR('',#1001,3.7E0);
#1003=CARTESIAN_POINT('',(-3.27E0,1.765E0,0.E0));
#1004=LINE('',#1003,#1002);
#1005=DIRECTION('',(8.726203243944E-3,8.726203243944E-3,-9.999238504776E-1));
#1006=VECTOR('',#1005,8.100616858105E0);
#1007=CARTESIAN_POINT('',(-3.340687629105E0,-2.005687629105E0,8.1E0));
#1008=LINE('',#1007,#1006);
#1009=DIRECTION('',(0.E0,1.E0,0.E0));
#1010=VECTOR('',#1009,3.841375258210E0);
#1011=CARTESIAN_POINT('',(-3.340687629105E0,-2.005687629105E0,8.1E0));
#1012=LINE('',#1011,#1010);
#1013=DIRECTION('',(8.726203243944E-3,-8.726203243944E-3,-9.999238504776E-1));
#1014=VECTOR('',#1013,8.100616858105E0);
#1015=CARTESIAN_POINT('',(-3.340687629105E0,1.835687629105E0,8.1E0));
#1016=LINE('',#1015,#1014);
#1017=DIRECTION('',(0.E0,-1.E0,0.E0));
#1018=VECTOR('',#1017,2.869459186282E0);
#1019=CARTESIAN_POINT('',(-2.95E0,4.672857404561E0,4.4E0));
#1020=LINE('',#1019,#1018);
#1021=DIRECTION('',(0.E0,8.726535498374E-3,9.999619230642E-1));
#1022=VECTOR('',#1021,3.700140890027E0);
#1023=CARTESIAN_POINT('',(-2.95E0,1.803398218279E0,4.4E0));
#1024=LINE('',#1023,#1022);
#1025=DIRECTION('',(0.E0,-1.745240643728E-2,-9.998476951564E-1));
#1026=VECTOR('',#1025,5.756835614329E0);
#1027=CARTESIAN_POINT('',(-2.95E0,4.773328039495E0,1.015595882038E1));
#1028=LINE('',#1027,#1026);
#1029=CARTESIAN_POINT('',(-2.75E0,1.801652844721E0,4.2E0));
#1030=CARTESIAN_POINT('',(-2.783333967973E0,1.801652844721E0,4.2E0));
#1031=CARTESIAN_POINT('',(-2.835532058436E0,1.801779116341E0,4.214469294515E0));
#1032=CARTESIAN_POINT('',(-2.894367319212E0,1.802138358514E0,4.255634370159E0));
#1033=CARTESIAN_POINT('',(-2.935531533811E0,1.802651807699E0,4.314469819121E0));
#1034=CARTESIAN_POINT('',(-2.95E0,1.803107328225E0,4.366667301282E0));
#1035=CARTESIAN_POINT('',(-2.95E0,1.803398218279E0,4.4E0));
#1037=CARTESIAN_POINT('',(-2.75E0,4.672857404561E0,4.4E0));
#1038=DIRECTION('',(0.E0,-1.E0,0.E0));
#1039=DIRECTION('',(-1.E0,0.E0,0.E0));
#1040=AXIS2_PLACEMENT_3D('',#1037,#1038,#1039);
#1042=CARTESIAN_POINT('',(-2.75E0,4.672857404561E0,4.4E0));
#1043=DIRECTION('',(0.E0,1.745240643728E-2,9.998476951564E-1));
#1044=DIRECTION('',(0.E0,9.998476951564E-1,-1.745240643729E-2));
#1045=AXIS2_PLACEMENT_3D('',#1042,#1043,#1044);
#1047=CARTESIAN_POINT('',(-2.75E0,4.672857404561E0,4.4E0));
#1048=DIRECTION('',(1.E0,0.E0,0.E0));
#1049=DIRECTION('',(0.E0,0.E0,-1.E0));
#1050=AXIS2_PLACEMENT_3D('',#1047,#1048,#1049);
#1052=CARTESIAN_POINT('',(-2.95E0,4.773328039495E0,1.015595882038E1));
#1053=CARTESIAN_POINT('',(-2.95E0,4.805239165988E0,1.017083922305E1));
#1054=CARTESIAN_POINT('',(-2.936638088712E0,4.856951414723E0,1.019495304065E1));
#1055=CARTESIAN_POINT('',(-2.896711660755E0,4.916499161635E0,1.022272061106E1));
#1056=CARTESIAN_POINT('',(-2.838181160651E0,4.959185893090E0,1.024262576084E1));
#1057=CARTESIAN_POINT('',(-2.785210032341E0,4.975E0,1.025E1));
#1058=CARTESIAN_POINT('',(-2.75E0,4.975E0,1.025E1));
#1060=DIRECTION('',(-1.E0,0.E0,0.E0));
#1061=VECTOR('',#1060,1.595E0);
#1062=CARTESIAN_POINT('',(-1.155E0,4.872826943592E0,4.396509518713E0));
#1063=LINE('',#1062,#1061);
#1064=DIRECTION('',(0.E0,-1.745240643728E-2,-9.998476951564E-1));
#1065=VECTOR('',#1064,5.854382132043E0);
#1066=CARTESIAN_POINT('',(-2.75E0,4.975E0,1.025E1));
#1067=LINE('',#1066,#1065);
#1068=DIRECTION('',(0.E0,1.745240643728E-2,9.998476951564E-1));
#1069=VECTOR('',#1068,5.854382132043E0);
#1070=CARTESIAN_POINT('',(2.75E0,4.872826943592E0,4.396509518713E0));
#1071=LINE('',#1070,#1069);
#1072=DIRECTION('',(-1.E0,0.E0,0.E0));
#1073=VECTOR('',#1072,1.595E0);
#1074=CARTESIAN_POINT('',(2.75E0,4.872826943592E0,4.396509518713E0));
#1075=LINE('',#1074,#1073);
#1076=DIRECTION('',(0.E0,1.745240643728E-2,9.998476951564E-1));
#1077=VECTOR('',#1076,4.704206954792E0);
#1078=CARTESIAN_POINT('',(1.155E0,4.872826943592E0,4.396509518713E0));
#1079=LINE('',#1078,#1077);
#1080=DIRECTION('',(1.E0,0.E0,0.E0));
#1081=VECTOR('',#1080,2.31E0);
#1082=CARTESIAN_POINT('',(-1.155E0,4.954926675333E0,9.1E0));
#1083=LINE('',#1082,#1081);
#1084=DIRECTION('',(0.E0,1.745240643728E-2,9.998476951564E-1));
#1085=VECTOR('',#1084,4.704206954792E0);
#1086=CARTESIAN_POINT('',(-1.155E0,4.872826943592E0,4.396509518713E0));
#1087=LINE('',#1086,#1085);
#1088=CARTESIAN_POINT('',(-1.155E0,4.872826943592E0,4.396509518713E0));
#1089=CARTESIAN_POINT('',(-1.155E0,4.872454233117E0,4.375156949865E0));
#1090=CARTESIAN_POINT('',(-1.154999188149E0,4.865268760720E0,4.334802133205E0));
#1091=CARTESIAN_POINT('',(-1.155002841479E0,4.836001527312E0,4.278738274710E0));
#1092=CARTESIAN_POINT('',(-1.154989445935E0,4.791250527628E0,4.234774917998E0));
#1093=CARTESIAN_POINT('',(-1.155039374781E0,4.734688353732E0,4.206441140044E0));
#1094=CARTESIAN_POINT('',(-1.154915161555E0,4.694212685088E0,4.200083880373E0));
#1095=CARTESIAN_POINT('',(-1.154915161555E0,4.673928702281E0,4.200083880373E0));
#1097=DIRECTION('',(-1.E0,0.E0,0.E0));
#1098=VECTOR('',#1097,1.91E0);
#1099=CARTESIAN_POINT('',(9.55E-1,4.475E0,4.2E0));
#1100=LINE('',#1099,#1098);
#1101=DIRECTION('',(-9.999997730778E-1,6.716241359121E-4,5.258676648464E-5));
#1102=VECTOR('',#1101,1.595085200405E0);
#1103=CARTESIAN_POINT('',(2.75E0,4.672857404561E0,4.2E0));
#1104=LINE('',#1103,#1102);
#1105=DIRECTION('',(0.E0,1.E0,0.E0));
#1106=VECTOR('',#1105,2.871204559840E0);
#1107=CARTESIAN_POINT('',(2.75E0,1.801652844721E0,4.2E0));
#1108=LINE('',#1107,#1106);
#1109=DIRECTION('',(1.E0,0.E0,0.E0));
#1110=VECTOR('',#1109,2.556652844721E0);
#1111=CARTESIAN_POINT('',(1.933471552788E-1,1.801652844721E0,4.2E0));
#1112=LINE('',#1111,#1110);
#1113=DIRECTION('',(0.E0,1.E0,0.E0));
#1114=VECTOR('',#1113,7.225598753690E-2);
#1115=CARTESIAN_POINT('',(1.933471552788E-1,1.729396857184E0,4.2E0));
#1116=LINE('',#1115,#1114);
#1117=DIRECTION('',(1.E0,0.E0,0.E0));
#1118=VECTOR('',#1117,3.866943105576E-1);
#1119=CARTESIAN_POINT('',(-1.933471552788E-1,1.729396857184E0,4.2E0));
#1120=LINE('',#1119,#1118);
#1121=DIRECTION('',(0.E0,1.E0,0.E0));
#1122=VECTOR('',#1121,7.225598753690E-2);
#1123=CARTESIAN_POINT('',(-1.933471552788E-1,1.729396857184E0,4.2E0));
#1124=LINE('',#1123,#1122);
#1125=DIRECTION('',(1.E0,0.E0,0.E0));
#1126=VECTOR('',#1125,2.556652844721E0);
#1127=CARTESIAN_POINT('',(-2.75E0,1.801652844721E0,4.2E0));
#1128=LINE('',#1127,#1126);
#1129=DIRECTION('',(0.E0,-1.E0,0.E0));
#1130=VECTOR('',#1129,2.871204559840E0);
#1131=CARTESIAN_POINT('',(-2.75E0,4.672857404561E0,4.2E0));
#1132=LINE('',#1131,#1130);
#1133=DIRECTION('',(-9.999997730778E-1,-6.716241359121E-4,-5.258676648464E-5));
#1134=VECTOR('',#1133,1.595085200405E0);
#1135=CARTESIAN_POINT('',(-1.154915161555E0,4.673928702281E0,4.200083880373E0));
#1136=LINE('',#1135,#1134);
#1137=DIRECTION('',(0.E0,0.E0,1.E0));
#1138=VECTOR('',#1137,1.35E0);
#1139=CARTESIAN_POINT('',(9.55E-1,4.475E0,2.85E0));
#1140=LINE('',#1139,#1138);
#1141=DIRECTION('',(0.E0,0.E0,-1.E0));
#1142=VECTOR('',#1141,1.35E0);
#1143=CARTESIAN_POINT('',(-9.55E-1,4.475E0,4.2E0));
#1144=LINE('',#1143,#1142);
#1145=CARTESIAN_POINT('',(9.55E-1,4.675E0,2.85E0));
#1146=DIRECTION('',(0.E0,0.E0,1.E0));
#1147=DIRECTION('',(0.E0,-1.E0,0.E0));
#1148=AXIS2_PLACEMENT_3D('',#1145,#1146,#1147);
#1150=CARTESIAN_POINT('',(1.154915161555E0,4.673928702281E0,4.200083880373E0));
#1151=CARTESIAN_POINT('',(1.154915161555E0,4.653390573402E0,4.200083880373E0));
#1152=CARTESIAN_POINT('',(1.148411730914E0,4.612480976659E0,4.199961069875E0));
#1153=CARTESIAN_POINT('',(1.119454019023E0,4.555410328340E0,4.200010434879E0));
#1154=CARTESIAN_POINT('',(1.074592586246E0,4.510535407230E0,4.199997190610E0));
#1155=CARTESIAN_POINT('',(1.017517938746E0,4.481627649490E0,4.200000802683E0));
#1156=CARTESIAN_POINT('',(9.766100142631E-1,4.475E0,4.2E0));
#1157=CARTESIAN_POINT('',(9.55E-1,4.475E0,4.2E0));
#1159=CARTESIAN_POINT('',(-3.15E0,5.235E0,2.85E0));
#1160=DIRECTION('',(0.E0,0.E0,-1.E0));
#1161=DIRECTION('',(-1.E0,0.E0,0.E0));
#1162=AXIS2_PLACEMENT_3D('',#1159,#1160,#1161);
#1164=CARTESIAN_POINT('',(3.15E0,5.235E0,2.85E0));
#1165=DIRECTION('',(0.E0,0.E0,-1.E0));
#1166=DIRECTION('',(0.E0,1.E0,0.E0));
#1167=AXIS2_PLACEMENT_3D('',#1164,#1165,#1166);
#1169=DIRECTION('',(0.E0,-1.E0,0.E0));
#1170=VECTOR('',#1169,1.31E0);
#1171=CARTESIAN_POINT('',(1.155E0,5.985E0,2.85E0));
#1172=LINE('',#1171,#1170);
#1173=DIRECTION('',(-1.E0,0.E0,0.E0));
#1174=VECTOR('',#1173,1.91E0);
#1175=CARTESIAN_POINT('',(9.55E-1,4.475E0,2.85E0));
#1176=LINE('',#1175,#1174);
#1177=DIRECTION('',(0.E0,-1.E0,0.E0));
#1178=VECTOR('',#1177,1.31E0);
#1179=CARTESIAN_POINT('',(-1.155E0,5.985E0,2.85E0));
#1180=LINE('',#1179,#1178);
#1181=DIRECTION('',(0.E0,0.E0,-1.E0));
#1182=VECTOR('',#1181,7.4E0);
#1183=CARTESIAN_POINT('',(-3.15E0,5.985E0,1.025E1));
#1184=LINE('',#1183,#1182);
#1185=DIRECTION('',(1.E0,0.E0,0.E0));
#1186=VECTOR('',#1185,1.995E0);
#1187=CARTESIAN_POINT('',(-3.15E0,5.985E0,2.85E0));
#1188=LINE('',#1187,#1186);
#1189=DIRECTION('',(0.E0,0.E0,1.E0));
#1190=VECTOR('',#1189,6.25E0);
#1191=CARTESIAN_POINT('',(-1.155E0,5.985E0,2.85E0));
#1192=LINE('',#1191,#1190);
#1193=DIRECTION('',(1.E0,0.E0,0.E0));
#1194=VECTOR('',#1193,2.31E0);
#1195=CARTESIAN_POINT('',(-1.155E0,5.985E0,9.1E0));
#1196=LINE('',#1195,#1194);
#1197=DIRECTION('',(0.E0,0.E0,1.E0));
#1198=VECTOR('',#1197,6.25E0);
#1199=CARTESIAN_POINT('',(1.155E0,5.985E0,2.85E0));
#1200=LINE('',#1199,#1198);
#1201=DIRECTION('',(1.E0,0.E0,0.E0));
#1202=VECTOR('',#1201,1.995E0);
#1203=CARTESIAN_POINT('',(1.155E0,5.985E0,2.85E0));
#1204=LINE('',#1203,#1202);
#1205=DIRECTION('',(0.E0,0.E0,1.E0));
#1206=VECTOR('',#1205,7.4E0);
#1207=CARTESIAN_POINT('',(3.15E0,5.985E0,2.85E0));
#1208=LINE('',#1207,#1206);
#1209=DIRECTION('',(-6.283936814011E-5,7.935043115577E-4,-9.999996832010E-1));
#1210=VECTOR('',#1209,1.350084308078E0);
#1211=CARTESIAN_POINT('',(-1.154915161555E0,4.673928702281E0,4.200083880373E0));
#1212=LINE('',#1211,#1210);
#1213=CARTESIAN_POINT('',(-9.55E-1,4.475E0,4.2E0));
#1214=CARTESIAN_POINT('',(-9.766100142631E-1,4.475E0,4.2E0));
#1215=CARTESIAN_POINT('',(-1.017517938746E0,4.481627649490E0,4.200000802683E0));
#1216=CARTESIAN_POINT('',(-1.074592586246E0,4.510535407230E0,4.199997190610E0));
#1217=CARTESIAN_POINT('',(-1.119454019023E0,4.555410328340E0,4.200010434879E0));
#1218=CARTESIAN_POINT('',(-1.148411730914E0,4.612480976659E0,4.199961069875E0));
#1219=CARTESIAN_POINT('',(-1.154915161555E0,4.653390573402E0,4.200083880373E0));
#1220=CARTESIAN_POINT('',(-1.154915161555E0,4.673928702281E0,4.200083880373E0));
#1222=CARTESIAN_POINT('',(-9.55E-1,4.675E0,2.85E0));
#1223=DIRECTION('',(0.E0,0.E0,1.E0));
#1224=DIRECTION('',(-1.E0,0.E0,0.E0));
#1225=AXIS2_PLACEMENT_3D('',#1222,#1223,#1224);
#1227=DIRECTION('',(0.E0,-1.E0,0.E0));
#1228=VECTOR('',#1227,1.030073324667E0);
#1229=CARTESIAN_POINT('',(-1.155E0,5.985E0,9.1E0));
#1230=LINE('',#1229,#1228);
#1231=DIRECTION('',(-6.283936814027E-5,-7.935043115583E-4,9.999996832010E-1));
#1232=VECTOR('',#1231,1.350084308078E0);
#1233=CARTESIAN_POINT('',(1.155E0,4.675E0,2.85E0));
#1234=LINE('',#1233,#1232);
#1235=DIRECTION('',(0.E0,-1.E0,0.E0));
#1236=VECTOR('',#1235,1.030073324667E0);
#1237=CARTESIAN_POINT('',(1.155E0,5.985E0,9.1E0));
#1238=LINE('',#1237,#1236);
#1239=CARTESIAN_POINT('',(1.154915161555E0,4.673928702281E0,4.200083880373E0));
#1240=CARTESIAN_POINT('',(1.154915161555E0,4.694212685088E0,4.200083880373E0));
#1241=CARTESIAN_POINT('',(1.155039374781E0,4.734688353732E0,4.206441140044E0));
#1242=CARTESIAN_POINT('',(1.154989445935E0,4.791250527628E0,4.234774917998E0));
#1243=CARTESIAN_POINT('',(1.155002841479E0,4.836001527312E0,4.278738274710E0));
#1244=CARTESIAN_POINT('',(1.154999188149E0,4.865268760720E0,4.334802133205E0));
#1245=CARTESIAN_POINT('',(1.155E0,4.872454233117E0,4.375156949865E0));
#1246=CARTESIAN_POINT('',(1.155E0,4.872826943592E0,4.396509518713E0));
#1248=CARTESIAN_POINT('',(2.75E0,4.672857404561E0,4.4E0));
#1249=DIRECTION('',(-1.E0,0.E0,0.E0));
#1250=DIRECTION('',(0.E0,9.998476951564E-1,-1.745240643729E-2));
#1251=AXIS2_PLACEMENT_3D('',#1248,#1249,#1250);
#1253=CARTESIAN_POINT('',(2.75E0,4.672857404561E0,4.4E0));
#1254=DIRECTION('',(0.E0,1.745240643728E-2,9.998476951564E-1));
#1255=DIRECTION('',(1.E0,0.E0,0.E0));
#1256=AXIS2_PLACEMENT_3D('',#1253,#1254,#1255);
#1258=CARTESIAN_POINT('',(2.75E0,4.672857404561E0,4.4E0));
#1259=DIRECTION('',(0.E0,-1.E0,0.E0));
#1260=DIRECTION('',(0.E0,0.E0,-1.E0));
#1261=AXIS2_PLACEMENT_3D('',#1258,#1259,#1260);
#1263=CARTESIAN_POINT('',(2.75E0,4.975E0,1.025E1));
#1264=CARTESIAN_POINT('',(2.785210032341E0,4.975E0,1.025E1));
#1265=CARTESIAN_POINT('',(2.838181160651E0,4.959185893090E0,1.024262576084E1));
#1266=CARTESIAN_POINT('',(2.896711660755E0,4.916499161635E0,1.022272061106E1));
#1267=CARTESIAN_POINT('',(2.936638088712E0,4.856951414723E0,1.019495304065E1));
#1268=CARTESIAN_POINT('',(2.95E0,4.805239165988E0,1.017083922305E1));
#1269=CARTESIAN_POINT('',(2.95E0,4.773328039495E0,1.015595882038E1));
#1271=DIRECTION('',(0.E0,1.745240643728E-2,9.998476951564E-1));
#1272=VECTOR('',#1271,5.756835614329E0);
#1273=CARTESIAN_POINT('',(2.95E0,4.672857404561E0,4.4E0));
#1274=LINE('',#1273,#1272);
#1275=DIRECTION('',(0.E0,8.726535498374E-3,9.999619230642E-1));
#1276=VECTOR('',#1275,3.700140890027E0);
#1277=CARTESIAN_POINT('',(2.95E0,1.803398218279E0,4.4E0));
#1278=LINE('',#1277,#1276);
#1279=DIRECTION('',(0.E0,1.E0,0.E0));
#1280=VECTOR('',#1279,2.869459186282E0);
#1281=CARTESIAN_POINT('',(2.95E0,1.803398218279E0,4.4E0));
#1282=LINE('',#1281,#1280);
#1283=DIRECTION('',(1.E0,0.E0,0.E0));
#1284=VECTOR('',#1283,1.15E0);
#1285=CARTESIAN_POINT('',(-3.9E0,4.975E0,1.025E1));
#1286=LINE('',#1285,#1284);
#1287=DIRECTION('',(0.E0,-9.063077870366E-1,-4.226182617407E-1));
#1288=VECTOR('',#1287,1.720869215374E0);
#1289=CARTESIAN_POINT('',(-2.95E0,4.773328039495E0,1.015595882038E1));
#1290=LINE('',#1289,#1288);
#1291=DIRECTION('',(0.E0,-9.063077870367E-1,-4.226182617407E-1));
#1292=VECTOR('',#1291,1.720869215374E0);
#1293=CARTESIAN_POINT('',(2.95E0,4.773328039495E0,1.015595882038E1));
#1294=LINE('',#1293,#1292);
#1295=DIRECTION('',(1.E0,0.E0,0.E0));
#1296=VECTOR('',#1295,1.15E0);
#1297=CARTESIAN_POINT('',(2.75E0,4.975E0,1.025E1));
#1298=LINE('',#1297,#1296);
#1299=CARTESIAN_POINT('',(-3.15E0,5.235E0,1.025E1));
#1300=DIRECTION('',(0.E0,0.E0,1.E0));
#1301=DIRECTION('',(0.E0,1.E0,0.E0));
#1302=AXIS2_PLACEMENT_3D('',#1299,#1300,#1301);
#1304=DIRECTION('',(1.E0,0.E0,0.E0));
#1305=VECTOR('',#1304,6.3E0);
#1306=CARTESIAN_POINT('',(-3.15E0,5.985E0,1.025E1));
#1307=LINE('',#1306,#1305);
#1308=CARTESIAN_POINT('',(3.15E0,5.235E0,1.025E1));
#1309=DIRECTION('',(0.E0,0.E0,1.E0));
#1310=DIRECTION('',(1.E0,0.E0,0.E0));
#1311=AXIS2_PLACEMENT_3D('',#1308,#1309,#1310);
#1313=DIRECTION('',(1.E0,0.E0,0.E0));
#1314=VECTOR('',#1313,5.5E0);
#1315=CARTESIAN_POINT('',(-2.75E0,4.975E0,1.025E1));
#1316=LINE('',#1315,#1314);
#1317=DIRECTION('',(0.E0,0.E0,1.E0));
#1318=VECTOR('',#1317,7.4E0);
#1319=CARTESIAN_POINT('',(3.9E0,5.235E0,2.85E0));
#1320=LINE('',#1319,#1318);
#1321=DIRECTION('',(0.E0,1.E0,0.E0));
#1322=VECTOR('',#1321,2.56E0);
#1323=CARTESIAN_POINT('',(3.9E0,2.675E0,2.85E0));
#1324=LINE('',#1323,#1322);
#1325=DIRECTION('',(0.E0,-1.E0,0.E0));
#1326=VECTOR('',#1325,1.2E-1);
#1327=CARTESIAN_POINT('',(3.9E0,2.795E0,8.1E0));
#1328=LINE('',#1327,#1326);
#1329=CARTESIAN_POINT('',(3.9E0,2.795E0,8.23E0));
#1330=DIRECTION('',(-1.E0,0.E0,0.E0));
#1331=DIRECTION('',(0.E0,1.E0,0.E0));
#1332=AXIS2_PLACEMENT_3D('',#1329,#1330,#1331);
#1334=DIRECTION('',(0.E0,0.E0,-1.E0));
#1335=VECTOR('',#1334,7.455341703785E-1);
#1336=CARTESIAN_POINT('',(3.9E0,2.925E0,8.975534170379E0));
#1337=LINE('',#1336,#1335);
#1338=CARTESIAN_POINT('',(3.9E0,3.425E0,8.975534170379E0));
#1339=DIRECTION('',(1.E0,0.E0,0.E0));
#1340=DIRECTION('',(0.E0,-4.226182617407E-1,9.063077870366E-1));
#1341=AXIS2_PLACEMENT_3D('',#1338,#1339,#1340);
#1343=DIRECTION('',(0.E0,-9.063077870366E-1,-4.226182617407E-1));
#1344=VECTOR('',#1343,1.943389603469E0);
#1345=CARTESIAN_POINT('',(3.9E0,4.975E0,1.025E1));
#1346=LINE('',#1345,#1344);
#1347=DIRECTION('',(0.E0,-1.E0,0.E0));
#1348=VECTOR('',#1347,2.6E-1);
#1349=CARTESIAN_POINT('',(3.9E0,5.235E0,1.025E1));
#1350=LINE('',#1349,#1348);
#1351=DIRECTION('',(0.E0,0.E0,1.E0));
#1352=VECTOR('',#1351,1.12E1);
#1353=CARTESIAN_POINT('',(-4.95E0,2.675E0,-3.1E0));
#1354=LINE('',#1353,#1352);
#1355=DIRECTION('',(-1.E0,0.E0,0.E0));
#1356=VECTOR('',#1355,9.9E0);
#1357=CARTESIAN_POINT('',(4.95E0,2.675E0,-3.1E0));
#1358=LINE('',#1357,#1356);
#1359=DIRECTION('',(0.E0,0.E0,-1.E0));
#1360=VECTOR('',#1359,1.12E1);
#1361=CARTESIAN_POINT('',(4.95E0,2.675E0,8.1E0));
#1362=LINE('',#1361,#1360);
#1363=DIRECTION('',(1.E0,0.E0,0.E0));
#1364=VECTOR('',#1363,1.05E0);
#1365=CARTESIAN_POINT('',(3.9E0,2.675E0,8.1E0));
#1366=LINE('',#1365,#1364);
#1367=DIRECTION('',(0.E0,0.E0,-1.E0));
#1368=VECTOR('',#1367,5.25E0);
#1369=CARTESIAN_POINT('',(3.9E0,2.675E0,8.1E0));
#1370=LINE('',#1369,#1368);
#1371=DIRECTION('',(1.E0,0.E0,0.E0));
#1372=VECTOR('',#1371,7.8E0);
#1373=CARTESIAN_POINT('',(-3.9E0,2.675E0,2.85E0));
#1374=LINE('',#1373,#1372);
#1375=DIRECTION('',(0.E0,0.E0,-1.E0));
#1376=VECTOR('',#1375,5.25E0);
#1377=CARTESIAN_POINT('',(-3.9E0,2.675E0,8.1E0));
#1378=LINE('',#1377,#1376);
#1379=DIRECTION('',(1.E0,0.E0,0.E0));
#1380=VECTOR('',#1379,1.05E0);
#1381=CARTESIAN_POINT('',(-4.95E0,2.675E0,8.1E0));
#1382=LINE('',#1381,#1380);
#1383=DIRECTION('',(0.E0,0.E0,-1.E0));
#1384=VECTOR('',#1383,7.4E0);
#1385=CARTESIAN_POINT('',(-3.9E0,5.235E0,1.025E1));
#1386=LINE('',#1385,#1384);
#1387=DIRECTION('',(0.E0,-1.E0,0.E0));
#1388=VECTOR('',#1387,2.6E-1);
#1389=CARTESIAN_POINT('',(-3.9E0,5.235E0,1.025E1));
#1390=LINE('',#1389,#1388);
#1391=DIRECTION('',(0.E0,-9.063077870366E-1,-4.226182617407E-1));
#1392=VECTOR('',#1391,1.943389603469E0);
#1393=CARTESIAN_POINT('',(-3.9E0,4.975E0,1.025E1));
#1394=LINE('',#1393,#1392);
#1395=CARTESIAN_POINT('',(-3.9E0,3.425E0,8.975534170379E0));
#1396=DIRECTION('',(1.E0,0.E0,0.E0));
#1397=DIRECTION('',(0.E0,-4.226182617407E-1,9.063077870366E-1));
#1398=AXIS2_PLACEMENT_3D('',#1395,#1396,#1397);
#1400=DIRECTION('',(0.E0,0.E0,-1.E0));
#1401=VECTOR('',#1400,7.455341703785E-1);
#1402=CARTESIAN_POINT('',(-3.9E0,2.925E0,8.975534170379E0));
#1403=LINE('',#1402,#1401);
#1404=CARTESIAN_POINT('',(-3.9E0,2.795E0,8.23E0));
#1405=DIRECTION('',(-1.E0,0.E0,0.E0));
#1406=DIRECTION('',(0.E0,1.E0,0.E0));
#1407=AXIS2_PLACEMENT_3D('',#1404,#1405,#1406);
#1409=DIRECTION('',(0.E0,-1.E0,0.E0));
#1410=VECTOR('',#1409,1.2E-1);
#1411=CARTESIAN_POINT('',(-3.9E0,2.795E0,8.1E0));
#1412=LINE('',#1411,#1410);
#1413=DIRECTION('',(0.E0,1.E0,0.E0));
#1414=VECTOR('',#1413,2.56E0);
#1415=CARTESIAN_POINT('',(-3.9E0,2.675E0,2.85E0));
#1416=LINE('',#1415,#1414);
#1417=CARTESIAN_POINT('',(-2.95E0,3.425E0,8.975534170379E0));
#1418=DIRECTION('',(1.E0,0.E0,0.E0));
#1419=DIRECTION('',(0.E0,-4.226182617407E-1,9.063077870366E-1));
#1420=AXIS2_PLACEMENT_3D('',#1417,#1418,#1419);
#1422=DIRECTION('',(1.E0,0.E0,0.E0));
#1423=VECTOR('',#1422,9.5E-1);
#1424=CARTESIAN_POINT('',(-3.9E0,3.213690869130E0,9.428688063897E0));
#1425=LINE('',#1424,#1423);
#1426=CARTESIAN_POINT('',(2.95E0,3.425E0,8.975534170379E0));
#1427=DIRECTION('',(1.E0,0.E0,0.E0));
#1428=DIRECTION('',(0.E0,-4.226182617407E-1,9.063077870366E-1));
#1429=AXIS2_PLACEMENT_3D('',#1426,#1427,#1428);
#1431=DIRECTION('',(1.E0,0.E0,0.E0));
#1432=VECTOR('',#1431,9.5E-1);
#1433=CARTESIAN_POINT('',(2.95E0,3.213690869130E0,9.428688063897E0));
#1434=LINE('',#1433,#1432);
#1435=DIRECTION('',(0.E0,0.E0,-1.E0));
#1436=VECTOR('',#1435,7.455341703785E-1);
#1437=CARTESIAN_POINT('',(-2.95E0,2.925E0,8.975534170379E0));
#1438=LINE('',#1437,#1436);
#1439=DIRECTION('',(1.E0,0.E0,0.E0));
#1440=VECTOR('',#1439,9.5E-1);
#1441=CARTESIAN_POINT('',(-3.9E0,2.925E0,8.975534170379E0));
#1442=LINE('',#1441,#1440);
#1443=DIRECTION('',(0.E0,0.E0,-1.E0));
#1444=VECTOR('',#1443,7.455341703785E-1);
#1445=CARTESIAN_POINT('',(2.95E0,2.925E0,8.975534170379E0));
#1446=LINE('',#1445,#1444);
#1447=DIRECTION('',(1.E0,0.E0,0.E0));
#1448=VECTOR('',#1447,9.5E-1);
#1449=CARTESIAN_POINT('',(2.95E0,2.925E0,8.975534170379E0));
#1450=LINE('',#1449,#1448);
#1451=CARTESIAN_POINT('',(-2.95E0,2.795E0,8.23E0));
#1452=DIRECTION('',(1.E0,0.E0,0.E0));
#1453=DIRECTION('',(0.E0,0.E0,-1.E0));
#1454=AXIS2_PLACEMENT_3D('',#1451,#1452,#1453);
#1456=DIRECTION('',(1.E0,0.E0,0.E0));
#1457=VECTOR('',#1456,9.5E-1);
#1458=CARTESIAN_POINT('',(-3.9E0,2.925E0,8.23E0));
#1459=LINE('',#1458,#1457);
#1460=CARTESIAN_POINT('',(2.95E0,2.795E0,8.23E0));
#1461=DIRECTION('',(1.E0,0.E0,0.E0));
#1462=DIRECTION('',(0.E0,0.E0,-1.E0));
#1463=AXIS2_PLACEMENT_3D('',#1460,#1461,#1462);
#1465=DIRECTION('',(1.E0,0.E0,0.E0));
#1466=VECTOR('',#1465,9.5E-1);
#1467=CARTESIAN_POINT('',(2.95E0,2.925E0,8.23E0));
#1468=LINE('',#1467,#1466);
#1469=DIRECTION('',(8.726203243944E-3,-8.726203243944E-3,-9.999238504776E-1));
#1470=VECTOR('',#1469,4.200319852351E0);
#1471=CARTESIAN_POINT('',(1.933471552788E-1,1.801652844721E0,4.2E0));
#1472=LINE('',#1471,#1470);
#1473=CARTESIAN_POINT('',(2.95E0,1.803398218279E0,4.4E0));
#1474=CARTESIAN_POINT('',(2.95E0,1.803107328225E0,4.366667301282E0));
#1475=CARTESIAN_POINT('',(2.935531533811E0,1.802651807699E0,4.314469819121E0));
#1476=CARTESIAN_POINT('',(2.894367319212E0,1.802138358514E0,4.255634370159E0));
#1477=CARTESIAN_POINT('',(2.835532058436E0,1.801779116341E0,4.214469294515E0));
#1478=CARTESIAN_POINT('',(2.783333967973E0,1.801652844721E0,4.2E0));
#1479=CARTESIAN_POINT('',(2.75E0,1.801652844721E0,4.2E0));
#1481=DIRECTION('',(-8.726203243944E-3,-8.726203243944E-3,-9.999238504776E-1));
#1482=VECTOR('',#1481,8.100616858105E0);
#1483=CARTESIAN_POINT('',(3.340687629105E0,1.835687629105E0,8.1E0));
#1484=LINE('',#1483,#1482);
#1485=DIRECTION('',(-8.726203243944E-3,8.726203243944E-3,-9.999238504776E-1));
#1486=VECTOR('',#1485,8.100616858105E0);
#1487=CARTESIAN_POINT('',(3.340687629105E0,-1.345687629105E0,8.1E0));
#1488=LINE('',#1487,#1486);
#1489=DIRECTION('',(8.726203243944E-3,8.726203243944E-3,-9.999238504776E-1));
#1490=VECTOR('',#1489,8.100616858105E0);
#1491=CARTESIAN_POINT('',(1.593123708949E-1,-1.345687629105E0,8.1E0));
#1492=LINE('',#1491,#1490);
#1493=DIRECTION('',(-8.726535498374E-3,0.E0,9.999619230642E-1));
#1494=VECTOR('',#1493,3.900148505704E0);
#1495=CARTESIAN_POINT('',(1.933471552788E-1,1.729396857184E0,4.2E0));
#1496=LINE('',#1495,#1494);
#1497=DIRECTION('',(-8.726535498374E-3,0.E0,-9.999619230642E-1));
#1498=VECTOR('',#1497,3.900148505704E0);
#1499=CARTESIAN_POINT('',(-1.593123708949E-1,1.729396857184E0,8.1E0));
#1500=LINE('',#1499,#1498);
#1501=DIRECTION('',(-8.726203243944E-3,-8.726203243944E-3,-9.999238504776E-1));
#1502=VECTOR('',#1501,4.200319852351E0);
#1503=CARTESIAN_POINT('',(-1.933471552788E-1,1.801652844721E0,4.2E0));
#1504=LINE('',#1503,#1502);
#1505=DIRECTION('',(0.E0,1.E0,0.E0));
#1506=VECTOR('',#1505,3.04E0);
#1507=CARTESIAN_POINT('',(2.3E-1,-1.275E0,0.E0));
#1508=LINE('',#1507,#1506);
#1509=DIRECTION('',(1.E0,0.E0,0.E0));
#1510=VECTOR('',#1509,3.04E0);
#1511=CARTESIAN_POINT('',(2.3E-1,1.765E0,0.E0));
#1512=LINE('',#1511,#1510);
#1513=DIRECTION('',(0.E0,-1.E0,0.E0));
#1514=VECTOR('',#1513,3.04E0);
#1515=CARTESIAN_POINT('',(3.27E0,1.765E0,0.E0));
#1516=LINE('',#1515,#1514);
#1517=DIRECTION('',(-1.E0,0.E0,0.E0));
#1518=VECTOR('',#1517,3.04E0);
#1519=CARTESIAN_POINT('',(3.27E0,-1.275E0,0.E0));
#1520=LINE('',#1519,#1518);
#1521=DIRECTION('',(0.E0,1.E0,0.E0));
#1522=VECTOR('',#1521,6.35E-1);
#1523=CARTESIAN_POINT('',(1.4325E0,-7.25E-2,0.E0));
#1524=LINE('',#1523,#1522);
#1525=DIRECTION('',(1.E0,0.E0,0.E0));
#1526=VECTOR('',#1525,6.35E-1);
#1527=CARTESIAN_POINT('',(1.4325E0,-7.25E-2,0.E0));
#1528=LINE('',#1527,#1526);
#1529=DIRECTION('',(0.E0,1.E0,0.E0));
#1530=VECTOR('',#1529,6.35E-1);
#1531=CARTESIAN_POINT('',(2.0675E0,-7.25E-2,0.E0));
#1532=LINE('',#1531,#1530);
#1533=DIRECTION('',(1.E0,0.E0,0.E0));
#1534=VECTOR('',#1533,6.35E-1);
#1535=CARTESIAN_POINT('',(1.4325E0,5.625E-1,0.E0));
#1536=LINE('',#1535,#1534);
#1537=DIRECTION('',(0.E0,1.E0,0.E0));
#1538=VECTOR('',#1537,6.35E-1);
#1539=CARTESIAN_POINT('',(1.4325E0,-7.25E-2,5.6E0));
#1540=LINE('',#1539,#1538);
#1541=DIRECTION('',(0.E0,0.E0,-1.E0));
#1542=VECTOR('',#1541,5.6E0);
#1543=CARTESIAN_POINT('',(1.4325E0,-7.25E-2,5.6E0));
#1544=LINE('',#1543,#1542);
#1545=DIRECTION('',(0.E0,0.E0,1.E0));
#1546=VECTOR('',#1545,5.6E0);
#1547=CARTESIAN_POINT('',(1.4325E0,5.625E-1,0.E0));
#1548=LINE('',#1547,#1546);
#1549=DIRECTION('',(0.E0,0.E0,1.E0));
#1550=VECTOR('',#1549,6.35E-1);
#1551=CARTESIAN_POINT('',(1.4325E0,-5.375E0,-5.3775E0));
#1552=LINE('',#1551,#1550);
#1553=DIRECTION('',(0.E0,1.E0,0.E0));
#1554=VECTOR('',#1553,4.8025E0);
#1555=CARTESIAN_POINT('',(1.4325E0,-5.375E0,-5.3775E0));
#1556=LINE('',#1555,#1554);
#1557=CARTESIAN_POINT('',(1.4325E0,-5.725E-1,-4.2425E0));
#1558=DIRECTION('',(1.E0,0.E0,0.E0));
#1559=DIRECTION('',(0.E0,0.E0,-1.E0));
#1560=AXIS2_PLACEMENT_3D('',#1557,#1558,#1559);
#1562=DIRECTION('',(0.E0,0.E0,1.E0));
#1563=VECTOR('',#1562,1.1425E0);
#1564=CARTESIAN_POINT('',(1.4325E0,5.625E-1,-4.2425E0));
#1565=LINE('',#1564,#1563);
#1566=DIRECTION('',(0.E0,0.E0,-1.E0));
#1567=VECTOR('',#1566,1.1425E0);
#1568=CARTESIAN_POINT('',(1.4325E0,-7.25E-2,-3.1E0));
#1569=LINE('',#1568,#1567);
#1570=CARTESIAN_POINT('',(1.4325E0,-5.725E-1,-4.2425E0));
#1571=DIRECTION('',(-1.E0,0.E0,0.E0));
#1572=DIRECTION('',(0.E0,1.E0,0.E0));
#1573=AXIS2_PLACEMENT_3D('',#1570,#1571,#1572);
#1575=DIRECTION('',(0.E0,-1.E0,0.E0));
#1576=VECTOR('',#1575,4.8025E0);
#1577=CARTESIAN_POINT('',(1.4325E0,-5.725E-1,-4.7425E0));
#1578=LINE('',#1577,#1576);
#1579=DIRECTION('',(-1.E0,0.E0,0.E0));
#1580=VECTOR('',#1579,2.35E-1);
#1581=CARTESIAN_POINT('',(1.8675E0,3.625E-1,6.4E0));
#1582=LINE('',#1581,#1580);
#1583=DIRECTION('',(0.E0,-1.E0,0.E0));
#1584=VECTOR('',#1583,2.35E-1);
#1585=CARTESIAN_POINT('',(1.8675E0,3.625E-1,6.4E0));
#1586=LINE('',#1585,#1584);
#1587=DIRECTION('',(-1.E0,0.E0,0.E0));
#1588=VECTOR('',#1587,2.35E-1);
#1589=CARTESIAN_POINT('',(1.8675E0,1.275E-1,6.4E0));
#1590=LINE('',#1589,#1588);
#1591=DIRECTION('',(0.E0,1.E0,0.E0));
#1592=VECTOR('',#1591,2.35E-1);
#1593=CARTESIAN_POINT('',(1.6325E0,1.275E-1,6.4E0));
#1594=LINE('',#1593,#1592);
#1595=DIRECTION('',(2.357022603955E-1,-2.357022603955E-1,9.428090415821E-1));
#1596=VECTOR('',#1595,8.485281374239E-1);
#1597=CARTESIAN_POINT('',(1.4325E0,5.625E-1,5.6E0));
#1598=LINE('',#1597,#1596);
#1599=DIRECTION('',(2.357022603955E-1,2.357022603955E-1,-9.428090415821E-1));
#1600=VECTOR('',#1599,8.485281374239E-1);
#1601=CARTESIAN_POINT('',(1.8675E0,3.625E-1,6.4E0));
#1602=LINE('',#1601,#1600);
#1603=DIRECTION('',(1.E0,0.E0,0.E0));
#1604=VECTOR('',#1603,6.35E-1);
#1605=CARTESIAN_POINT('',(1.4325E0,5.625E-1,-4.2425E0));
#1606=LINE('',#1605,#1604);
#1607=DIRECTION('',(-1.E0,0.E0,0.E0));
#1608=VECTOR('',#1607,6.35E-1);
#1609=CARTESIAN_POINT('',(2.0675E0,5.625E-1,5.6E0));
#1610=LINE('',#1609,#1608);
#1611=DIRECTION('',(1.E0,0.E0,0.E0));
#1612=VECTOR('',#1611,6.35E-1);
#1613=CARTESIAN_POINT('',(1.4325E0,-5.725E-1,-5.3775E0));
#1614=LINE('',#1613,#1612);
#1615=DIRECTION('',(-1.E0,0.E0,0.E0));
#1616=VECTOR('',#1615,6.35E-1);
#1617=CARTESIAN_POINT('',(2.0675E0,-5.375E0,-5.3775E0));
#1618=LINE('',#1617,#1616);
#1619=DIRECTION('',(-2.357022603955E-1,9.428090415821E-1,-2.357022603955E-1));
#1620=VECTOR('',#1619,8.485281374239E-1);
#1621=CARTESIAN_POINT('',(1.6325E0,-6.175E0,-5.1775E0));
#1622=LINE('',#1621,#1620);
#1623=DIRECTION('',(-2.357022603955E-1,-9.428090415821E-1,2.357022603955E-1));
#1624=VECTOR('',#1623,8.485281374239E-1);
#1625=CARTESIAN_POINT('',(2.0675E0,-5.375E0,-5.3775E0));
#1626=LINE('',#1625,#1624);
#1627=DIRECTION('',(-2.357022603955E-1,9.428090415821E-1,2.357022603955E-1));
#1628=VECTOR('',#1627,8.485281374239E-1);
#1629=CARTESIAN_POINT('',(1.6325E0,-6.175E0,-4.9425E0));
#1630=LINE('',#1629,#1628);
#1631=DIRECTION('',(2.357022603955E-1,9.428090415821E-1,2.357022603955E-1));
#1632=VECTOR('',#1631,8.485281374239E-1);
#1633=CARTESIAN_POINT('',(1.8675E0,-6.175E0,-4.9425E0));
#1634=LINE('',#1633,#1632);
#1635=DIRECTION('',(-1.E0,0.E0,0.E0));
#1636=VECTOR('',#1635,6.35E-1);
#1637=CARTESIAN_POINT('',(2.0675E0,-5.375E0,-4.7425E0));
#1638=LINE('',#1637,#1636);
#1639=DIRECTION('',(1.E0,0.E0,0.E0));
#1640=VECTOR('',#1639,6.35E-1);
#1641=CARTESIAN_POINT('',(1.4325E0,-5.725E-1,-4.7425E0));
#1642=LINE('',#1641,#1640);
#1643=DIRECTION('',(1.E0,0.E0,0.E0));
#1644=VECTOR('',#1643,6.35E-1);
#1645=CARTESIAN_POINT('',(1.4325E0,-7.25E-2,-4.2425E0));
#1646=LINE('',#1645,#1644);
#1647=DIRECTION('',(-1.E0,0.E0,0.E0));
#1648=VECTOR('',#1647,6.35E-1);
#1649=CARTESIAN_POINT('',(2.0675E0,-7.25E-2,5.6E0));
#1650=LINE('',#1649,#1648);
#1651=DIRECTION('',(0.E0,-1.E0,0.E0));
#1652=VECTOR('',#1651,6.35E-1);
#1653=CARTESIAN_POINT('',(2.0675E0,5.625E-1,5.6E0));
#1654=LINE('',#1653,#1652);
#1655=DIRECTION('',(0.E0,0.E0,1.E0));
#1656=VECTOR('',#1655,5.6E0);
#1657=CARTESIAN_POINT('',(2.0675E0,5.625E-1,0.E0));
#1658=LINE('',#1657,#1656);
#1659=DIRECTION('',(0.E0,0.E0,-1.E0));
#1660=VECTOR('',#1659,5.6E0);
#1661=CARTESIAN_POINT('',(2.0675E0,-7.25E-2,5.6E0));
#1662=LINE('',#1661,#1660);
#1663=DIRECTION('',(0.E0,0.E0,-1.E0));
#1664=VECTOR('',#1663,6.35E-1);
#1665=CARTESIAN_POINT('',(2.0675E0,-5.375E0,-4.7425E0));
#1666=LINE('',#1665,#1664);
#1667=DIRECTION('',(0.E0,-1.E0,0.E0));
#1668=VECTOR('',#1667,4.8025E0);
#1669=CARTESIAN_POINT('',(2.0675E0,-5.725E-1,-4.7425E0));
#1670=LINE('',#1669,#1668);
#1671=CARTESIAN_POINT('',(2.0675E0,-5.725E-1,-4.2425E0));
#1672=DIRECTION('',(-1.E0,0.E0,0.E0));
#1673=DIRECTION('',(0.E0,1.E0,0.E0));
#1674=AXIS2_PLACEMENT_3D('',#1671,#1672,#1673);
#1676=DIRECTION('',(0.E0,0.E0,-1.E0));
#1677=VECTOR('',#1676,1.1425E0);
#1678=CARTESIAN_POINT('',(2.0675E0,-7.25E-2,-3.1E0));
#1679=LINE('',#1678,#1677);
#1680=DIRECTION('',(0.E0,0.E0,1.E0));
#1681=VECTOR('',#1680,1.1425E0);
#1682=CARTESIAN_POINT('',(2.0675E0,5.625E-1,-4.2425E0));
#1683=LINE('',#1682,#1681);
#1684=CARTESIAN_POINT('',(2.0675E0,-5.725E-1,-4.2425E0));
#1685=DIRECTION('',(1.E0,0.E0,0.E0));
#1686=DIRECTION('',(0.E0,0.E0,-1.E0));
#1687=AXIS2_PLACEMENT_3D('',#1684,#1685,#1686);
#1689=DIRECTION('',(0.E0,1.E0,0.E0));
#1690=VECTOR('',#1689,4.8025E0);
#1691=CARTESIAN_POINT('',(2.0675E0,-5.375E0,-5.3775E0));
#1692=LINE('',#1691,#1690);
#1693=DIRECTION('',(-2.357022603955E-1,-2.357022603955E-1,-9.428090415821E-1));
#1694=VECTOR('',#1693,8.485281374239E-1);
#1695=CARTESIAN_POINT('',(1.6325E0,1.275E-1,6.4E0));
#1696=LINE('',#1695,#1694);
#1697=DIRECTION('',(-2.357022603955E-1,2.357022603955E-1,9.428090415821E-1));
#1698=VECTOR('',#1697,8.485281374239E-1);
#1699=CARTESIAN_POINT('',(2.0675E0,-7.25E-2,5.6E0));
#1700=LINE('',#1699,#1698);
#1701=DIRECTION('',(-1.E0,0.E0,0.E0));
#1702=VECTOR('',#1701,2.35E-1);
#1703=CARTESIAN_POINT('',(1.8675E0,-6.175E0,-5.1775E0));
#1704=LINE('',#1703,#1702);
#1705=DIRECTION('',(0.E0,0.E0,1.E0));
#1706=VECTOR('',#1705,2.35E-1);
#1707=CARTESIAN_POINT('',(1.6325E0,-6.175E0,-5.1775E0));
#1708=LINE('',#1707,#1706);
#1709=DIRECTION('',(-1.E0,0.E0,0.E0));
#1710=VECTOR('',#1709,2.35E-1);
#1711=CARTESIAN_POINT('',(1.8675E0,-6.175E0,-4.9425E0));
#1712=LINE('',#1711,#1710);
#1713=DIRECTION('',(0.E0,0.E0,-1.E0));
#1714=VECTOR('',#1713,2.35E-1);
#1715=CARTESIAN_POINT('',(1.8675E0,-6.175E0,-4.9425E0));
#1716=LINE('',#1715,#1714);
#1717=DIRECTION('',(-1.E0,0.E0,0.E0));
#1718=VECTOR('',#1717,2.35E-1);
#1719=CARTESIAN_POINT('',(-1.6325E0,-6.175E0,-5.1775E0));
#1720=LINE('',#1719,#1718);
#1721=DIRECTION('',(0.E0,0.E0,1.E0));
#1722=VECTOR('',#1721,2.35E-1);
#1723=CARTESIAN_POINT('',(-1.8675E0,-6.175E0,-5.1775E0));
#1724=LINE('',#1723,#1722);
#1725=DIRECTION('',(-1.E0,0.E0,0.E0));
#1726=VECTOR('',#1725,2.35E-1);
#1727=CARTESIAN_POINT('',(-1.6325E0,-6.175E0,-4.9425E0));
#1728=LINE('',#1727,#1726);
#1729=DIRECTION('',(0.E0,0.E0,-1.E0));
#1730=VECTOR('',#1729,2.35E-1);
#1731=CARTESIAN_POINT('',(-1.6325E0,-6.175E0,-4.9425E0));
#1732=LINE('',#1731,#1730);
#1733=DIRECTION('',(0.E0,0.E0,1.E0));
#1734=VECTOR('',#1733,5.77E0);
#1735=CARTESIAN_POINT('',(-4.5E0,-5.E-1,1.63E0));
#1736=LINE('',#1735,#1734);
#1737=DIRECTION('',(-1.E0,0.E0,0.E0));
#1738=VECTOR('',#1737,5.E-1);
#1739=CARTESIAN_POINT('',(-4.E0,-5.E-1,7.4E0));
#1740=LINE('',#1739,#1738);
#1741=DIRECTION('',(1.E0,0.E0,0.E0));
#1742=VECTOR('',#1741,6.5E-1);
#1743=CARTESIAN_POINT('',(-5.15E0,-5.E-1,1.63E0));
#1744=LINE('',#1743,#1742);
#1745=DIRECTION('',(-1.E0,0.E0,0.E0));
#1746=VECTOR('',#1745,5.E-1);
#1747=CARTESIAN_POINT('',(-4.E0,-3.3E-1,7.4E0));
#1748=LINE('',#1747,#1746);
#1749=DIRECTION('',(0.E0,1.E0,0.E0));
#1750=VECTOR('',#1749,1.7E-1);
#1751=CARTESIAN_POINT('',(-4.E0,-5.E-1,7.4E0));
#1752=LINE('',#1751,#1750);
#1753=DIRECTION('',(0.E0,0.E0,1.E0));
#1754=VECTOR('',#1753,4.5E-1);
#1755=CARTESIAN_POINT('',(-4.E0,-3.3E-1,7.4E0));
#1756=LINE('',#1755,#1754);
#1757=DIRECTION('',(0.E0,1.E0,0.E0));
#1758=VECTOR('',#1757,6.6E-1);
#1759=CARTESIAN_POINT('',(-4.E0,-3.3E-1,7.85E0));
#1760=LINE('',#1759,#1758);
#1761=DIRECTION('',(0.E0,0.E0,-1.E0));
#1762=VECTOR('',#1761,4.5E-1);
#1763=CARTESIAN_POINT('',(-4.E0,3.3E-1,7.85E0));
#1764=LINE('',#1763,#1762);
#1765=DIRECTION('',(0.E0,1.E0,0.E0));
#1766=VECTOR('',#1765,1.7E-1);
#1767=CARTESIAN_POINT('',(-4.E0,3.3E-1,7.4E0));
#1768=LINE('',#1767,#1766);
#1769=DIRECTION('',(0.E0,0.E0,-1.E0));
#1770=VECTOR('',#1769,7.E-1);
#1771=CARTESIAN_POINT('',(-4.E0,-5.E-1,8.1E0));
#1772=LINE('',#1771,#1770);
#1773=DIRECTION('',(-1.E0,0.E0,0.E0));
#1774=VECTOR('',#1773,5.E-1);
#1775=CARTESIAN_POINT('',(-4.E0,-3.3E-1,7.85E0));
#1776=LINE('',#1775,#1774);
#1777=DIRECTION('',(-1.E0,0.E0,0.E0));
#1778=VECTOR('',#1777,5.E-1);
#1779=CARTESIAN_POINT('',(-4.E0,3.3E-1,7.85E0));
#1780=LINE('',#1779,#1778);
#1781=DIRECTION('',(-1.E0,0.E0,0.E0));
#1782=VECTOR('',#1781,5.E-1);
#1783=CARTESIAN_POINT('',(-4.E0,3.3E-1,7.4E0));
#1784=LINE('',#1783,#1782);
#1785=DIRECTION('',(0.E0,0.E0,1.E0));
#1786=VECTOR('',#1785,5.77E0);
#1787=CARTESIAN_POINT('',(-4.5E0,5.E-1,1.63E0));
#1788=LINE('',#1787,#1786);
#1789=DIRECTION('',(-1.E0,0.E0,0.E0));
#1790=VECTOR('',#1789,6.5E-1);
#1791=CARTESIAN_POINT('',(-4.5E0,5.E-1,1.63E0));
#1792=LINE('',#1791,#1790);
#1793=DIRECTION('',(0.E0,0.E0,-1.E0));
#1794=VECTOR('',#1793,7.E-1);
#1795=CARTESIAN_POINT('',(-4.E0,5.E-1,8.1E0));
#1796=LINE('',#1795,#1794);
#1797=DIRECTION('',(-1.E0,0.E0,0.E0));
#1798=VECTOR('',#1797,5.E-1);
#1799=CARTESIAN_POINT('',(-4.E0,5.E-1,7.4E0));
#1800=LINE('',#1799,#1798);
#1801=DIRECTION('',(0.E0,0.E0,1.E0));
#1802=VECTOR('',#1801,5.77E0);
#1803=CARTESIAN_POINT('',(4.5E0,5.E-1,1.63E0));
#1804=LINE('',#1803,#1802);
#1805=DIRECTION('',(1.E0,0.E0,0.E0));
#1806=VECTOR('',#1805,5.E-1);
#1807=CARTESIAN_POINT('',(4.E0,5.E-1,7.4E0));
#1808=LINE('',#1807,#1806);
#1809=DIRECTION('',(-1.E0,0.E0,0.E0));
#1810=VECTOR('',#1809,6.5E-1);
#1811=CARTESIAN_POINT('',(5.15E0,5.E-1,1.63E0));
#1812=LINE('',#1811,#1810);
#1813=DIRECTION('',(1.E0,0.E0,0.E0));
#1814=VECTOR('',#1813,5.E-1);
#1815=CARTESIAN_POINT('',(4.E0,3.3E-1,7.4E0));
#1816=LINE('',#1815,#1814);
#1817=DIRECTION('',(1.E0,0.E0,0.E0));
#1818=VECTOR('',#1817,5.E-1);
#1819=CARTESIAN_POINT('',(4.E0,3.3E-1,7.85E0));
#1820=LINE('',#1819,#1818);
#1821=DIRECTION('',(1.E0,0.E0,0.E0));
#1822=VECTOR('',#1821,5.E-1);
#1823=CARTESIAN_POINT('',(4.E0,-3.3E-1,7.85E0));
#1824=LINE('',#1823,#1822);
#1825=DIRECTION('',(1.E0,0.E0,0.E0));
#1826=VECTOR('',#1825,5.E-1);
#1827=CARTESIAN_POINT('',(4.E0,-3.3E-1,7.4E0));
#1828=LINE('',#1827,#1826);
#1829=DIRECTION('',(0.E0,0.E0,1.E0));
#1830=VECTOR('',#1829,5.77E0);
#1831=CARTESIAN_POINT('',(4.5E0,-5.E-1,1.63E0));
#1832=LINE('',#1831,#1830);
#1833=DIRECTION('',(1.E0,0.E0,0.E0));
#1834=VECTOR('',#1833,6.5E-1);
#1835=CARTESIAN_POINT('',(4.5E0,-5.E-1,1.63E0));
#1836=LINE('',#1835,#1834);
#1837=DIRECTION('',(0.E0,0.E0,-1.E0));
#1838=VECTOR('',#1837,7.E-1);
#1839=CARTESIAN_POINT('',(4.E0,-5.E-1,8.1E0));
#1840=LINE('',#1839,#1838);
#1841=DIRECTION('',(1.E0,0.E0,0.E0));
#1842=VECTOR('',#1841,5.E-1);
#1843=CARTESIAN_POINT('',(4.E0,-5.E-1,7.4E0));
#1844=LINE('',#1843,#1842);
#1845=DIRECTION('',(0.E0,1.E0,0.E0));
#1846=VECTOR('',#1845,1.7E-1);
#1847=CARTESIAN_POINT('',(4.E0,-5.E-1,7.4E0));
#1848=LINE('',#1847,#1846);
#1849=DIRECTION('',(0.E0,0.E0,-1.E0));
#1850=VECTOR('',#1849,7.E-1);
#1851=CARTESIAN_POINT('',(4.E0,5.E-1,8.1E0));
#1852=LINE('',#1851,#1850);
#1853=DIRECTION('',(0.E0,1.E0,0.E0));
#1854=VECTOR('',#1853,1.7E-1);
#1855=CARTESIAN_POINT('',(4.E0,3.3E-1,7.4E0));
#1856=LINE('',#1855,#1854);
#1857=DIRECTION('',(0.E0,0.E0,-1.E0));
#1858=VECTOR('',#1857,4.5E-1);
#1859=CARTESIAN_POINT('',(4.E0,3.3E-1,7.85E0));
#1860=LINE('',#1859,#1858);
#1861=DIRECTION('',(0.E0,1.E0,0.E0));
#1862=VECTOR('',#1861,6.6E-1);
#1863=CARTESIAN_POINT('',(4.E0,-3.3E-1,7.85E0));
#1864=LINE('',#1863,#1862);
#1865=DIRECTION('',(0.E0,0.E0,1.E0));
#1866=VECTOR('',#1865,4.5E-1);
#1867=CARTESIAN_POINT('',(4.E0,-3.3E-1,7.4E0));
#1868=LINE('',#1867,#1866);
#1869=DIRECTION('',(0.E0,-1.E0,0.E0));
#1870=VECTOR('',#1869,2.225E0);
#1871=CARTESIAN_POINT('',(4.E0,-2.675E0,2.105E0));
#1872=LINE('',#1871,#1870);
#1873=DIRECTION('',(0.E0,1.E0,0.E0));
#1874=VECTOR('',#1873,2.225E0);
#1875=CARTESIAN_POINT('',(4.E0,-4.9E0,3.605E0));
#1876=LINE('',#1875,#1874);
#1877=DIRECTION('',(0.E0,9.805806756909E-1,1.961161351382E-1));
#1878=VECTOR('',#1877,1.019803902719E0);
#1879=CARTESIAN_POINT('',(4.E0,-5.9E0,3.405E0));
#1880=LINE('',#1879,#1878);
#1881=DIRECTION('',(0.E0,0.E0,1.E0));
#1882=VECTOR('',#1881,1.1E0);
#1883=CARTESIAN_POINT('',(4.E0,-5.9E0,2.305E0));
#1884=LINE('',#1883,#1882);
#1885=DIRECTION('',(0.E0,-9.805806756909E-1,1.961161351382E-1));
#1886=VECTOR('',#1885,1.019803902719E0);
#1887=CARTESIAN_POINT('',(4.E0,-4.9E0,2.105E0));
#1888=LINE('',#1887,#1886);
#1889=DIRECTION('',(0.E0,0.E0,1.E0));
#1890=VECTOR('',#1889,4.725E0);
#1891=CARTESIAN_POINT('',(4.E0,-2.5E0,-3.095E0));
#1892=LINE('',#1891,#1890);
#1893=DIRECTION('',(0.E0,-1.E0,0.E0));
#1894=VECTOR('',#1893,1.5E0);
#1895=CARTESIAN_POINT('',(4.E0,-1.E0,-3.095E0));
#1896=LINE('',#1895,#1894);
#1897=DIRECTION('',(0.E0,0.E0,-1.E0));
#1898=VECTOR('',#1897,7.53E-1);
#1899=CARTESIAN_POINT('',(4.E0,-1.E0,-2.342E0));
#1900=LINE('',#1899,#1898);
#1901=DIRECTION('',(0.E0,-1.E0,0.E0));
#1902=VECTOR('',#1901,2.E0);
#1903=CARTESIAN_POINT('',(4.E0,1.E0,-2.342E0));
#1904=LINE('',#1903,#1902);
#1905=DIRECTION('',(0.E0,0.E0,1.E0));
#1906=VECTOR('',#1905,7.53E-1);
#1907=CARTESIAN_POINT('',(4.E0,1.E0,-3.095E0));
#1908=LINE('',#1907,#1906);
#1909=DIRECTION('',(0.E0,-1.E0,0.E0));
#1910=VECTOR('',#1909,7.742071881607E-1);
#1911=CARTESIAN_POINT('',(4.E0,1.774207188161E0,-3.095E0));
#1912=LINE('',#1911,#1910);
#1913=DIRECTION('',(1.E0,0.E0,0.E0));
#1914=VECTOR('',#1913,5.E-1);
#1915=CARTESIAN_POINT('',(4.E0,-4.9E0,2.105E0));
#1916=LINE('',#1915,#1914);
#1917=DIRECTION('',(1.E0,0.E0,0.E0));
#1918=VECTOR('',#1917,5.E-1);
#1919=CARTESIAN_POINT('',(4.E0,-5.9E0,2.305E0));
#1920=LINE('',#1919,#1918);
#1921=DIRECTION('',(1.E0,0.E0,0.E0));
#1922=VECTOR('',#1921,5.E-1);
#1923=CARTESIAN_POINT('',(4.E0,-5.9E0,3.405E0));
#1924=LINE('',#1923,#1922);
#1925=DIRECTION('',(1.E0,0.E0,0.E0));
#1926=VECTOR('',#1925,5.E-1);
#1927=CARTESIAN_POINT('',(4.E0,-4.9E0,3.605E0));
#1928=LINE('',#1927,#1926);
#1929=DIRECTION('',(1.E0,0.E0,0.E0));
#1930=VECTOR('',#1929,5.E-1);
#1931=CARTESIAN_POINT('',(4.E0,-2.5E0,-3.095E0));
#1932=LINE('',#1931,#1930);
#1933=DIRECTION('',(1.E0,0.E0,0.E0));
#1934=VECTOR('',#1933,5.E-1);
#1935=CARTESIAN_POINT('',(4.E0,-1.E0,-3.095E0));
#1936=LINE('',#1935,#1934);
#1937=DIRECTION('',(1.E0,0.E0,0.E0));
#1938=VECTOR('',#1937,5.E-1);
#1939=CARTESIAN_POINT('',(4.E0,-1.E0,-2.342E0));
#1940=LINE('',#1939,#1938);
#1941=DIRECTION('',(1.E0,0.E0,0.E0));
#1942=VECTOR('',#1941,5.E-1);
#1943=CARTESIAN_POINT('',(4.E0,1.E0,-2.342E0));
#1944=LINE('',#1943,#1942);
#1945=DIRECTION('',(1.E0,0.E0,0.E0));
#1946=VECTOR('',#1945,5.E-1);
#1947=CARTESIAN_POINT('',(4.E0,1.E0,-3.095E0));
#1948=LINE('',#1947,#1946);
#1949=DIRECTION('',(0.E0,-1.E0,0.E0));
#1950=VECTOR('',#1949,3.17E0);
#1951=CARTESIAN_POINT('',(-3.2E-1,-2.675E0,4.232606234616E0));
#1952=LINE('',#1951,#1950);
#1953=DIRECTION('',(0.E0,-1.E0,0.E0));
#1954=VECTOR('',#1953,3.17E0);
#1955=CARTESIAN_POINT('',(-2.357142857143E-1,-2.675E0,4.331363822803E0));
#1956=LINE('',#1955,#1954);
#1957=DIRECTION('',(0.E0,-1.E0,0.E0));
#1958=VECTOR('',#1957,3.17E0);
#1959=CARTESIAN_POINT('',(2.357142857143E-1,-2.675E0,4.331363822803E0));
#1960=LINE('',#1959,#1958);
#1961=DIRECTION('',(0.E0,-1.E0,0.E0));
#1962=VECTOR('',#1961,3.17E0);
#1963=CARTESIAN_POINT('',(3.2E-1,-2.675E0,4.232606234616E0));
#1964=LINE('',#1963,#1962);
#1965=DIRECTION('',(0.E0,-1.E0,0.E0));
#1966=VECTOR('',#1965,3.17E0);
#1967=CARTESIAN_POINT('',(3.2E-1,-2.675E0,4.02E0));
#1968=LINE('',#1967,#1966);
#1969=DIRECTION('',(0.E0,-1.E0,0.E0));
#1970=VECTOR('',#1969,3.17E0);
#1971=CARTESIAN_POINT('',(1.17E0,-2.675E0,3.17E0));
#1972=LINE('',#1971,#1970);
#1973=DIRECTION('',(0.E0,-1.E0,0.E0));
#1974=VECTOR('',#1973,3.17E0);
#1975=CARTESIAN_POINT('',(1.382606234616E0,-2.675E0,3.17E0));
#1976=LINE('',#1975,#1974);
#1977=DIRECTION('',(0.E0,-1.E0,0.E0));
#1978=VECTOR('',#1977,3.17E0);
#1979=CARTESIAN_POINT('',(1.481363822803E0,-2.675E0,3.085714285714E0));
#1980=LINE('',#1979,#1978);
#1981=DIRECTION('',(0.E0,-1.E0,0.E0));
#1982=VECTOR('',#1981,3.17E0);
#1983=CARTESIAN_POINT('',(1.481363822803E0,-2.675E0,2.614285714286E0));
#1984=LINE('',#1983,#1982);
#1985=DIRECTION('',(0.E0,-1.E0,0.E0));
#1986=VECTOR('',#1985,3.17E0);
#1987=CARTESIAN_POINT('',(1.382606234616E0,-2.675E0,2.53E0));
#1988=LINE('',#1987,#1986);
#1989=DIRECTION('',(0.E0,-1.E0,0.E0));
#1990=VECTOR('',#1989,3.17E0);
#1991=CARTESIAN_POINT('',(1.17E0,-2.675E0,2.53E0));
#1992=LINE('',#1991,#1990);
#1993=DIRECTION('',(0.E0,-1.E0,0.E0));
#1994=VECTOR('',#1993,3.17E0);
#1995=CARTESIAN_POINT('',(3.2E-1,-2.675E0,1.68E0));
#1996=LINE('',#1995,#1994);
#1997=DIRECTION('',(0.E0,-1.E0,0.E0));
#1998=VECTOR('',#1997,3.17E0);
#1999=CARTESIAN_POINT('',(3.2E-1,-2.675E0,1.467393765384E0));
#2000=LINE('',#1999,#1998);
#2001=DIRECTION('',(0.E0,-1.E0,0.E0));
#2002=VECTOR('',#2001,3.17E0);
#2003=CARTESIAN_POINT('',(2.357142857143E-1,-2.675E0,1.368636177197E0));
#2004=LINE('',#2003,#2002);
#2005=DIRECTION('',(0.E0,-1.E0,0.E0));
#2006=VECTOR('',#2005,3.17E0);
#2007=CARTESIAN_POINT('',(-2.357142857143E-1,-2.675E0,1.368636177197E0));
#2008=LINE('',#2007,#2006);
#2009=DIRECTION('',(0.E0,-1.E0,0.E0));
#2010=VECTOR('',#2009,3.17E0);
#2011=CARTESIAN_POINT('',(-3.2E-1,-2.675E0,1.467393765384E0));
#2012=LINE('',#2011,#2010);
#2013=DIRECTION('',(0.E0,-1.E0,0.E0));
#2014=VECTOR('',#2013,3.17E0);
#2015=CARTESIAN_POINT('',(-3.2E-1,-2.675E0,1.68E0));
#2016=LINE('',#2015,#2014);
#2017=DIRECTION('',(0.E0,-1.E0,0.E0));
#2018=VECTOR('',#2017,3.17E0);
#2019=CARTESIAN_POINT('',(-1.17E0,-2.675E0,2.53E0));
#2020=LINE('',#2019,#2018);
#2021=DIRECTION('',(0.E0,-1.E0,0.E0));
#2022=VECTOR('',#2021,3.17E0);
#2023=CARTESIAN_POINT('',(-1.382606234616E0,-2.675E0,2.53E0));
#2024=LINE('',#2023,#2022);
#2025=DIRECTION('',(0.E0,-1.E0,0.E0));
#2026=VECTOR('',#2025,3.17E0);
#2027=CARTESIAN_POINT('',(-1.481363822803E0,-2.675E0,2.614285714286E0));
#2028=LINE('',#2027,#2026);
#2029=DIRECTION('',(0.E0,-1.E0,0.E0));
#2030=VECTOR('',#2029,3.17E0);
#2031=CARTESIAN_POINT('',(-1.481363822803E0,-2.675E0,3.085714285714E0));
#2032=LINE('',#2031,#2030);
#2033=DIRECTION('',(0.E0,-1.E0,0.E0));
#2034=VECTOR('',#2033,3.17E0);
#2035=CARTESIAN_POINT('',(-1.382606234616E0,-2.675E0,3.17E0));
#2036=LINE('',#2035,#2034);
#2037=DIRECTION('',(0.E0,-1.E0,0.E0));
#2038=VECTOR('',#2037,3.17E0);
#2039=CARTESIAN_POINT('',(-1.17E0,-2.675E0,3.17E0));
#2040=LINE('',#2039,#2038);
#2041=DIRECTION('',(0.E0,-1.E0,0.E0));
#2042=VECTOR('',#2041,3.17E0);
#2043=CARTESIAN_POINT('',(-3.2E-1,-2.675E0,4.02E0));
#2044=LINE('',#2043,#2042);
#2045=DIRECTION('',(0.E0,0.E0,-1.E0));
#2046=VECTOR('',#2045,2.126062346163E-1);
#2047=CARTESIAN_POINT('',(-3.2E-1,-5.845E0,4.232606234616E0));
#2048=LINE('',#2047,#2046);
#2049=CARTESIAN_POINT('',(-2.2E-1,-5.845E0,4.232606234616E0));
#2050=DIRECTION('',(0.E0,-1.E0,0.E0));
#2051=DIRECTION('',(-1.571428571429E-1,0.E0,9.875758818688E-1));
#2052=AXIS2_PLACEMENT_3D('',#2049,#2050,#2051);
#2054=CARTESIAN_POINT('',(0.E0,-5.845E0,2.85E0));
#2055=DIRECTION('',(0.E0,-1.E0,0.E0));
#2056=DIRECTION('',(1.571428571429E-1,0.E0,9.875758818688E-1));
#2057=AXIS2_PLACEMENT_3D('',#2054,#2055,#2056);
#2059=CARTESIAN_POINT('',(2.2E-1,-5.845E0,4.232606234616E0));
#2060=DIRECTION('',(0.E0,-1.E0,0.E0));
#2061=DIRECTION('',(1.E0,0.E0,0.E0));
#2062=AXIS2_PLACEMENT_3D('',#2059,#2060,#2061);
#2064=DIRECTION('',(0.E0,0.E0,1.E0));
#2065=VECTOR('',#2064,2.126062346163E-1);
#2066=CARTESIAN_POINT('',(3.2E-1,-5.845E0,4.02E0));
#2067=LINE('',#2066,#2065);
#2068=CARTESIAN_POINT('',(1.17E0,-5.845E0,4.02E0));
#2069=DIRECTION('',(0.E0,1.E0,0.E0));
#2070=DIRECTION('',(0.E0,0.E0,-1.E0));
#2071=AXIS2_PLACEMENT_3D('',#2068,#2069,#2070);
#2073=DIRECTION('',(-1.E0,0.E0,0.E0));
#2074=VECTOR('',#2073,2.126062346164E-1);
#2075=CARTESIAN_POINT('',(1.382606234616E0,-5.845E0,3.17E0));
#2076=LINE('',#2075,#2074);
#2077=CARTESIAN_POINT('',(1.382606234616E0,-5.845E0,3.07E0));
#2078=DIRECTION('',(0.E0,-1.E0,0.E0));
#2079=DIRECTION('',(9.875758818688E-1,0.E0,1.571428571429E-1));
#2080=AXIS2_PLACEMENT_3D('',#2077,#2078,#2079);
#2082=CARTESIAN_POINT('',(0.E0,-5.845E0,2.85E0));
#2083=DIRECTION('',(0.E0,-1.E0,0.E0));
#2084=DIRECTION('',(9.875758818688E-1,0.E0,-1.571428571429E-1));
#2085=AXIS2_PLACEMENT_3D('',#2082,#2083,#2084);
#2087=CARTESIAN_POINT('',(1.382606234616E0,-5.845E0,2.63E0));
#2088=DIRECTION('',(0.E0,-1.E0,0.E0));
#2089=DIRECTION('',(0.E0,0.E0,-1.E0));
#2090=AXIS2_PLACEMENT_3D('',#2087,#2088,#2089);
#2092=DIRECTION('',(1.E0,0.E0,0.E0));
#2093=VECTOR('',#2092,2.126062346163E-1);
#2094=CARTESIAN_POINT('',(1.17E0,-5.845E0,2.53E0));
#2095=LINE('',#2094,#2093);
#2096=CARTESIAN_POINT('',(1.17E0,-5.845E0,1.68E0));
#2097=DIRECTION('',(0.E0,1.E0,0.E0));
#2098=DIRECTION('',(-1.E0,0.E0,0.E0));
#2099=AXIS2_PLACEMENT_3D('',#2096,#2097,#2098);
#2101=DIRECTION('',(0.E0,0.E0,1.E0));
#2102=VECTOR('',#2101,2.126062346163E-1);
#2103=CARTESIAN_POINT('',(3.2E-1,-5.845E0,1.467393765384E0));
#2104=LINE('',#2103,#2102);
#2105=CARTESIAN_POINT('',(2.2E-1,-5.845E0,1.467393765384E0));
#2106=DIRECTION('',(0.E0,-1.E0,0.E0));
#2107=DIRECTION('',(1.571428571429E-1,0.E0,-9.875758818688E-1));
#2108=AXIS2_PLACEMENT_3D('',#2105,#2106,#2107);
#2110=CARTESIAN_POINT('',(0.E0,-5.845E0,2.85E0));
#2111=DIRECTION('',(0.E0,-1.E0,0.E0));
#2112=DIRECTION('',(-1.571428571429E-1,0.E0,-9.875758818688E-1));
#2113=AXIS2_PLACEMENT_3D('',#2110,#2111,#2112);
#2115=CARTESIAN_POINT('',(-2.2E-1,-5.845E0,1.467393765384E0));
#2116=DIRECTION('',(0.E0,-1.E0,0.E0));
#2117=DIRECTION('',(-1.E0,0.E0,0.E0));
#2118=AXIS2_PLACEMENT_3D('',#2115,#2116,#2117);
#2120=DIRECTION('',(0.E0,0.E0,-1.E0));
#2121=VECTOR('',#2120,2.126062346163E-1);
#2122=CARTESIAN_POINT('',(-3.2E-1,-5.845E0,1.68E0));
#2123=LINE('',#2122,#2121);
#2124=CARTESIAN_POINT('',(-1.17E0,-5.845E0,1.68E0));
#2125=DIRECTION('',(0.E0,1.E0,0.E0));
#2126=DIRECTION('',(0.E0,0.E0,1.E0));
#2127=AXIS2_PLACEMENT_3D('',#2124,#2125,#2126);
#2129=DIRECTION('',(1.E0,0.E0,0.E0));
#2130=VECTOR('',#2129,2.126062346163E-1);
#2131=CARTESIAN_POINT('',(-1.382606234616E0,-5.845E0,2.53E0));
#2132=LINE('',#2131,#2130);
#2133=CARTESIAN_POINT('',(-1.382606234616E0,-5.845E0,2.63E0));
#2134=DIRECTION('',(0.E0,-1.E0,0.E0));
#2135=DIRECTION('',(-9.875758818688E-1,0.E0,-1.571428571429E-1));
#2136=AXIS2_PLACEMENT_3D('',#2133,#2134,#2135);
#2138=CARTESIAN_POINT('',(0.E0,-5.845E0,2.85E0));
#2139=DIRECTION('',(0.E0,-1.E0,0.E0));
#2140=DIRECTION('',(-9.875758818688E-1,0.E0,1.571428571429E-1));
#2141=AXIS2_PLACEMENT_3D('',#2138,#2139,#2140);
#2143=CARTESIAN_POINT('',(-1.382606234616E0,-5.845E0,3.07E0));
#2144=DIRECTION('',(0.E0,-1.E0,0.E0));
#2145=DIRECTION('',(0.E0,0.E0,1.E0));
#2146=AXIS2_PLACEMENT_3D('',#2143,#2144,#2145);
#2148=DIRECTION('',(-1.E0,0.E0,0.E0));
#2149=VECTOR('',#2148,2.126062346163E-1);
#2150=CARTESIAN_POINT('',(-1.17E0,-5.845E0,3.17E0));
#2151=LINE('',#2150,#2149);
#2152=CARTESIAN_POINT('',(-1.17E0,-5.845E0,4.02E0));
#2153=DIRECTION('',(0.E0,1.E0,0.E0));
#2154=DIRECTION('',(1.E0,0.E0,0.E0));
#2155=AXIS2_PLACEMENT_3D('',#2152,#2153,#2154);
#2157=CARTESIAN_POINT('',(-5.15E0,-2.675E0,8.1E0));
#2158=CARTESIAN_POINT('',(5.15E0,-2.675E0,8.1E0));
#2159=VERTEX_POINT('',#2157);
#2160=VERTEX_POINT('',#2158);
#2161=CARTESIAN_POINT('',(-3.9E0,4.975E0,1.025E1));
#2162=CARTESIAN_POINT('',(-3.9E0,3.213690869130E0,9.428688063897E0));
#2163=VERTEX_POINT('',#2161);
#2164=VERTEX_POINT('',#2162);
#2165=CARTESIAN_POINT('',(-3.9E0,2.925E0,8.975534170379E0));
#2166=VERTEX_POINT('',#2165);
#2167=CARTESIAN_POINT('',(-3.9E0,2.925E0,8.23E0));
#2168=VERTEX_POINT('',#2167);
#2169=CARTESIAN_POINT('',(-3.9E0,2.795E0,8.1E0));
#2170=VERTEX_POINT('',#2169);
#2171=CARTESIAN_POINT('',(3.9E0,4.975E0,1.025E1));
#2172=CARTESIAN_POINT('',(3.9E0,3.213690869130E0,9.428688063897E0));
#2173=VERTEX_POINT('',#2171);
#2174=VERTEX_POINT('',#2172);
#2175=CARTESIAN_POINT('',(3.9E0,2.925E0,8.975534170379E0));
#2176=VERTEX_POINT('',#2175);
#2177=CARTESIAN_POINT('',(3.9E0,2.925E0,8.23E0));
#2178=VERTEX_POINT('',#2177);
#2179=CARTESIAN_POINT('',(3.9E0,2.795E0,8.1E0));
#2180=VERTEX_POINT('',#2179);
#2181=CARTESIAN_POINT('',(-3.9E0,2.675E0,8.1E0));
#2182=CARTESIAN_POINT('',(-3.9E0,2.675E0,2.85E0));
#2183=VERTEX_POINT('',#2181);
#2184=VERTEX_POINT('',#2182);
#2185=CARTESIAN_POINT('',(3.9E0,2.675E0,8.1E0));
#2186=CARTESIAN_POINT('',(3.9E0,2.675E0,2.85E0));
#2187=VERTEX_POINT('',#2185);
#2188=VERTEX_POINT('',#2186);
#2189=CARTESIAN_POINT('',(-2.95E0,3.213690869130E0,9.428688063897E0));
#2190=CARTESIAN_POINT('',(-2.95E0,2.925E0,8.975534170379E0));
#2191=VERTEX_POINT('',#2189);
#2192=VERTEX_POINT('',#2190);
#2193=CARTESIAN_POINT('',(2.95E0,3.213690869130E0,9.428688063897E0));
#2194=CARTESIAN_POINT('',(2.95E0,2.925E0,8.975534170379E0));
#2195=VERTEX_POINT('',#2193);
#2196=VERTEX_POINT('',#2194);
#2197=CARTESIAN_POINT('',(-2.95E0,2.925E0,8.23E0));
#2198=VERTEX_POINT('',#2197);
#2199=CARTESIAN_POINT('',(2.95E0,2.925E0,8.23E0));
#2200=VERTEX_POINT('',#2199);
#2201=CARTESIAN_POINT('',(-2.95E0,2.795E0,8.1E0));
#2202=VERTEX_POINT('',#2201);
#2203=CARTESIAN_POINT('',(2.95E0,2.795E0,8.1E0));
#2204=VERTEX_POINT('',#2203);
#2205=CARTESIAN_POINT('',(-2.3E-1,1.765E0,0.E0));
#2206=CARTESIAN_POINT('',(-2.3E-1,-1.275E0,0.E0));
#2207=VERTEX_POINT('',#2205);
#2208=VERTEX_POINT('',#2206);
#2209=CARTESIAN_POINT('',(-3.27E0,1.765E0,0.E0));
#2210=VERTEX_POINT('',#2209);
#2211=CARTESIAN_POINT('',(-1.593123708949E-1,-1.345687629105E0,8.1E0));
#2212=CARTESIAN_POINT('',(-1.593123708949E-1,1.729396857184E0,8.1E0));
#2213=VERTEX_POINT('',#2211);
#2214=VERTEX_POINT('',#2212);
#2215=CARTESIAN_POINT('',(-2.95E0,1.835687629105E0,8.1E0));
#2216=CARTESIAN_POINT('',(-3.340687629105E0,1.835687629105E0,8.1E0));
#2217=VERTEX_POINT('',#2215);
#2218=VERTEX_POINT('',#2216);
#2219=CARTESIAN_POINT('',(-1.933471552788E-1,1.801652844721E0,4.2E0));
#2220=VERTEX_POINT('',#2219);
#2221=CARTESIAN_POINT('',(-2.23E0,-1.935E0,0.E0));
#2222=CARTESIAN_POINT('',(-3.27E0,-1.935E0,0.E0));
#2223=VERTEX_POINT('',#2221);
#2224=VERTEX_POINT('',#2222);
#2225=CARTESIAN_POINT('',(-3.340687629105E0,-2.005687629105E0,8.1E0));
#2226=CARTESIAN_POINT('',(-2.159312370895E0,-2.005687629105E0,8.1E0));
#2227=VERTEX_POINT('',#2225);
#2228=VERTEX_POINT('',#2226);
#2229=CARTESIAN_POINT('',(-2.159312370895E0,-1.345687629105E0,8.1E0));
#2230=VERTEX_POINT('',#2229);
#2231=CARTESIAN_POINT('',(-2.23E0,-1.275E0,0.E0));
#2232=VERTEX_POINT('',#2231);
#2233=CARTESIAN_POINT('',(-4.E0,-5.E-1,8.1E0));
#2234=CARTESIAN_POINT('',(-4.E0,5.E-1,8.1E0));
#2235=VERTEX_POINT('',#2233);
#2236=VERTEX_POINT('',#2234);
#2237=CARTESIAN_POINT('',(4.E0,-5.E-1,8.1E0));
#2238=CARTESIAN_POINT('',(4.E0,5.E-1,8.1E0));
#2239=VERTEX_POINT('',#2237);
#2240=VERTEX_POINT('',#2238);
#2241=CARTESIAN_POINT('',(1.155E0,5.985E0,2.85E0));
#2242=CARTESIAN_POINT('',(1.155E0,5.985E0,9.1E0));
#2243=VERTEX_POINT('',#2241);
#2244=VERTEX_POINT('',#2242);
#2245=CARTESIAN_POINT('',(-1.155E0,5.985E0,2.85E0));
#2246=CARTESIAN_POINT('',(-1.155E0,5.985E0,9.1E0));
#2247=VERTEX_POINT('',#2245);
#2248=VERTEX_POINT('',#2246);
#2249=CARTESIAN_POINT('',(-1.155E0,4.954926675333E0,9.1E0));
#2250=CARTESIAN_POINT('',(1.155E0,4.954926675333E0,9.1E0));
#2251=VERTEX_POINT('',#2249);
#2252=VERTEX_POINT('',#2250);
#2253=CARTESIAN_POINT('',(-1.8675E0,1.275E-1,6.4E0));
#2254=CARTESIAN_POINT('',(-2.0675E0,-7.25E-2,5.6E0));
#2255=VERTEX_POINT('',#2253);
#2256=VERTEX_POINT('',#2254);
#2257=CARTESIAN_POINT('',(-2.0675E0,5.625E-1,5.6E0));
#2258=CARTESIAN_POINT('',(-1.8675E0,3.625E-1,6.4E0));
#2259=VERTEX_POINT('',#2257);
#2260=VERTEX_POINT('',#2258);
#2261=CARTESIAN_POINT('',(-1.6325E0,3.625E-1,6.4E0));
#2262=CARTESIAN_POINT('',(-1.4325E0,5.625E-1,5.6E0));
#2263=VERTEX_POINT('',#2261);
#2264=VERTEX_POINT('',#2262);
#2265=CARTESIAN_POINT('',(-1.8675E0,-6.175E0,-5.1775E0));
#2266=CARTESIAN_POINT('',(-2.0675E0,-5.375E0,-5.3775E0));
#2267=VERTEX_POINT('',#2265);
#2268=VERTEX_POINT('',#2266);
#2269=CARTESIAN_POINT('',(-1.4325E0,-5.375E0,-5.3775E0));
#2270=CARTESIAN_POINT('',(-1.6325E0,-6.175E0,-5.1775E0));
#2271=VERTEX_POINT('',#2269);
#2272=VERTEX_POINT('',#2270);
#2273=CARTESIAN_POINT('',(-1.933471552788E-1,1.729396857184E0,4.2E0));
#2274=VERTEX_POINT('',#2273);
#2275=CARTESIAN_POINT('',(-5.15E0,-5.E-1,8.1E0));
#2276=VERTEX_POINT('',#2275);
#2277=CARTESIAN_POINT('',(5.15E0,-5.E-1,8.1E0));
#2278=VERTEX_POINT('',#2277);
#2279=CARTESIAN_POINT('',(-1.154915161555E0,4.673928702281E0,4.200083880373E0));
#2280=CARTESIAN_POINT('',(-2.75E0,4.672857404561E0,4.2E0));
#2281=VERTEX_POINT('',#2279);
#2282=VERTEX_POINT('',#2280);
#2283=CARTESIAN_POINT('',(-1.155E0,4.872826943592E0,4.396509518713E0));
#2284=CARTESIAN_POINT('',(-2.75E0,4.872826943592E0,4.396509518713E0));
#2285=VERTEX_POINT('',#2283);
#2286=VERTEX_POINT('',#2284);
#2287=CARTESIAN_POINT('',(-2.95E0,4.672857404561E0,4.4E0));
#2288=CARTESIAN_POINT('',(-2.95E0,1.803398218279E0,4.4E0));
#2289=VERTEX_POINT('',#2287);
#2290=VERTEX_POINT('',#2288);
#2291=CARTESIAN_POINT('',(-2.75E0,1.801652844721E0,4.2E0));
#2292=VERTEX_POINT('',#2291);
#2293=CARTESIAN_POINT('',(-2.75E0,4.975E0,1.025E1));
#2294=VERTEX_POINT('',#2293);
#2295=CARTESIAN_POINT('',(-2.95E0,4.773328039495E0,1.015595882038E1));
#2296=VERTEX_POINT('',#2295);
#2297=CARTESIAN_POINT('',(2.95E0,4.672857404561E0,4.4E0));
#2298=CARTESIAN_POINT('',(2.95E0,4.773328039495E0,1.015595882038E1));
#2299=VERTEX_POINT('',#2297);
#2300=VERTEX_POINT('',#2298);
#2301=CARTESIAN_POINT('',(2.75E0,4.872826943592E0,4.396509518713E0));
#2302=CARTESIAN_POINT('',(2.75E0,4.975E0,1.025E1));
#2303=VERTEX_POINT('',#2301);
#2304=VERTEX_POINT('',#2302);
#2305=CARTESIAN_POINT('',(2.75E0,1.801652844721E0,4.2E0));
#2306=CARTESIAN_POINT('',(2.75E0,4.672857404561E0,4.2E0));
#2307=VERTEX_POINT('',#2305);
#2308=VERTEX_POINT('',#2306);
#2309=CARTESIAN_POINT('',(2.95E0,1.803398218279E0,4.4E0));
#2310=VERTEX_POINT('',#2309);
#2311=CARTESIAN_POINT('',(1.155E0,4.872826943592E0,4.396509518713E0));
#2312=VERTEX_POINT('',#2311);
#2313=CARTESIAN_POINT('',(1.154915161555E0,4.673928702281E0,4.200083880373E0));
#2314=VERTEX_POINT('',#2313);
#2315=CARTESIAN_POINT('',(9.55E-1,4.475E0,2.85E0));
#2316=CARTESIAN_POINT('',(9.55E-1,4.475E0,4.2E0));
#2317=VERTEX_POINT('',#2315);
#2318=VERTEX_POINT('',#2316);
#2319=CARTESIAN_POINT('',(1.155E0,4.675E0,2.85E0));
#2320=VERTEX_POINT('',#2319);
#2321=CARTESIAN_POINT('',(-9.55E-1,4.475E0,4.2E0));
#2322=CARTESIAN_POINT('',(-9.55E-1,4.475E0,2.85E0));
#2323=VERTEX_POINT('',#2321);
#2324=VERTEX_POINT('',#2322);
#2325=CARTESIAN_POINT('',(-1.155E0,4.675E0,2.85E0));
#2326=VERTEX_POINT('',#2325);
#2327=CARTESIAN_POINT('',(-4.95E0,2.675E0,8.1E0));
#2328=CARTESIAN_POINT('',(-5.15E0,2.475E0,8.1E0));
#2329=VERTEX_POINT('',#2327);
#2330=VERTEX_POINT('',#2328);
#2331=CARTESIAN_POINT('',(-5.15E0,2.475E0,-3.1E0));
#2332=VERTEX_POINT('',#2331);
#2333=CARTESIAN_POINT('',(-4.95E0,2.675E0,-3.1E0));
#2334=VERTEX_POINT('',#2333);
#2335=CARTESIAN_POINT('',(4.95E0,2.675E0,-3.1E0));
#2336=CARTESIAN_POINT('',(5.15E0,2.475E0,-3.1E0));
#2337=VERTEX_POINT('',#2335);
#2338=VERTEX_POINT('',#2336);
#2339=CARTESIAN_POINT('',(5.15E0,2.475E0,8.1E0));
#2340=VERTEX_POINT('',#2339);
#2341=CARTESIAN_POINT('',(4.95E0,2.675E0,8.1E0));
#2342=VERTEX_POINT('',#2341);
#2343=CARTESIAN_POINT('',(-3.9E0,5.235E0,2.85E0));
#2344=CARTESIAN_POINT('',(-3.15E0,5.985E0,2.85E0));
#2345=VERTEX_POINT('',#2343);
#2346=VERTEX_POINT('',#2344);
#2347=CARTESIAN_POINT('',(-3.15E0,5.985E0,1.025E1));
#2348=VERTEX_POINT('',#2347);
#2349=CARTESIAN_POINT('',(-3.9E0,5.235E0,1.025E1));
#2350=VERTEX_POINT('',#2349);
#2351=CARTESIAN_POINT('',(3.9E0,5.235E0,1.025E1));
#2352=CARTESIAN_POINT('',(3.15E0,5.985E0,1.025E1));
#2353=VERTEX_POINT('',#2351);
#2354=VERTEX_POINT('',#2352);
#2355=CARTESIAN_POINT('',(3.15E0,5.985E0,2.85E0));
#2356=VERTEX_POINT('',#2355);
#2357=CARTESIAN_POINT('',(3.9E0,5.235E0,2.85E0));
#2358=VERTEX_POINT('',#2357);
#2359=CARTESIAN_POINT('',(-5.15E0,5.E-1,8.1E0));
#2360=VERTEX_POINT('',#2359);
#2361=CARTESIAN_POINT('',(5.15E0,5.E-1,8.1E0));
#2362=VERTEX_POINT('',#2361);
#2363=CARTESIAN_POINT('',(-2.9E0,-2.975E0,6.6E0));
#2364=CARTESIAN_POINT('',(-2.9E0,-2.975E0,-1.6E0));
#2365=VERTEX_POINT('',#2363);
#2366=VERTEX_POINT('',#2364);
#2367=CARTESIAN_POINT('',(-1.7E0,-2.975E0,-1.6E0));
#2368=VERTEX_POINT('',#2367);
#2369=CARTESIAN_POINT('',(-1.7E0,-2.975E0,6.6E0));
#2370=VERTEX_POINT('',#2369);
#2371=CARTESIAN_POINT('',(2.9E0,-2.975E0,6.6E0));
#2372=CARTESIAN_POINT('',(1.7E0,-2.975E0,6.6E0));
#2373=VERTEX_POINT('',#2371);
#2374=VERTEX_POINT('',#2372);
#2375=CARTESIAN_POINT('',(1.7E0,-2.975E0,-1.6E0));
#2376=VERTEX_POINT('',#2375);
#2377=CARTESIAN_POINT('',(2.9E0,-2.975E0,-1.6E0));
#2378=VERTEX_POINT('',#2377);
#2379=CARTESIAN_POINT('',(-2.9E0,-2.675E0,-1.6E0));
#2380=CARTESIAN_POINT('',(-1.7E0,-2.675E0,-1.6E0));
#2381=VERTEX_POINT('',#2379);
#2382=VERTEX_POINT('',#2380);
#2383=CARTESIAN_POINT('',(-1.7E0,-2.675E0,6.6E0));
#2384=VERTEX_POINT('',#2383);
#2385=CARTESIAN_POINT('',(-2.9E0,-2.675E0,6.6E0));
#2386=VERTEX_POINT('',#2385);
#2387=CARTESIAN_POINT('',(2.9E0,-2.675E0,6.6E0));
#2388=CARTESIAN_POINT('',(1.7E0,-2.675E0,6.6E0));
#2389=VERTEX_POINT('',#2387);
#2390=VERTEX_POINT('',#2388);
#2391=CARTESIAN_POINT('',(1.7E0,-2.675E0,-1.6E0));
#2392=VERTEX_POINT('',#2391);
#2393=CARTESIAN_POINT('',(2.9E0,-2.675E0,-1.6E0));
#2394=VERTEX_POINT('',#2393);
#2395=CARTESIAN_POINT('',(-3.2E-1,-5.845E0,4.232606234616E0));
#2396=CARTESIAN_POINT('',(-3.2E-1,-5.845E0,4.02E0));
#2397=VERTEX_POINT('',#2395);
#2398=VERTEX_POINT('',#2396);
#2399=CARTESIAN_POINT('',(-1.17E0,-5.845E0,3.17E0));
#2400=VERTEX_POINT('',#2399);
#2401=CARTESIAN_POINT('',(-1.382606234616E0,-5.845E0,3.17E0));
#2402=VERTEX_POINT('',#2401);
#2403=CARTESIAN_POINT('',(-1.481363822803E0,-5.845E0,3.085714285714E0));
#2404=VERTEX_POINT('',#2403);
#2405=CARTESIAN_POINT('',(-1.481363822803E0,-5.845E0,2.614285714286E0));
#2406=VERTEX_POINT('',#2405);
#2407=CARTESIAN_POINT('',(-1.382606234616E0,-5.845E0,2.53E0));
#2408=VERTEX_POINT('',#2407);
#2409=CARTESIAN_POINT('',(-1.17E0,-5.845E0,2.53E0));
#2410=VERTEX_POINT('',#2409);
#2411=CARTESIAN_POINT('',(-3.2E-1,-5.845E0,1.68E0));
#2412=VERTEX_POINT('',#2411);
#2413=CARTESIAN_POINT('',(-3.2E-1,-5.845E0,1.467393765384E0));
#2414=VERTEX_POINT('',#2413);
#2415=CARTESIAN_POINT('',(-2.357142857143E-1,-5.845E0,1.368636177197E0));
#2416=VERTEX_POINT('',#2415);
#2417=CARTESIAN_POINT('',(2.357142857143E-1,-5.845E0,1.368636177197E0));
#2418=VERTEX_POINT('',#2417);
#2419=CARTESIAN_POINT('',(3.2E-1,-5.845E0,1.467393765384E0));
#2420=VERTEX_POINT('',#2419);
#2421=CARTESIAN_POINT('',(3.2E-1,-5.845E0,1.68E0));
#2422=VERTEX_POINT('',#2421);
#2423=CARTESIAN_POINT('',(1.17E0,-5.845E0,2.53E0));
#2424=VERTEX_POINT('',#2423);
#2425=CARTESIAN_POINT('',(1.382606234616E0,-5.845E0,2.53E0));
#2426=VERTEX_POINT('',#2425);
#2427=CARTESIAN_POINT('',(1.481363822803E0,-5.845E0,2.614285714286E0));
#2428=VERTEX_POINT('',#2427);
#2429=CARTESIAN_POINT('',(1.481363822803E0,-5.845E0,3.085714285714E0));
#2430=VERTEX_POINT('',#2429);
#2431=CARTESIAN_POINT('',(1.382606234616E0,-5.845E0,3.17E0));
#2432=VERTEX_POINT('',#2431);
#2433=CARTESIAN_POINT('',(1.17E0,-5.845E0,3.17E0));
#2434=VERTEX_POINT('',#2433);
#2435=CARTESIAN_POINT('',(3.2E-1,-5.845E0,4.02E0));
#2436=VERTEX_POINT('',#2435);
#2437=CARTESIAN_POINT('',(3.2E-1,-5.845E0,4.232606234616E0));
#2438=VERTEX_POINT('',#2437);
#2439=CARTESIAN_POINT('',(2.357142857143E-1,-5.845E0,4.331363822803E0));
#2440=VERTEX_POINT('',#2439);
#2441=CARTESIAN_POINT('',(-2.357142857143E-1,-5.845E0,4.331363822803E0));
#2442=VERTEX_POINT('',#2441);
#2443=CARTESIAN_POINT('',(-3.2E-1,-2.675E0,4.232606234616E0));
#2444=CARTESIAN_POINT('',(-3.2E-1,-2.675E0,4.02E0));
#2445=VERTEX_POINT('',#2443);
#2446=VERTEX_POINT('',#2444);
#2447=CARTESIAN_POINT('',(-1.17E0,-2.675E0,3.17E0));
#2448=VERTEX_POINT('',#2447);
#2449=CARTESIAN_POINT('',(-1.382606234616E0,-2.675E0,3.17E0));
#2450=VERTEX_POINT('',#2449);
#2451=CARTESIAN_POINT('',(-1.481363822803E0,-2.675E0,3.085714285714E0));
#2452=VERTEX_POINT('',#2451);
#2453=CARTESIAN_POINT('',(-1.481363822803E0,-2.675E0,2.614285714286E0));
#2454=VERTEX_POINT('',#2453);
#2455=CARTESIAN_POINT('',(-1.382606234616E0,-2.675E0,2.53E0));
#2456=VERTEX_POINT('',#2455);
#2457=CARTESIAN_POINT('',(-1.17E0,-2.675E0,2.53E0));
#2458=VERTEX_POINT('',#2457);
#2459=CARTESIAN_POINT('',(-3.2E-1,-2.675E0,1.68E0));
#2460=VERTEX_POINT('',#2459);
#2461=CARTESIAN_POINT('',(-3.2E-1,-2.675E0,1.467393765384E0));
#2462=VERTEX_POINT('',#2461);
#2463=CARTESIAN_POINT('',(-2.357142857143E-1,-2.675E0,1.368636177197E0));
#2464=VERTEX_POINT('',#2463);
#2465=CARTESIAN_POINT('',(2.357142857143E-1,-2.675E0,1.368636177197E0));
#2466=VERTEX_POINT('',#2465);
#2467=CARTESIAN_POINT('',(3.2E-1,-2.675E0,1.467393765384E0));
#2468=VERTEX_POINT('',#2467);
#2469=CARTESIAN_POINT('',(3.2E-1,-2.675E0,1.68E0));
#2470=VERTEX_POINT('',#2469);
#2471=CARTESIAN_POINT('',(1.17E0,-2.675E0,2.53E0));
#2472=VERTEX_POINT('',#2471);
#2473=CARTESIAN_POINT('',(1.382606234616E0,-2.675E0,2.53E0));
#2474=VERTEX_POINT('',#2473);
#2475=CARTESIAN_POINT('',(1.481363822803E0,-2.675E0,2.614285714286E0));
#2476=VERTEX_POINT('',#2475);
#2477=CARTESIAN_POINT('',(1.481363822803E0,-2.675E0,3.085714285714E0));
#2478=VERTEX_POINT('',#2477);
#2479=CARTESIAN_POINT('',(1.382606234616E0,-2.675E0,3.17E0));
#2480=VERTEX_POINT('',#2479);
#2481=CARTESIAN_POINT('',(1.17E0,-2.675E0,3.17E0));
#2482=VERTEX_POINT('',#2481);
#2483=CARTESIAN_POINT('',(3.2E-1,-2.675E0,4.02E0));
#2484=VERTEX_POINT('',#2483);
#2485=CARTESIAN_POINT('',(3.2E-1,-2.675E0,4.232606234616E0));
#2486=VERTEX_POINT('',#2485);
#2487=CARTESIAN_POINT('',(2.357142857143E-1,-2.675E0,4.331363822803E0));
#2488=VERTEX_POINT('',#2487);
#2489=CARTESIAN_POINT('',(-2.357142857143E-1,-2.675E0,4.331363822803E0));
#2490=VERTEX_POINT('',#2489);
#2491=CARTESIAN_POINT('',(-2.0675E0,-7.25E-2,-4.2425E0));
#2492=CARTESIAN_POINT('',(-2.0675E0,-5.725E-1,-4.7425E0));
#2493=VERTEX_POINT('',#2491);
#2494=VERTEX_POINT('',#2492);
#2495=CARTESIAN_POINT('',(-2.0675E0,-5.725E-1,-5.3775E0));
#2496=CARTESIAN_POINT('',(-2.0675E0,5.625E-1,-4.2425E0));
#2497=VERTEX_POINT('',#2495);
#2498=VERTEX_POINT('',#2496);
#2499=CARTESIAN_POINT('',(-1.4325E0,-7.25E-2,-4.2425E0));
#2500=CARTESIAN_POINT('',(-1.4325E0,-5.725E-1,-4.7425E0));
#2501=VERTEX_POINT('',#2499);
#2502=VERTEX_POINT('',#2500);
#2503=CARTESIAN_POINT('',(-1.4325E0,-5.725E-1,-5.3775E0));
#2504=CARTESIAN_POINT('',(-1.4325E0,5.625E-1,-4.2425E0));
#2505=VERTEX_POINT('',#2503);
#2506=VERTEX_POINT('',#2504);
#2507=CARTESIAN_POINT('',(-2.0675E0,-7.25E-2,-3.1E0));
#2508=CARTESIAN_POINT('',(-2.0675E0,5.625E-1,-3.1E0));
#2509=VERTEX_POINT('',#2507);
#2510=VERTEX_POINT('',#2508);
#2511=CARTESIAN_POINT('',(-1.4325E0,-7.25E-2,-3.1E0));
#2512=CARTESIAN_POINT('',(-1.4325E0,5.625E-1,-3.1E0));
#2513=VERTEX_POINT('',#2511);
#2514=VERTEX_POINT('',#2512);
#2515=CARTESIAN_POINT('',(-1.6325E0,1.275E-1,6.4E0));
#2516=VERTEX_POINT('',#2515);
#2517=CARTESIAN_POINT('',(-1.4325E0,-7.25E-2,5.6E0));
#2518=VERTEX_POINT('',#2517);
#2519=CARTESIAN_POINT('',(-1.6325E0,-6.175E0,-4.9425E0));
#2520=VERTEX_POINT('',#2519);
#2521=CARTESIAN_POINT('',(-1.4325E0,-5.375E0,-4.7425E0));
#2522=VERTEX_POINT('',#2521);
#2523=CARTESIAN_POINT('',(-2.0675E0,-5.375E0,-4.7425E0));
#2524=VERTEX_POINT('',#2523);
#2525=CARTESIAN_POINT('',(-1.8675E0,-6.175E0,-4.9425E0));
#2526=VERTEX_POINT('',#2525);
#2527=CARTESIAN_POINT('',(-2.0675E0,-7.25E-2,0.E0));
#2528=VERTEX_POINT('',#2527);
#2529=CARTESIAN_POINT('',(-2.0675E0,5.625E-1,0.E0));
#2530=VERTEX_POINT('',#2529);
#2531=CARTESIAN_POINT('',(-1.4325E0,-7.25E-2,0.E0));
#2532=VERTEX_POINT('',#2531);
#2533=CARTESIAN_POINT('',(-1.4325E0,5.625E-1,0.E0));
#2534=VERTEX_POINT('',#2533);
#2535=CARTESIAN_POINT('',(2.3E-1,-1.275E0,0.E0));
#2536=CARTESIAN_POINT('',(2.3E-1,1.765E0,0.E0));
#2537=VERTEX_POINT('',#2535);
#2538=VERTEX_POINT('',#2536);
#2539=CARTESIAN_POINT('',(3.27E0,-1.275E0,0.E0));
#2540=VERTEX_POINT('',#2539);
#2541=CARTESIAN_POINT('',(3.27E0,1.765E0,0.E0));
#2542=VERTEX_POINT('',#2541);
#2543=CARTESIAN_POINT('',(1.593123708949E-1,1.729396857184E0,8.1E0));
#2544=CARTESIAN_POINT('',(1.593123708949E-1,-1.345687629105E0,8.1E0));
#2545=VERTEX_POINT('',#2543);
#2546=VERTEX_POINT('',#2544);
#2547=CARTESIAN_POINT('',(3.340687629105E0,-1.345687629105E0,8.1E0));
#2548=VERTEX_POINT('',#2547);
#2549=CARTESIAN_POINT('',(3.340687629105E0,1.835687629105E0,8.1E0));
#2550=VERTEX_POINT('',#2549);
#2551=CARTESIAN_POINT('',(2.95E0,1.835687629105E0,8.1E0));
#2552=VERTEX_POINT('',#2551);
#2553=CARTESIAN_POINT('',(1.933471552788E-1,1.801652844721E0,4.2E0));
#2554=VERTEX_POINT('',#2553);
#2555=CARTESIAN_POINT('',(1.933471552788E-1,1.729396857184E0,4.2E0));
#2556=VERTEX_POINT('',#2555);
#2557=CARTESIAN_POINT('',(1.4325E0,-7.25E-2,-4.2425E0));
#2558=CARTESIAN_POINT('',(1.4325E0,-5.725E-1,-4.7425E0));
#2559=VERTEX_POINT('',#2557);
#2560=VERTEX_POINT('',#2558);
#2561=CARTESIAN_POINT('',(1.4325E0,-5.725E-1,-5.3775E0));
#2562=CARTESIAN_POINT('',(1.4325E0,5.625E-1,-4.2425E0));
#2563=VERTEX_POINT('',#2561);
#2564=VERTEX_POINT('',#2562);
#2565=CARTESIAN_POINT('',(2.0675E0,-7.25E-2,-4.2425E0));
#2566=CARTESIAN_POINT('',(2.0675E0,-5.725E-1,-4.7425E0));
#2567=VERTEX_POINT('',#2565);
#2568=VERTEX_POINT('',#2566);
#2569=CARTESIAN_POINT('',(2.0675E0,-5.725E-1,-5.3775E0));
#2570=CARTESIAN_POINT('',(2.0675E0,5.625E-1,-4.2425E0));
#2571=VERTEX_POINT('',#2569);
#2572=VERTEX_POINT('',#2570);
#2573=CARTESIAN_POINT('',(1.4325E0,-7.25E-2,-3.1E0));
#2574=CARTESIAN_POINT('',(1.4325E0,5.625E-1,-3.1E0));
#2575=VERTEX_POINT('',#2573);
#2576=VERTEX_POINT('',#2574);
#2577=CARTESIAN_POINT('',(2.0675E0,-7.25E-2,-3.1E0));
#2578=CARTESIAN_POINT('',(2.0675E0,5.625E-1,-3.1E0));
#2579=VERTEX_POINT('',#2577);
#2580=VERTEX_POINT('',#2578);
#2581=CARTESIAN_POINT('',(1.4325E0,-7.25E-2,0.E0));
#2582=CARTESIAN_POINT('',(1.4325E0,5.625E-1,0.E0));
#2583=VERTEX_POINT('',#2581);
#2584=VERTEX_POINT('',#2582);
#2585=CARTESIAN_POINT('',(2.0675E0,-7.25E-2,0.E0));
#2586=CARTESIAN_POINT('',(2.0675E0,5.625E-1,0.E0));
#2587=VERTEX_POINT('',#2585);
#2588=VERTEX_POINT('',#2586);
#2589=CARTESIAN_POINT('',(1.8675E0,3.625E-1,6.4E0));
#2590=CARTESIAN_POINT('',(1.6325E0,3.625E-1,6.4E0));
#2591=VERTEX_POINT('',#2589);
#2592=VERTEX_POINT('',#2590);
#2593=CARTESIAN_POINT('',(2.0675E0,5.625E-1,5.6E0));
#2594=CARTESIAN_POINT('',(1.4325E0,5.625E-1,5.6E0));
#2595=VERTEX_POINT('',#2593);
#2596=VERTEX_POINT('',#2594);
#2597=CARTESIAN_POINT('',(1.8675E0,1.275E-1,6.4E0));
#2598=VERTEX_POINT('',#2597);
#2599=CARTESIAN_POINT('',(2.0675E0,-7.25E-2,5.6E0));
#2600=VERTEX_POINT('',#2599);
#2601=CARTESIAN_POINT('',(1.4325E0,-7.25E-2,5.6E0));
#2602=VERTEX_POINT('',#2601);
#2603=CARTESIAN_POINT('',(1.6325E0,1.275E-1,6.4E0));
#2604=VERTEX_POINT('',#2603);
#2605=CARTESIAN_POINT('',(2.0675E0,-5.375E0,-5.3775E0));
#2606=CARTESIAN_POINT('',(1.4325E0,-5.375E0,-5.3775E0));
#2607=VERTEX_POINT('',#2605);
#2608=VERTEX_POINT('',#2606);
#2609=CARTESIAN_POINT('',(1.8675E0,-6.175E0,-5.1775E0));
#2610=CARTESIAN_POINT('',(1.6325E0,-6.175E0,-5.1775E0));
#2611=VERTEX_POINT('',#2609);
#2612=VERTEX_POINT('',#2610);
#2613=CARTESIAN_POINT('',(1.8675E0,-6.175E0,-4.9425E0));
#2614=VERTEX_POINT('',#2613);
#2615=CARTESIAN_POINT('',(2.0675E0,-5.375E0,-4.7425E0));
#2616=VERTEX_POINT('',#2615);
#2617=CARTESIAN_POINT('',(1.4325E0,-5.375E0,-4.7425E0));
#2618=VERTEX_POINT('',#2617);
#2619=CARTESIAN_POINT('',(1.6325E0,-6.175E0,-4.9425E0));
#2620=VERTEX_POINT('',#2619);
#2621=CARTESIAN_POINT('',(-3.99E0,-2.675E0,-3.1E0));
#2622=CARTESIAN_POINT('',(-3.99E0,-2.675E0,1.63E0));
#2623=VERTEX_POINT('',#2621);
#2624=VERTEX_POINT('',#2622);
#2625=CARTESIAN_POINT('',(-5.15E0,-2.675E0,1.63E0));
#2626=VERTEX_POINT('',#2625);
#2627=CARTESIAN_POINT('',(-5.15E0,-5.E-1,1.63E0));
#2628=VERTEX_POINT('',#2627);
#2629=CARTESIAN_POINT('',(-5.15E0,5.E-1,1.63E0));
#2630=CARTESIAN_POINT('',(-5.15E0,1.025E0,1.63E0));
#2631=VERTEX_POINT('',#2629);
#2632=VERTEX_POINT('',#2630);
#2633=CARTESIAN_POINT('',(-5.15E0,1.775E0,-3.1E0));
#2634=VERTEX_POINT('',#2633);
#2635=CARTESIAN_POINT('',(-3.99E0,1.775E0,-3.1E0));
#2636=VERTEX_POINT('',#2635);
#2637=CARTESIAN_POINT('',(-3.99E0,1.025E0,1.63E0));
#2638=VERTEX_POINT('',#2637);
#2639=CARTESIAN_POINT('',(3.99E0,-2.675E0,1.63E0));
#2640=CARTESIAN_POINT('',(3.99E0,1.025E0,1.63E0));
#2641=VERTEX_POINT('',#2639);
#2642=VERTEX_POINT('',#2640);
#2643=CARTESIAN_POINT('',(3.99E0,1.775E0,-3.1E0));
#2644=VERTEX_POINT('',#2643);
#2645=CARTESIAN_POINT('',(3.99E0,-2.675E0,-3.1E0));
#2646=VERTEX_POINT('',#2645);
#2647=CARTESIAN_POINT('',(5.15E0,-2.675E0,1.63E0));
#2648=VERTEX_POINT('',#2647);
#2649=CARTESIAN_POINT('',(5.15E0,-5.E-1,1.63E0));
#2650=VERTEX_POINT('',#2649);
#2651=CARTESIAN_POINT('',(5.15E0,5.E-1,1.63E0));
#2652=CARTESIAN_POINT('',(5.15E0,1.025E0,1.63E0));
#2653=VERTEX_POINT('',#2651);
#2654=VERTEX_POINT('',#2652);
#2655=CARTESIAN_POINT('',(5.15E0,1.775E0,-3.1E0));
#2656=VERTEX_POINT('',#2655);
#2657=CARTESIAN_POINT('',(-4.E0,1.E0,-3.095E0));
#2658=CARTESIAN_POINT('',(-4.E0,1.E0,-2.342E0));
#2659=VERTEX_POINT('',#2657);
#2660=VERTEX_POINT('',#2658);
#2661=CARTESIAN_POINT('',(-4.E0,-1.E0,-2.342E0));
#2662=VERTEX_POINT('',#2661);
#2663=CARTESIAN_POINT('',(-4.E0,-1.E0,-3.095E0));
#2664=VERTEX_POINT('',#2663);
#2665=CARTESIAN_POINT('',(-4.E0,-2.5E0,-3.095E0));
#2666=VERTEX_POINT('',#2665);
#2667=CARTESIAN_POINT('',(-4.E0,-4.9E0,2.105E0));
#2668=CARTESIAN_POINT('',(-4.E0,-5.9E0,2.305E0));
#2669=VERTEX_POINT('',#2667);
#2670=VERTEX_POINT('',#2668);
#2671=CARTESIAN_POINT('',(-4.E0,-5.9E0,3.405E0));
#2672=VERTEX_POINT('',#2671);
#2673=CARTESIAN_POINT('',(-4.E0,-4.9E0,3.605E0));
#2674=VERTEX_POINT('',#2673);
#2675=CARTESIAN_POINT('',(-4.5E0,1.E0,-3.095E0));
#2676=CARTESIAN_POINT('',(-4.5E0,1.E0,-2.342E0));
#2677=VERTEX_POINT('',#2675);
#2678=VERTEX_POINT('',#2676);
#2679=CARTESIAN_POINT('',(-4.5E0,-1.E0,-2.342E0));
#2680=VERTEX_POINT('',#2679);
#2681=CARTESIAN_POINT('',(-4.5E0,-1.E0,-3.095E0));
#2682=VERTEX_POINT('',#2681);
#2683=CARTESIAN_POINT('',(-4.5E0,-2.5E0,-3.095E0));
#2684=VERTEX_POINT('',#2683);
#2685=CARTESIAN_POINT('',(-4.5E0,-4.9E0,2.105E0));
#2686=CARTESIAN_POINT('',(-4.5E0,-5.9E0,2.305E0));
#2687=VERTEX_POINT('',#2685);
#2688=VERTEX_POINT('',#2686);
#2689=CARTESIAN_POINT('',(-4.5E0,-5.9E0,3.405E0));
#2690=VERTEX_POINT('',#2689);
#2691=CARTESIAN_POINT('',(-4.5E0,-4.9E0,3.605E0));
#2692=VERTEX_POINT('',#2691);
#2693=CARTESIAN_POINT('',(-4.5E0,-3.3E-1,7.4E0));
#2694=CARTESIAN_POINT('',(-4.5E0,-3.3E-1,7.85E0));
#2695=VERTEX_POINT('',#2693);
#2696=VERTEX_POINT('',#2694);
#2697=CARTESIAN_POINT('',(-4.5E0,3.3E-1,7.85E0));
#2698=VERTEX_POINT('',#2697);
#2699=CARTESIAN_POINT('',(-4.5E0,3.3E-1,7.4E0));
#2700=VERTEX_POINT('',#2699);
#2701=CARTESIAN_POINT('',(-4.E0,-2.675E0,2.105E0));
#2702=CARTESIAN_POINT('',(-4.E0,-2.675E0,3.605E0));
#2703=VERTEX_POINT('',#2701);
#2704=VERTEX_POINT('',#2702);
#2705=CARTESIAN_POINT('',(-4.5E0,-2.675E0,2.105E0));
#2706=CARTESIAN_POINT('',(-4.5E0,-2.675E0,3.605E0));
#2707=VERTEX_POINT('',#2705);
#2708=VERTEX_POINT('',#2706);
#2709=CARTESIAN_POINT('',(-4.5E0,-5.E-1,1.63E0));
#2710=CARTESIAN_POINT('',(-4.5E0,-5.E-1,7.4E0));
#2711=VERTEX_POINT('',#2709);
#2712=VERTEX_POINT('',#2710);
#2713=CARTESIAN_POINT('',(-4.E0,-5.E-1,7.4E0));
#2714=VERTEX_POINT('',#2713);
#2715=CARTESIAN_POINT('',(-4.E0,-3.3E-1,7.4E0));
#2716=VERTEX_POINT('',#2715);
#2717=CARTESIAN_POINT('',(-4.E0,-3.3E-1,7.85E0));
#2718=VERTEX_POINT('',#2717);
#2719=CARTESIAN_POINT('',(-4.E0,3.3E-1,7.85E0));
#2720=VERTEX_POINT('',#2719);
#2721=CARTESIAN_POINT('',(-4.E0,3.3E-1,7.4E0));
#2722=VERTEX_POINT('',#2721);
#2723=CARTESIAN_POINT('',(-4.E0,5.E-1,7.4E0));
#2724=VERTEX_POINT('',#2723);
#2725=CARTESIAN_POINT('',(-4.5E0,5.E-1,1.63E0));
#2726=CARTESIAN_POINT('',(-4.5E0,5.E-1,7.4E0));
#2727=VERTEX_POINT('',#2725);
#2728=VERTEX_POINT('',#2726);
#2729=CARTESIAN_POINT('',(-4.5E0,-2.5E0,1.63E0));
#2730=VERTEX_POINT('',#2729);
#2731=CARTESIAN_POINT('',(-4.5E0,1.025E0,1.63E0));
#2732=VERTEX_POINT('',#2731);
#2733=CARTESIAN_POINT('',(-4.E0,-2.5E0,1.63E0));
#2734=VERTEX_POINT('',#2733);
#2735=CARTESIAN_POINT('',(-4.5E0,1.774207188161E0,-3.095E0));
#2736=VERTEX_POINT('',#2735);
#2737=CARTESIAN_POINT('',(-4.E0,1.774207188161E0,-3.095E0));
#2738=VERTEX_POINT('',#2737);
#2739=CARTESIAN_POINT('',(4.E0,1.E0,-3.095E0));
#2740=CARTESIAN_POINT('',(4.E0,1.E0,-2.342E0));
#2741=VERTEX_POINT('',#2739);
#2742=VERTEX_POINT('',#2740);
#2743=CARTESIAN_POINT('',(4.E0,-1.E0,-2.342E0));
#2744=VERTEX_POINT('',#2743);
#2745=CARTESIAN_POINT('',(4.E0,-1.E0,-3.095E0));
#2746=VERTEX_POINT('',#2745);
#2747=CARTESIAN_POINT('',(4.E0,-2.5E0,-3.095E0));
#2748=VERTEX_POINT('',#2747);
#2749=CARTESIAN_POINT('',(4.E0,-4.9E0,2.105E0));
#2750=CARTESIAN_POINT('',(4.E0,-5.9E0,2.305E0));
#2751=VERTEX_POINT('',#2749);
#2752=VERTEX_POINT('',#2750);
#2753=CARTESIAN_POINT('',(4.E0,-5.9E0,3.405E0));
#2754=VERTEX_POINT('',#2753);
#2755=CARTESIAN_POINT('',(4.E0,-4.9E0,3.605E0));
#2756=VERTEX_POINT('',#2755);
#2757=CARTESIAN_POINT('',(4.5E0,1.E0,-3.095E0));
#2758=CARTESIAN_POINT('',(4.5E0,1.E0,-2.342E0));
#2759=VERTEX_POINT('',#2757);
#2760=VERTEX_POINT('',#2758);
#2761=CARTESIAN_POINT('',(4.5E0,-1.E0,-2.342E0));
#2762=VERTEX_POINT('',#2761);
#2763=CARTESIAN_POINT('',(4.5E0,-1.E0,-3.095E0));
#2764=VERTEX_POINT('',#2763);
#2765=CARTESIAN_POINT('',(4.5E0,-2.5E0,-3.095E0));
#2766=VERTEX_POINT('',#2765);
#2767=CARTESIAN_POINT('',(4.5E0,-4.9E0,2.105E0));
#2768=CARTESIAN_POINT('',(4.5E0,-5.9E0,2.305E0));
#2769=VERTEX_POINT('',#2767);
#2770=VERTEX_POINT('',#2768);
#2771=CARTESIAN_POINT('',(4.5E0,-5.9E0,3.405E0));
#2772=VERTEX_POINT('',#2771);
#2773=CARTESIAN_POINT('',(4.5E0,-4.9E0,3.605E0));
#2774=VERTEX_POINT('',#2773);
#2775=CARTESIAN_POINT('',(4.5E0,-3.3E-1,7.4E0));
#2776=CARTESIAN_POINT('',(4.5E0,-3.3E-1,7.85E0));
#2777=VERTEX_POINT('',#2775);
#2778=VERTEX_POINT('',#2776);
#2779=CARTESIAN_POINT('',(4.5E0,3.3E-1,7.85E0));
#2780=VERTEX_POINT('',#2779);
#2781=CARTESIAN_POINT('',(4.5E0,3.3E-1,7.4E0));
#2782=VERTEX_POINT('',#2781);
#2783=CARTESIAN_POINT('',(4.E0,-2.675E0,2.105E0));
#2784=VERTEX_POINT('',#2783);
#2785=CARTESIAN_POINT('',(4.E0,-2.675E0,3.605E0));
#2786=VERTEX_POINT('',#2785);
#2787=CARTESIAN_POINT('',(4.5E0,1.774207188161E0,-3.095E0));
#2788=VERTEX_POINT('',#2787);
#2789=CARTESIAN_POINT('',(4.5E0,-2.5E0,1.63E0));
#2790=VERTEX_POINT('',#2789);
#2791=CARTESIAN_POINT('',(4.5E0,-2.675E0,2.105E0));
#2792=VERTEX_POINT('',#2791);
#2793=CARTESIAN_POINT('',(4.5E0,-2.675E0,3.605E0));
#2794=VERTEX_POINT('',#2793);
#2795=CARTESIAN_POINT('',(4.5E0,-5.E-1,7.4E0));
#2796=VERTEX_POINT('',#2795);
#2797=CARTESIAN_POINT('',(4.5E0,5.E-1,7.4E0));
#2798=VERTEX_POINT('',#2797);
#2799=CARTESIAN_POINT('',(4.E0,-3.3E-1,7.4E0));
#2800=VERTEX_POINT('',#2799);
#2801=CARTESIAN_POINT('',(4.E0,-3.3E-1,7.85E0));
#2802=VERTEX_POINT('',#2801);
#2803=CARTESIAN_POINT('',(4.E0,3.3E-1,7.85E0));
#2804=VERTEX_POINT('',#2803);
#2805=CARTESIAN_POINT('',(4.E0,3.3E-1,7.4E0));
#2806=VERTEX_POINT('',#2805);
#2807=CARTESIAN_POINT('',(4.5E0,5.E-1,1.63E0));
#2808=VERTEX_POINT('',#2807);
#2809=CARTESIAN_POINT('',(4.E0,5.E-1,7.4E0));
#2810=VERTEX_POINT('',#2809);
#2811=CARTESIAN_POINT('',(4.E0,-5.E-1,7.4E0));
#2812=VERTEX_POINT('',#2811);
#2813=CARTESIAN_POINT('',(4.5E0,-5.E-1,1.63E0));
#2814=VERTEX_POINT('',#2813);
#2815=CARTESIAN_POINT('',(4.5E0,1.025E0,1.63E0));
#2816=VERTEX_POINT('',#2815);
#2817=CARTESIAN_POINT('',(4.E0,-2.5E0,1.63E0));
#2818=VERTEX_POINT('',#2817);
#2819=CARTESIAN_POINT('',(4.E0,1.774207188161E0,-3.095E0));
#2820=VERTEX_POINT('',#2819);
#2821=CARTESIAN_POINT('',(-4.E0,1.025E0,1.63E0));
#2822=VERTEX_POINT('',#2821);
#2823=CARTESIAN_POINT('',(4.E0,1.025E0,1.63E0));
#2824=VERTEX_POINT('',#2823);
#2825=CARTESIAN_POINT('',(0.E0,-2.675E0,0.E0));
#2826=DIRECTION('',(0.E0,1.E0,0.E0));
#2827=DIRECTION('',(1.E0,0.E0,0.E0));
#2828=AXIS2_PLACEMENT_3D('',#2825,#2826,#2827);
#2829=PLANE('',#2828);
#2831=ORIENTED_EDGE('',*,*,#2830,.F.);
#2833=ORIENTED_EDGE('',*,*,#2832,.T.);
#2835=ORIENTED_EDGE('',*,*,#2834,.T.);
#2837=ORIENTED_EDGE('',*,*,#2836,.F.);
#2839=ORIENTED_EDGE('',*,*,#2838,.T.);
#2841=ORIENTED_EDGE('',*,*,#2840,.T.);
#2843=ORIENTED_EDGE('',*,*,#2842,.T.);
#2845=ORIENTED_EDGE('',*,*,#2844,.T.);
#2846=EDGE_LOOP('',(#2831,#2833,#2835,#2837,#2839,#2841,#2843,#2845));
#2847=FACE_OUTER_BOUND('',#2846,.F.);
#2849=ORIENTED_EDGE('',*,*,#2848,.T.);
#2851=ORIENTED_EDGE('',*,*,#2850,.T.);
#2853=ORIENTED_EDGE('',*,*,#2852,.F.);
#2855=ORIENTED_EDGE('',*,*,#2854,.T.);
#2856=EDGE_LOOP('',(#2849,#2851,#2853,#2855));
#2857=FACE_BOUND('',#2856,.F.);
#2859=ORIENTED_EDGE('',*,*,#2858,.T.);
#2861=ORIENTED_EDGE('',*,*,#2860,.T.);
#2863=ORIENTED_EDGE('',*,*,#2862,.F.);
#2865=ORIENTED_EDGE('',*,*,#2864,.T.);
#2866=EDGE_LOOP('',(#2859,#2861,#2863,#2865));
#2867=FACE_BOUND('',#2866,.F.);
#2869=ORIENTED_EDGE('',*,*,#2868,.T.);
#2871=ORIENTED_EDGE('',*,*,#2870,.T.);
#2873=ORIENTED_EDGE('',*,*,#2872,.F.);
#2875=ORIENTED_EDGE('',*,*,#2874,.F.);
#2876=EDGE_LOOP('',(#2869,#2871,#2873,#2875));
#2877=FACE_BOUND('',#2876,.F.);
#2879=ORIENTED_EDGE('',*,*,#2878,.F.);
#2881=ORIENTED_EDGE('',*,*,#2880,.T.);
#2883=ORIENTED_EDGE('',*,*,#2882,.T.);
#2885=ORIENTED_EDGE('',*,*,#2884,.F.);
#2886=EDGE_LOOP('',(#2879,#2881,#2883,#2885));
#2887=FACE_BOUND('',#2886,.F.);
#2889=ORIENTED_EDGE('',*,*,#2888,.T.);
#2891=ORIENTED_EDGE('',*,*,#2890,.F.);
#2893=ORIENTED_EDGE('',*,*,#2892,.T.);
#2895=ORIENTED_EDGE('',*,*,#2894,.T.);
#2897=ORIENTED_EDGE('',*,*,#2896,.T.);
#2899=ORIENTED_EDGE('',*,*,#2898,.T.);
#2901=ORIENTED_EDGE('',*,*,#2900,.T.);
#2903=ORIENTED_EDGE('',*,*,#2902,.F.);
#2905=ORIENTED_EDGE('',*,*,#2904,.T.);
#2907=ORIENTED_EDGE('',*,*,#2906,.T.);
#2909=ORIENTED_EDGE('',*,*,#2908,.T.);
#2911=ORIENTED_EDGE('',*,*,#2910,.T.);
#2913=ORIENTED_EDGE('',*,*,#2912,.T.);
#2915=ORIENTED_EDGE('',*,*,#2914,.F.);
#2917=ORIENTED_EDGE('',*,*,#2916,.T.);
#2919=ORIENTED_EDGE('',*,*,#2918,.T.);
#2921=ORIENTED_EDGE('',*,*,#2920,.T.);
#2923=ORIENTED_EDGE('',*,*,#2922,.T.);
#2925=ORIENTED_EDGE('',*,*,#2924,.T.);
#2927=ORIENTED_EDGE('',*,*,#2926,.F.);
#2929=ORIENTED_EDGE('',*,*,#2928,.T.);
#2931=ORIENTED_EDGE('',*,*,#2930,.T.);
#2933=ORIENTED_EDGE('',*,*,#2932,.T.);
#2935=ORIENTED_EDGE('',*,*,#2934,.T.);
#2936=EDGE_LOOP('',(#2889,#2891,#2893,#2895,#2897,#2899,#2901,#2903,#2905,#2907,
#2909,#2911,#2913,#2915,#2917,#2919,#2921,#2923,#2925,#2927,#2929,#2931,#2933,
#2935));
#2937=FACE_BOUND('',#2936,.F.);
#2938=ADVANCED_FACE('',(#2847,#2857,#2867,#2877,#2887,#2937),#2829,.F.);
#2939=CARTESIAN_POINT('',(-2.9E0,-2.675E0,-1.6E0));
#2940=DIRECTION('',(0.E0,0.E0,-1.E0));
#2941=DIRECTION('',(1.E0,0.E0,0.E0));
#2942=AXIS2_PLACEMENT_3D('',#2939,#2940,#2941);
#2943=PLANE('',#2942);
#2944=ORIENTED_EDGE('',*,*,#2858,.F.);
#2946=ORIENTED_EDGE('',*,*,#2945,.T.);
#2948=ORIENTED_EDGE('',*,*,#2947,.T.);
#2950=ORIENTED_EDGE('',*,*,#2949,.F.);
#2951=EDGE_LOOP('',(#2944,#2946,#2948,#2950));
#2952=FACE_OUTER_BOUND('',#2951,.F.);
#2953=ADVANCED_FACE('',(#2952),#2943,.T.);
#2954=CARTESIAN_POINT('',(-2.9E0,-2.675E0,6.6E0));
#2955=DIRECTION('',(-1.E0,0.E0,0.E0));
#2956=DIRECTION('',(0.E0,0.E0,-1.E0));
#2957=AXIS2_PLACEMENT_3D('',#2954,#2955,#2956);
#2958=PLANE('',#2957);
#2960=ORIENTED_EDGE('',*,*,#2959,.T.);
#2962=ORIENTED_EDGE('',*,*,#2961,.T.);
#2963=ORIENTED_EDGE('',*,*,#2945,.F.);
#2964=ORIENTED_EDGE('',*,*,#2864,.F.);
#2965=EDGE_LOOP('',(#2960,#2962,#2963,#2964));
#2966=FACE_OUTER_BOUND('',#2965,.F.);
#2967=ADVANCED_FACE('',(#2966),#2958,.T.);
#2968=CARTESIAN_POINT('',(-1.7E0,-2.675E0,6.6E0));
#2969=DIRECTION('',(0.E0,0.E0,1.E0));
#2970=DIRECTION('',(-1.E0,0.E0,0.E0));
#2971=AXIS2_PLACEMENT_3D('',#2968,#2969,#2970);
#2972=PLANE('',#2971);
#2973=ORIENTED_EDGE('',*,*,#2862,.T.);
#2975=ORIENTED_EDGE('',*,*,#2974,.T.);
#2977=ORIENTED_EDGE('',*,*,#2976,.T.);
#2978=ORIENTED_EDGE('',*,*,#2959,.F.);
#2979=EDGE_LOOP('',(#2973,#2975,#2977,#2978));
#2980=FACE_OUTER_BOUND('',#2979,.F.);
#2981=ADVANCED_FACE('',(#2980),#2972,.T.);
#2982=CARTESIAN_POINT('',(-1.7E0,-2.675E0,-1.6E0));
#2983=DIRECTION('',(1.E0,0.E0,0.E0));
#2984=DIRECTION('',(0.E0,0.E0,1.E0));
#2985=AXIS2_PLACEMENT_3D('',#2982,#2983,#2984);
#2986=PLANE('',#2985);
#2987=ORIENTED_EDGE('',*,*,#2860,.F.);
#2988=ORIENTED_EDGE('',*,*,#2949,.T.);
#2990=ORIENTED_EDGE('',*,*,#2989,.T.);
#2991=ORIENTED_EDGE('',*,*,#2974,.F.);
#2992=EDGE_LOOP('',(#2987,#2988,#2990,#2991));
#2993=FACE_OUTER_BOUND('',#2992,.F.);
#2994=ADVANCED_FACE('',(#2993),#2986,.T.);
#2995=CARTESIAN_POINT('',(0.E0,-2.975E0,0.E0));
#2996=DIRECTION('',(0.E0,-1.E0,0.E0));
#2997=DIRECTION('',(1.E0,0.E0,0.E0));
#2998=AXIS2_PLACEMENT_3D('',#2995,#2996,#2997);
#2999=PLANE('',#2998);
#3000=ORIENTED_EDGE('',*,*,#2961,.F.);
#3001=ORIENTED_EDGE('',*,*,#2976,.F.);
#3002=ORIENTED_EDGE('',*,*,#2989,.F.);
#3003=ORIENTED_EDGE('',*,*,#2947,.F.);
#3004=EDGE_LOOP('',(#3000,#3001,#3002,#3003));
#3005=FACE_OUTER_BOUND('',#3004,.F.);
#3006=ADVANCED_FACE('',(#3005),#2999,.T.);
#3007=CARTESIAN_POINT('',(0.E0,-2.975E0,0.E0));
#3008=DIRECTION('',(0.E0,-1.E0,0.E0));
#3009=DIRECTION('',(1.E0,0.E0,0.E0));
#3010=AXIS2_PLACEMENT_3D('',#3007,#3008,#3009);
#3011=PLANE('',#3010);
#3013=ORIENTED_EDGE('',*,*,#3012,.F.);
#3015=ORIENTED_EDGE('',*,*,#3014,.F.);
#3017=ORIENTED_EDGE('',*,*,#3016,.F.);
#3019=ORIENTED_EDGE('',*,*,#3018,.F.);
#3020=EDGE_LOOP('',(#3013,#3015,#3017,#3019));
#3021=FACE_OUTER_BOUND('',#3020,.F.);
#3022=ADVANCED_FACE('',(#3021),#3011,.T.);
#3023=CARTESIAN_POINT('',(2.9E0,-2.675E0,6.6E0));
#3024=DIRECTION('',(0.E0,0.E0,1.E0));
#3025=DIRECTION('',(-1.E0,0.E0,0.E0));
#3026=AXIS2_PLACEMENT_3D('',#3023,#3024,#3025);
#3027=PLANE('',#3026);
#3028=ORIENTED_EDGE('',*,*,#2848,.F.);
#3030=ORIENTED_EDGE('',*,*,#3029,.T.);
#3031=ORIENTED_EDGE('',*,*,#3012,.T.);
#3033=ORIENTED_EDGE('',*,*,#3032,.F.);
#3034=EDGE_LOOP('',(#3028,#3030,#3031,#3033));
#3035=FACE_OUTER_BOUND('',#3034,.F.);
#3036=ADVANCED_FACE('',(#3035),#3027,.T.);
#3037=CARTESIAN_POINT('',(2.9E0,-2.675E0,-1.6E0));
#3038=DIRECTION('',(1.E0,0.E0,0.E0));
#3039=DIRECTION('',(0.E0,0.E0,1.E0));
#3040=AXIS2_PLACEMENT_3D('',#3037,#3038,#3039);
#3041=PLANE('',#3040);
#3042=ORIENTED_EDGE('',*,*,#3029,.F.);
#3043=ORIENTED_EDGE('',*,*,#2854,.F.);
#3045=ORIENTED_EDGE('',*,*,#3044,.T.);
#3046=ORIENTED_EDGE('',*,*,#3014,.T.);
#3047=EDGE_LOOP('',(#3042,#3043,#3045,#3046));
#3048=FACE_OUTER_BOUND('',#3047,.F.);
#3049=ADVANCED_FACE('',(#3048),#3041,.T.);
#3050=CARTESIAN_POINT('',(1.7E0,-2.675E0,-1.6E0));
#3051=DIRECTION('',(0.E0,0.E0,-1.E0));
#3052=DIRECTION('',(1.E0,0.E0,0.E0));
#3053=AXIS2_PLACEMENT_3D('',#3050,#3051,#3052);
#3054=PLANE('',#3053);
#3055=ORIENTED_EDGE('',*,*,#2852,.T.);
#3057=ORIENTED_EDGE('',*,*,#3056,.T.);
#3058=ORIENTED_EDGE('',*,*,#3016,.T.);
#3059=ORIENTED_EDGE('',*,*,#3044,.F.);
#3060=EDGE_LOOP('',(#3055,#3057,#3058,#3059));
#3061=FACE_OUTER_BOUND('',#3060,.F.);
#3062=ADVANCED_FACE('',(#3061),#3054,.T.);
#3063=CARTESIAN_POINT('',(1.7E0,-2.675E0,6.6E0));
#3064=DIRECTION('',(-1.E0,0.E0,0.E0));
#3065=DIRECTION('',(0.E0,0.E0,-1.E0));
#3066=AXIS2_PLACEMENT_3D('',#3063,#3064,#3065);
#3067=PLANE('',#3066);
#3068=ORIENTED_EDGE('',*,*,#2850,.F.);
#3069=ORIENTED_EDGE('',*,*,#3032,.T.);
#3070=ORIENTED_EDGE('',*,*,#3018,.T.);
#3071=ORIENTED_EDGE('',*,*,#3056,.F.);
#3072=EDGE_LOOP('',(#3068,#3069,#3070,#3071));
#3073=FACE_OUTER_BOUND('',#3072,.F.);
#3074=ADVANCED_FACE('',(#3073),#3067,.T.);
#3075=CARTESIAN_POINT('',(3.99E0,-2.675E0,0.E0));
#3076=DIRECTION('',(-1.E0,0.E0,0.E0));
#3077=DIRECTION('',(0.E0,0.E0,1.E0));
#3078=AXIS2_PLACEMENT_3D('',#3075,#3076,#3077);
#3079=PLANE('',#3078);
#3081=ORIENTED_EDGE('',*,*,#3080,.T.);
#3083=ORIENTED_EDGE('',*,*,#3082,.T.);
#3085=ORIENTED_EDGE('',*,*,#3084,.F.);
#3086=ORIENTED_EDGE('',*,*,#2830,.T.);
#3087=EDGE_LOOP('',(#3081,#3083,#3085,#3086));
#3088=FACE_OUTER_BOUND('',#3087,.F.);
#3089=ADVANCED_FACE('',(#3088),#3079,.F.);
#3090=CARTESIAN_POINT('',(5.15E0,-2.675E0,1.63E0));
#3091=DIRECTION('',(0.E0,0.E0,-1.E0));
#3092=DIRECTION('',(0.E0,1.E0,0.E0));
#3093=AXIS2_PLACEMENT_3D('',#3090,#3091,#3092);
#3094=PLANE('',#3093);
#3096=ORIENTED_EDGE('',*,*,#3095,.F.);
#3098=ORIENTED_EDGE('',*,*,#3097,.F.);
#3100=ORIENTED_EDGE('',*,*,#3099,.T.);
#3102=ORIENTED_EDGE('',*,*,#3101,.T.);
#3103=ORIENTED_EDGE('',*,*,#3080,.F.);
#3104=ORIENTED_EDGE('',*,*,#2844,.F.);
#3106=ORIENTED_EDGE('',*,*,#3105,.T.);
#3108=ORIENTED_EDGE('',*,*,#3107,.F.);
#3109=EDGE_LOOP('',(#3096,#3098,#3100,#3102,#3103,#3104,#3106,#3108));
#3110=FACE_OUTER_BOUND('',#3109,.F.);
#3111=ADVANCED_FACE('',(#3110),#3094,.T.);
#3112=CARTESIAN_POINT('',(5.15E0,-2.675E0,1.63E0));
#3113=DIRECTION('',(0.E0,0.E0,-1.E0));
#3114=DIRECTION('',(0.E0,1.E0,0.E0));
#3115=AXIS2_PLACEMENT_3D('',#3112,#3113,#3114);
#3116=PLANE('',#3115);
#3118=ORIENTED_EDGE('',*,*,#3117,.F.);
#3120=ORIENTED_EDGE('',*,*,#3119,.F.);
#3122=ORIENTED_EDGE('',*,*,#3121,.T.);
#3124=ORIENTED_EDGE('',*,*,#3123,.T.);
#3125=EDGE_LOOP('',(#3118,#3120,#3122,#3124));
#3126=FACE_OUTER_BOUND('',#3125,.F.);
#3127=ADVANCED_FACE('',(#3126),#3116,.T.);
#3128=CARTESIAN_POINT('',(4.5E0,0.E0,0.E0));
#3129=DIRECTION('',(-1.E0,0.E0,0.E0));
#3130=DIRECTION('',(0.E0,0.E0,1.E0));
#3131=AXIS2_PLACEMENT_3D('',#3128,#3129,#3130);
#3132=PLANE('',#3131);
#3134=ORIENTED_EDGE('',*,*,#3133,.T.);
#3136=ORIENTED_EDGE('',*,*,#3135,.T.);
#3138=ORIENTED_EDGE('',*,*,#3137,.T.);
#3140=ORIENTED_EDGE('',*,*,#3139,.T.);
#3142=ORIENTED_EDGE('',*,*,#3141,.T.);
#3144=ORIENTED_EDGE('',*,*,#3143,.T.);
#3145=ORIENTED_EDGE('',*,*,#3095,.T.);
#3147=ORIENTED_EDGE('',*,*,#3146,.T.);
#3149=ORIENTED_EDGE('',*,*,#3148,.T.);
#3151=ORIENTED_EDGE('',*,*,#3150,.T.);
#3153=ORIENTED_EDGE('',*,*,#3152,.T.);
#3155=ORIENTED_EDGE('',*,*,#3154,.T.);
#3157=ORIENTED_EDGE('',*,*,#3156,.T.);
#3159=ORIENTED_EDGE('',*,*,#3158,.F.);
#3160=ORIENTED_EDGE('',*,*,#3117,.T.);
#3162=ORIENTED_EDGE('',*,*,#3161,.T.);
#3163=EDGE_LOOP('',(#3134,#3136,#3138,#3140,#3142,#3144,#3145,#3147,#3149,#3151,
#3153,#3155,#3157,#3159,#3160,#3162));
#3164=FACE_OUTER_BOUND('',#3163,.F.);
#3165=ADVANCED_FACE('',(#3164),#3132,.F.);
#3166=CARTESIAN_POINT('',(4.5E0,0.E0,0.E0));
#3167=DIRECTION('',(-1.E0,0.E0,0.E0));
#3168=DIRECTION('',(0.E0,0.E0,1.E0));
#3169=AXIS2_PLACEMENT_3D('',#3166,#3167,#3168);
#3170=PLANE('',#3169);
#3172=ORIENTED_EDGE('',*,*,#3171,.T.);
#3174=ORIENTED_EDGE('',*,*,#3173,.T.);
#3176=ORIENTED_EDGE('',*,*,#3175,.T.);
#3178=ORIENTED_EDGE('',*,*,#3177,.T.);
#3180=ORIENTED_EDGE('',*,*,#3179,.T.);
#3181=ORIENTED_EDGE('',*,*,#2882,.F.);
#3182=EDGE_LOOP('',(#3172,#3174,#3176,#3178,#3180,#3181));
#3183=FACE_OUTER_BOUND('',#3182,.F.);
#3184=ADVANCED_FACE('',(#3183),#3170,.F.);
#3185=CARTESIAN_POINT('',(4.E0,2.1E0,-3.095E0));
#3186=DIRECTION('',(0.E0,0.E0,1.E0));
#3187=DIRECTION('',(0.E0,-1.E0,0.E0));
#3188=AXIS2_PLACEMENT_3D('',#3185,#3186,#3187);
#3189=PLANE('',#3188);
#3190=ORIENTED_EDGE('',*,*,#3133,.F.);
#3192=ORIENTED_EDGE('',*,*,#3191,.F.);
#3194=ORIENTED_EDGE('',*,*,#3193,.T.);
#3196=ORIENTED_EDGE('',*,*,#3195,.T.);
#3197=EDGE_LOOP('',(#3190,#3192,#3194,#3196));
#3198=FACE_OUTER_BOUND('',#3197,.F.);
#3199=ADVANCED_FACE('',(#3198),#3189,.F.);
#3200=CARTESIAN_POINT('',(5.15E0,1.025E0,1.63E0));
#3201=DIRECTION('',(0.E0,-9.876611736113E-1,-1.566058943358E-1));
#3202=DIRECTION('',(0.E0,1.566058943358E-1,-9.876611736113E-1));
#3203=AXIS2_PLACEMENT_3D('',#3200,#3201,#3202);
#3204=PLANE('',#3203);
#3205=ORIENTED_EDGE('',*,*,#3161,.F.);
#3206=ORIENTED_EDGE('',*,*,#3123,.F.);
#3208=ORIENTED_EDGE('',*,*,#3207,.T.);
#3210=ORIENTED_EDGE('',*,*,#3209,.T.);
#3211=ORIENTED_EDGE('',*,*,#3082,.F.);
#3212=ORIENTED_EDGE('',*,*,#3101,.F.);
#3214=ORIENTED_EDGE('',*,*,#3213,.T.);
#3215=ORIENTED_EDGE('',*,*,#3191,.T.);
#3216=EDGE_LOOP('',(#3205,#3206,#3208,#3210,#3211,#3212,#3214,#3215));
#3217=FACE_OUTER_BOUND('',#3216,.F.);
#3218=ADVANCED_FACE('',(#3217),#3204,.T.);
#3219=CARTESIAN_POINT('',(5.15E0,-2.675E0,8.1E0));
#3220=DIRECTION('',(1.E0,0.E0,0.E0));
#3221=DIRECTION('',(0.E0,0.E0,-1.E0));
#3222=AXIS2_PLACEMENT_3D('',#3219,#3220,#3221);
#3223=PLANE('',#3222);
#3224=ORIENTED_EDGE('',*,*,#3105,.F.);
#3225=ORIENTED_EDGE('',*,*,#2842,.F.);
#3227=ORIENTED_EDGE('',*,*,#3226,.T.);
#3229=ORIENTED_EDGE('',*,*,#3228,.T.);
#3230=EDGE_LOOP('',(#3224,#3225,#3227,#3229));
#3231=FACE_OUTER_BOUND('',#3230,.F.);
#3232=ADVANCED_FACE('',(#3231),#3223,.T.);
#3233=CARTESIAN_POINT('',(5.15E0,-2.675E0,8.1E0));
#3234=DIRECTION('',(1.E0,0.E0,0.E0));
#3235=DIRECTION('',(0.E0,0.E0,-1.E0));
#3236=AXIS2_PLACEMENT_3D('',#3233,#3234,#3235);
#3237=PLANE('',#3236);
#3239=ORIENTED_EDGE('',*,*,#3238,.T.);
#3241=ORIENTED_EDGE('',*,*,#3240,.F.);
#3242=ORIENTED_EDGE('',*,*,#3207,.F.);
#3243=ORIENTED_EDGE('',*,*,#3121,.F.);
#3245=ORIENTED_EDGE('',*,*,#3244,.F.);
#3247=ORIENTED_EDGE('',*,*,#3246,.T.);
#3248=EDGE_LOOP('',(#3239,#3241,#3242,#3243,#3245,#3247));
#3249=FACE_OUTER_BOUND('',#3248,.F.);
#3250=ADVANCED_FACE('',(#3249),#3237,.T.);
#3251=CARTESIAN_POINT('',(-5.15E0,-2.675E0,8.1E0));
#3252=DIRECTION('',(0.E0,0.E0,1.E0));
#3253=DIRECTION('',(1.E0,0.E0,0.E0));
#3254=AXIS2_PLACEMENT_3D('',#3251,#3252,#3253);
#3255=PLANE('',#3254);
#3257=ORIENTED_EDGE('',*,*,#3256,.F.);
#3259=ORIENTED_EDGE('',*,*,#3258,.T.);
#3261=ORIENTED_EDGE('',*,*,#3260,.F.);
#3263=ORIENTED_EDGE('',*,*,#3262,.T.);
#3265=ORIENTED_EDGE('',*,*,#3264,.T.);
#3267=ORIENTED_EDGE('',*,*,#3266,.T.);
#3269=ORIENTED_EDGE('',*,*,#3268,.F.);
#3271=ORIENTED_EDGE('',*,*,#3270,.T.);
#3273=ORIENTED_EDGE('',*,*,#3272,.T.);
#3275=ORIENTED_EDGE('',*,*,#3274,.T.);
#3277=ORIENTED_EDGE('',*,*,#3276,.T.);
#3279=ORIENTED_EDGE('',*,*,#3278,.T.);
#3281=ORIENTED_EDGE('',*,*,#3280,.T.);
#3283=ORIENTED_EDGE('',*,*,#3282,.T.);
#3285=ORIENTED_EDGE('',*,*,#3284,.T.);
#3287=ORIENTED_EDGE('',*,*,#3286,.T.);
#3289=ORIENTED_EDGE('',*,*,#3288,.F.);
#3291=ORIENTED_EDGE('',*,*,#3290,.T.);
#3293=ORIENTED_EDGE('',*,*,#3292,.T.);
#3295=ORIENTED_EDGE('',*,*,#3294,.T.);
#3297=ORIENTED_EDGE('',*,*,#3296,.F.);
#3298=ORIENTED_EDGE('',*,*,#3246,.F.);
#3300=ORIENTED_EDGE('',*,*,#3299,.T.);
#3302=ORIENTED_EDGE('',*,*,#3301,.F.);
#3304=ORIENTED_EDGE('',*,*,#3303,.F.);
#3305=ORIENTED_EDGE('',*,*,#3226,.F.);
#3306=ORIENTED_EDGE('',*,*,#2840,.F.);
#3308=ORIENTED_EDGE('',*,*,#3307,.T.);
#3310=ORIENTED_EDGE('',*,*,#3309,.T.);
#3312=ORIENTED_EDGE('',*,*,#3311,.T.);
#3314=ORIENTED_EDGE('',*,*,#3313,.F.);
#3316=ORIENTED_EDGE('',*,*,#3315,.T.);
#3317=EDGE_LOOP('',(#3257,#3259,#3261,#3263,#3265,#3267,#3269,#3271,#3273,#3275,
#3277,#3279,#3281,#3283,#3285,#3287,#3289,#3291,#3293,#3295,#3297,#3298,#3300,
#3302,#3304,#3305,#3306,#3308,#3310,#3312,#3314,#3316));
#3318=FACE_OUTER_BOUND('',#3317,.F.);
#3319=ADVANCED_FACE('',(#3318),#3255,.T.);
#3320=CARTESIAN_POINT('',(-4.95E0,2.475E0,-2.613545143338E1));
#3321=DIRECTION('',(0.E0,0.E0,1.E0));
#3322=DIRECTION('',(0.E0,1.E0,0.E0));
#3323=AXIS2_PLACEMENT_3D('',#3320,#3321,#3322);
#3324=CYLINDRICAL_SURFACE('',#3323,2.E-1);
#3325=ORIENTED_EDGE('',*,*,#3256,.T.);
#3327=ORIENTED_EDGE('',*,*,#3326,.F.);
#3329=ORIENTED_EDGE('',*,*,#3328,.T.);
#3331=ORIENTED_EDGE('',*,*,#3330,.T.);
#3332=EDGE_LOOP('',(#3325,#3327,#3329,#3331));
#3333=FACE_OUTER_BOUND('',#3332,.F.);
#3334=ADVANCED_FACE('',(#3333),#3324,.T.);
#3335=CARTESIAN_POINT('',(-5.15E0,-2.675E0,-3.1E0));
#3336=DIRECTION('',(-1.E0,0.E0,0.E0));
#3337=DIRECTION('',(0.E0,0.E0,1.E0));
#3338=AXIS2_PLACEMENT_3D('',#3335,#3336,#3337);
#3339=PLANE('',#3338);
#3341=ORIENTED_EDGE('',*,*,#3340,.T.);
#3343=ORIENTED_EDGE('',*,*,#3342,.F.);
#3344=ORIENTED_EDGE('',*,*,#3307,.F.);
#3345=ORIENTED_EDGE('',*,*,#2838,.F.);
#3346=EDGE_LOOP('',(#3341,#3343,#3344,#3345));
#3347=FACE_OUTER_BOUND('',#3346,.F.);
#3348=ADVANCED_FACE('',(#3347),#3339,.T.);
#3349=CARTESIAN_POINT('',(-5.15E0,-2.675E0,-3.1E0));
#3350=DIRECTION('',(-1.E0,0.E0,0.E0));
#3351=DIRECTION('',(0.E0,0.E0,1.E0));
#3352=AXIS2_PLACEMENT_3D('',#3349,#3350,#3351);
#3353=PLANE('',#3352);
#3354=ORIENTED_EDGE('',*,*,#3326,.T.);
#3355=ORIENTED_EDGE('',*,*,#3315,.F.);
#3357=ORIENTED_EDGE('',*,*,#3356,.T.);
#3359=ORIENTED_EDGE('',*,*,#3358,.T.);
#3361=ORIENTED_EDGE('',*,*,#3360,.T.);
#3363=ORIENTED_EDGE('',*,*,#3362,.T.);
#3364=EDGE_LOOP('',(#3354,#3355,#3357,#3359,#3361,#3363));
#3365=FACE_OUTER_BOUND('',#3364,.F.);
#3366=ADVANCED_FACE('',(#3365),#3353,.T.);
#3367=CARTESIAN_POINT('',(-5.15E0,-2.675E0,1.63E0));
#3368=DIRECTION('',(0.E0,0.E0,1.E0));
#3369=DIRECTION('',(0.E0,1.E0,0.E0));
#3370=AXIS2_PLACEMENT_3D('',#3367,#3368,#3369);
#3371=PLANE('',#3370);
#3373=ORIENTED_EDGE('',*,*,#3372,.T.);
#3375=ORIENTED_EDGE('',*,*,#3374,.F.);
#3376=ORIENTED_EDGE('',*,*,#3340,.F.);
#3377=ORIENTED_EDGE('',*,*,#2836,.T.);
#3379=ORIENTED_EDGE('',*,*,#3378,.T.);
#3381=ORIENTED_EDGE('',*,*,#3380,.F.);
#3383=ORIENTED_EDGE('',*,*,#3382,.T.);
#3385=ORIENTED_EDGE('',*,*,#3384,.T.);
#3386=EDGE_LOOP('',(#3373,#3375,#3376,#3377,#3379,#3381,#3383,#3385));
#3387=FACE_OUTER_BOUND('',#3386,.F.);
#3388=ADVANCED_FACE('',(#3387),#3371,.F.);
#3389=CARTESIAN_POINT('',(-5.15E0,-2.675E0,1.63E0));
#3390=DIRECTION('',(0.E0,0.E0,1.E0));
#3391=DIRECTION('',(0.E0,1.E0,0.E0));
#3392=AXIS2_PLACEMENT_3D('',#3389,#3390,#3391);
#3393=PLANE('',#3392);
#3395=ORIENTED_EDGE('',*,*,#3394,.T.);
#3397=ORIENTED_EDGE('',*,*,#3396,.F.);
#3398=ORIENTED_EDGE('',*,*,#3358,.F.);
#3400=ORIENTED_EDGE('',*,*,#3399,.F.);
#3401=EDGE_LOOP('',(#3395,#3397,#3398,#3400));
#3402=FACE_OUTER_BOUND('',#3401,.F.);
#3403=ADVANCED_FACE('',(#3402),#3393,.F.);
#3404=CARTESIAN_POINT('',(-4.5E0,0.E0,0.E0));
#3405=DIRECTION('',(-1.E0,0.E0,0.E0));
#3406=DIRECTION('',(0.E0,0.E0,1.E0));
#3407=AXIS2_PLACEMENT_3D('',#3404,#3405,#3406);
#3408=PLANE('',#3407);
#3409=ORIENTED_EDGE('',*,*,#2872,.T.);
#3411=ORIENTED_EDGE('',*,*,#3410,.F.);
#3413=ORIENTED_EDGE('',*,*,#3412,.F.);
#3415=ORIENTED_EDGE('',*,*,#3414,.F.);
#3417=ORIENTED_EDGE('',*,*,#3416,.F.);
#3419=ORIENTED_EDGE('',*,*,#3418,.F.);
#3420=EDGE_LOOP('',(#3409,#3411,#3413,#3415,#3417,#3419));
#3421=FACE_OUTER_BOUND('',#3420,.F.);
#3422=ADVANCED_FACE('',(#3421),#3408,.T.);
#3423=CARTESIAN_POINT('',(-4.5E0,0.E0,0.E0));
#3424=DIRECTION('',(-1.E0,0.E0,0.E0));
#3425=DIRECTION('',(0.E0,0.E0,1.E0));
#3426=AXIS2_PLACEMENT_3D('',#3423,#3424,#3425);
#3427=PLANE('',#3426);
#3429=ORIENTED_EDGE('',*,*,#3428,.F.);
#3430=ORIENTED_EDGE('',*,*,#3372,.F.);
#3432=ORIENTED_EDGE('',*,*,#3431,.F.);
#3434=ORIENTED_EDGE('',*,*,#3433,.F.);
#3436=ORIENTED_EDGE('',*,*,#3435,.F.);
#3438=ORIENTED_EDGE('',*,*,#3437,.F.);
#3440=ORIENTED_EDGE('',*,*,#3439,.F.);
#3442=ORIENTED_EDGE('',*,*,#3441,.F.);
#3444=ORIENTED_EDGE('',*,*,#3443,.F.);
#3445=ORIENTED_EDGE('',*,*,#3394,.F.);
#3447=ORIENTED_EDGE('',*,*,#3446,.T.);
#3449=ORIENTED_EDGE('',*,*,#3448,.F.);
#3451=ORIENTED_EDGE('',*,*,#3450,.F.);
#3453=ORIENTED_EDGE('',*,*,#3452,.F.);
#3455=ORIENTED_EDGE('',*,*,#3454,.F.);
#3457=ORIENTED_EDGE('',*,*,#3456,.F.);
#3458=EDGE_LOOP('',(#3429,#3430,#3432,#3434,#3436,#3438,#3440,#3442,#3444,#3445,
#3447,#3449,#3451,#3453,#3455,#3457));
#3459=FACE_OUTER_BOUND('',#3458,.F.);
#3460=ADVANCED_FACE('',(#3459),#3427,.T.);
#3461=CARTESIAN_POINT('',(-4.E0,-4.9E0,3.605E0));
#3462=DIRECTION('',(0.E0,0.E0,1.E0));
#3463=DIRECTION('',(0.E0,1.E0,0.E0));
#3464=AXIS2_PLACEMENT_3D('',#3461,#3462,#3463);
#3465=PLANE('',#3464);
#3466=ORIENTED_EDGE('',*,*,#2870,.F.);
#3468=ORIENTED_EDGE('',*,*,#3467,.F.);
#3470=ORIENTED_EDGE('',*,*,#3469,.T.);
#3471=ORIENTED_EDGE('',*,*,#3410,.T.);
#3472=EDGE_LOOP('',(#3466,#3468,#3470,#3471));
#3473=FACE_OUTER_BOUND('',#3472,.F.);
#3474=ADVANCED_FACE('',(#3473),#3465,.T.);
#3475=CARTESIAN_POINT('',(-4.E0,0.E0,0.E0));
#3476=DIRECTION('',(-1.E0,0.E0,0.E0));
#3477=DIRECTION('',(0.E0,0.E0,1.E0));
#3478=AXIS2_PLACEMENT_3D('',#3475,#3476,#3477);
#3479=PLANE('',#3478);
#3480=ORIENTED_EDGE('',*,*,#2868,.F.);
#3482=ORIENTED_EDGE('',*,*,#3481,.T.);
#3484=ORIENTED_EDGE('',*,*,#3483,.T.);
#3486=ORIENTED_EDGE('',*,*,#3485,.T.);
#3488=ORIENTED_EDGE('',*,*,#3487,.T.);
#3489=ORIENTED_EDGE('',*,*,#3467,.T.);
#3490=EDGE_LOOP('',(#3480,#3482,#3484,#3486,#3488,#3489));
#3491=FACE_OUTER_BOUND('',#3490,.F.);
#3492=ADVANCED_FACE('',(#3491),#3479,.F.);
#3493=CARTESIAN_POINT('',(-4.E0,0.E0,0.E0));
#3494=DIRECTION('',(-1.E0,0.E0,0.E0));
#3495=DIRECTION('',(0.E0,0.E0,1.E0));
#3496=AXIS2_PLACEMENT_3D('',#3493,#3494,#3495);
#3497=PLANE('',#3496);
#3498=ORIENTED_EDGE('',*,*,#3382,.F.);
#3500=ORIENTED_EDGE('',*,*,#3499,.T.);
#3502=ORIENTED_EDGE('',*,*,#3501,.T.);
#3504=ORIENTED_EDGE('',*,*,#3503,.T.);
#3506=ORIENTED_EDGE('',*,*,#3505,.T.);
#3508=ORIENTED_EDGE('',*,*,#3507,.T.);
#3510=ORIENTED_EDGE('',*,*,#3509,.T.);
#3512=ORIENTED_EDGE('',*,*,#3511,.T.);
#3513=EDGE_LOOP('',(#3498,#3500,#3502,#3504,#3506,#3508,#3510,#3512));
#3514=FACE_OUTER_BOUND('',#3513,.F.);
#3515=ADVANCED_FACE('',(#3514),#3497,.F.);
#3516=CARTESIAN_POINT('',(-4.E0,-2.5E0,2.105E0));
#3517=DIRECTION('',(0.E0,0.E0,-1.E0));
#3518=DIRECTION('',(0.E0,-1.E0,0.E0));
#3519=AXIS2_PLACEMENT_3D('',#3516,#3517,#3518);
#3520=PLANE('',#3519);
#3521=ORIENTED_EDGE('',*,*,#2874,.T.);
#3522=ORIENTED_EDGE('',*,*,#3418,.T.);
#3524=ORIENTED_EDGE('',*,*,#3523,.F.);
#3525=ORIENTED_EDGE('',*,*,#3481,.F.);
#3526=EDGE_LOOP('',(#3521,#3522,#3524,#3525));
#3527=FACE_OUTER_BOUND('',#3526,.F.);
#3528=ADVANCED_FACE('',(#3527),#3520,.T.);
#3529=CARTESIAN_POINT('',(-4.E0,-4.9E0,2.105E0));
#3530=DIRECTION('',(0.E0,-1.961161351382E-1,-9.805806756909E-1));
#3531=DIRECTION('',(0.E0,-9.805806756909E-1,1.961161351382E-1));
#3532=AXIS2_PLACEMENT_3D('',#3529,#3530,#3531);
#3533=PLANE('',#3532);
#3534=ORIENTED_EDGE('',*,*,#3483,.F.);
#3535=ORIENTED_EDGE('',*,*,#3523,.T.);
#3536=ORIENTED_EDGE('',*,*,#3416,.T.);
#3538=ORIENTED_EDGE('',*,*,#3537,.F.);
#3539=EDGE_LOOP('',(#3534,#3535,#3536,#3538));
#3540=FACE_OUTER_BOUND('',#3539,.F.);
#3541=ADVANCED_FACE('',(#3540),#3533,.T.);
#3542=CARTESIAN_POINT('',(-4.E0,-5.9E0,2.305E0));
#3543=DIRECTION('',(0.E0,-1.E0,0.E0));
#3544=DIRECTION('',(0.E0,0.E0,1.E0));
#3545=AXIS2_PLACEMENT_3D('',#3542,#3543,#3544);
#3546=PLANE('',#3545);
#3547=ORIENTED_EDGE('',*,*,#3485,.F.);
#3548=ORIENTED_EDGE('',*,*,#3537,.T.);
#3549=ORIENTED_EDGE('',*,*,#3414,.T.);
#3551=ORIENTED_EDGE('',*,*,#3550,.F.);
#3552=EDGE_LOOP('',(#3547,#3548,#3549,#3551));
#3553=FACE_OUTER_BOUND('',#3552,.F.);
#3554=ADVANCED_FACE('',(#3553),#3546,.T.);
#3555=CARTESIAN_POINT('',(-4.E0,-5.9E0,3.405E0));
#3556=DIRECTION('',(0.E0,-1.961161351382E-1,9.805806756909E-1));
#3557=DIRECTION('',(0.E0,9.805806756909E-1,1.961161351382E-1));
#3558=AXIS2_PLACEMENT_3D('',#3555,#3556,#3557);
#3559=PLANE('',#3558);
#3560=ORIENTED_EDGE('',*,*,#3487,.F.);
#3561=ORIENTED_EDGE('',*,*,#3550,.T.);
#3562=ORIENTED_EDGE('',*,*,#3412,.T.);
#3563=ORIENTED_EDGE('',*,*,#3469,.F.);
#3564=EDGE_LOOP('',(#3560,#3561,#3562,#3563));
#3565=FACE_OUTER_BOUND('',#3564,.F.);
#3566=ADVANCED_FACE('',(#3565),#3559,.T.);
#3567=CARTESIAN_POINT('',(-5.15E0,1.025E0,1.63E0));
#3568=DIRECTION('',(0.E0,9.876611736113E-1,1.566058943358E-1));
#3569=DIRECTION('',(0.E0,1.566058943358E-1,-9.876611736113E-1));
#3570=AXIS2_PLACEMENT_3D('',#3567,#3568,#3569);
#3571=PLANE('',#3570);
#3572=ORIENTED_EDGE('',*,*,#3443,.T.);
#3574=ORIENTED_EDGE('',*,*,#3573,.F.);
#3575=ORIENTED_EDGE('',*,*,#3499,.F.);
#3576=ORIENTED_EDGE('',*,*,#3380,.T.);
#3578=ORIENTED_EDGE('',*,*,#3577,.T.);
#3580=ORIENTED_EDGE('',*,*,#3579,.F.);
#3581=ORIENTED_EDGE('',*,*,#3360,.F.);
#3582=ORIENTED_EDGE('',*,*,#3396,.T.);
#3583=EDGE_LOOP('',(#3572,#3574,#3575,#3576,#3578,#3580,#3581,#3582));
#3584=FACE_OUTER_BOUND('',#3583,.F.);
#3585=ADVANCED_FACE('',(#3584),#3571,.F.);
#3586=CARTESIAN_POINT('',(-4.E0,2.1E0,-3.095E0));
#3587=DIRECTION('',(0.E0,0.E0,-1.E0));
#3588=DIRECTION('',(0.E0,-1.E0,0.E0));
#3589=AXIS2_PLACEMENT_3D('',#3586,#3587,#3588);
#3590=PLANE('',#3589);
#3591=ORIENTED_EDGE('',*,*,#3573,.T.);
#3592=ORIENTED_EDGE('',*,*,#3441,.T.);
#3594=ORIENTED_EDGE('',*,*,#3593,.F.);
#3595=ORIENTED_EDGE('',*,*,#3501,.F.);
#3596=EDGE_LOOP('',(#3591,#3592,#3594,#3595));
#3597=FACE_OUTER_BOUND('',#3596,.F.);
#3598=ADVANCED_FACE('',(#3597),#3590,.T.);
#3599=CARTESIAN_POINT('',(-4.E0,1.E0,-3.095E0));
#3600=DIRECTION('',(0.E0,-1.E0,0.E0));
#3601=DIRECTION('',(0.E0,0.E0,1.E0));
#3602=AXIS2_PLACEMENT_3D('',#3599,#3600,#3601);
#3603=PLANE('',#3602);
#3604=ORIENTED_EDGE('',*,*,#3503,.F.);
#3605=ORIENTED_EDGE('',*,*,#3593,.T.);
#3606=ORIENTED_EDGE('',*,*,#3439,.T.);
#3608=ORIENTED_EDGE('',*,*,#3607,.F.);
#3609=EDGE_LOOP('',(#3604,#3605,#3606,#3608));
#3610=FACE_OUTER_BOUND('',#3609,.F.);
#3611=ADVANCED_FACE('',(#3610),#3603,.T.);
#3612=CARTESIAN_POINT('',(-4.E0,1.E0,-2.342E0));
#3613=DIRECTION('',(0.E0,0.E0,-1.E0));
#3614=DIRECTION('',(0.E0,-1.E0,0.E0));
#3615=AXIS2_PLACEMENT_3D('',#3612,#3613,#3614);
#3616=PLANE('',#3615);
#3617=ORIENTED_EDGE('',*,*,#3505,.F.);
#3618=ORIENTED_EDGE('',*,*,#3607,.T.);
#3619=ORIENTED_EDGE('',*,*,#3437,.T.);
#3621=ORIENTED_EDGE('',*,*,#3620,.F.);
#3622=EDGE_LOOP('',(#3617,#3618,#3619,#3621));
#3623=FACE_OUTER_BOUND('',#3622,.F.);
#3624=ADVANCED_FACE('',(#3623),#3616,.T.);
#3625=CARTESIAN_POINT('',(-4.E0,-1.E0,-2.342E0));
#3626=DIRECTION('',(0.E0,1.E0,0.E0));
#3627=DIRECTION('',(0.E0,0.E0,-1.E0));
#3628=AXIS2_PLACEMENT_3D('',#3625,#3626,#3627);
#3629=PLANE('',#3628);
#3630=ORIENTED_EDGE('',*,*,#3507,.F.);
#3631=ORIENTED_EDGE('',*,*,#3620,.T.);
#3632=ORIENTED_EDGE('',*,*,#3435,.T.);
#3634=ORIENTED_EDGE('',*,*,#3633,.F.);
#3635=EDGE_LOOP('',(#3630,#3631,#3632,#3634));
#3636=FACE_OUTER_BOUND('',#3635,.F.);
#3637=ADVANCED_FACE('',(#3636),#3629,.T.);
#3638=CARTESIAN_POINT('',(-4.E0,-1.E0,-3.095E0));
#3639=DIRECTION('',(0.E0,0.E0,-1.E0));
#3640=DIRECTION('',(0.E0,-1.E0,0.E0));
#3641=AXIS2_PLACEMENT_3D('',#3638,#3639,#3640);
#3642=PLANE('',#3641);
#3643=ORIENTED_EDGE('',*,*,#3509,.F.);
#3644=ORIENTED_EDGE('',*,*,#3633,.T.);
#3645=ORIENTED_EDGE('',*,*,#3433,.T.);
#3647=ORIENTED_EDGE('',*,*,#3646,.F.);
#3648=EDGE_LOOP('',(#3643,#3644,#3645,#3647));
#3649=FACE_OUTER_BOUND('',#3648,.F.);
#3650=ADVANCED_FACE('',(#3649),#3642,.T.);
#3651=CARTESIAN_POINT('',(-4.E0,-2.5E0,-3.095E0));
#3652=DIRECTION('',(0.E0,-1.E0,0.E0));
#3653=DIRECTION('',(0.E0,0.E0,1.E0));
#3654=AXIS2_PLACEMENT_3D('',#3651,#3652,#3653);
#3655=PLANE('',#3654);
#3656=ORIENTED_EDGE('',*,*,#3384,.F.);
#3657=ORIENTED_EDGE('',*,*,#3511,.F.);
#3658=ORIENTED_EDGE('',*,*,#3646,.T.);
#3659=ORIENTED_EDGE('',*,*,#3431,.T.);
#3660=EDGE_LOOP('',(#3656,#3657,#3658,#3659));
#3661=FACE_OUTER_BOUND('',#3660,.F.);
#3662=ADVANCED_FACE('',(#3661),#3655,.T.);
#3663=CARTESIAN_POINT('',(-3.99E0,-2.675E0,0.E0));
#3664=DIRECTION('',(-1.E0,0.E0,0.E0));
#3665=DIRECTION('',(0.E0,0.E0,1.E0));
#3666=AXIS2_PLACEMENT_3D('',#3663,#3664,#3665);
#3667=PLANE('',#3666);
#3668=ORIENTED_EDGE('',*,*,#2834,.F.);
#3670=ORIENTED_EDGE('',*,*,#3669,.T.);
#3671=ORIENTED_EDGE('',*,*,#3577,.F.);
#3672=ORIENTED_EDGE('',*,*,#3378,.F.);
#3673=EDGE_LOOP('',(#3668,#3670,#3671,#3672));
#3674=FACE_OUTER_BOUND('',#3673,.F.);
#3675=ADVANCED_FACE('',(#3674),#3667,.T.);
#3676=CARTESIAN_POINT('',(5.15E0,-2.675E0,-3.1E0));
#3677=DIRECTION('',(0.E0,0.E0,-1.E0));
#3678=DIRECTION('',(-1.E0,0.E0,0.E0));
#3679=AXIS2_PLACEMENT_3D('',#3676,#3677,#3678);
#3680=PLANE('',#3679);
#3681=ORIENTED_EDGE('',*,*,#3328,.F.);
#3682=ORIENTED_EDGE('',*,*,#3362,.F.);
#3683=ORIENTED_EDGE('',*,*,#3579,.T.);
#3684=ORIENTED_EDGE('',*,*,#3669,.F.);
#3685=ORIENTED_EDGE('',*,*,#2832,.F.);
#3686=ORIENTED_EDGE('',*,*,#3084,.T.);
#3687=ORIENTED_EDGE('',*,*,#3209,.F.);
#3688=ORIENTED_EDGE('',*,*,#3240,.T.);
#3690=ORIENTED_EDGE('',*,*,#3689,.F.);
#3692=ORIENTED_EDGE('',*,*,#3691,.T.);
#3693=EDGE_LOOP('',(#3681,#3682,#3683,#3684,#3685,#3686,#3687,#3688,#3690,
#3692));
#3694=FACE_OUTER_BOUND('',#3693,.F.);
#3696=ORIENTED_EDGE('',*,*,#3695,.T.);
#3698=ORIENTED_EDGE('',*,*,#3697,.T.);
#3700=ORIENTED_EDGE('',*,*,#3699,.F.);
#3702=ORIENTED_EDGE('',*,*,#3701,.F.);
#3703=EDGE_LOOP('',(#3696,#3698,#3700,#3702));
#3704=FACE_BOUND('',#3703,.F.);
#3706=ORIENTED_EDGE('',*,*,#3705,.T.);
#3708=ORIENTED_EDGE('',*,*,#3707,.T.);
#3710=ORIENTED_EDGE('',*,*,#3709,.F.);
#3712=ORIENTED_EDGE('',*,*,#3711,.F.);
#3713=EDGE_LOOP('',(#3706,#3708,#3710,#3712));
#3714=FACE_BOUND('',#3713,.F.);
#3715=ADVANCED_FACE('',(#3694,#3704,#3714),#3680,.T.);
#3716=CARTESIAN_POINT('',(-2.0675E0,0.E0,0.E0));
#3717=DIRECTION('',(1.E0,0.E0,0.E0));
#3718=DIRECTION('',(0.E0,0.E0,-1.E0));
#3719=AXIS2_PLACEMENT_3D('',#3716,#3717,#3718);
#3720=PLANE('',#3719);
#3722=ORIENTED_EDGE('',*,*,#3721,.F.);
#3724=ORIENTED_EDGE('',*,*,#3723,.T.);
#3726=ORIENTED_EDGE('',*,*,#3725,.T.);
#3728=ORIENTED_EDGE('',*,*,#3727,.T.);
#3729=EDGE_LOOP('',(#3722,#3724,#3726,#3728));
#3730=FACE_OUTER_BOUND('',#3729,.F.);
#3731=ADVANCED_FACE('',(#3730),#3720,.F.);
#3732=CARTESIAN_POINT('',(-2.0675E0,0.E0,0.E0));
#3733=DIRECTION('',(1.E0,0.E0,0.E0));
#3734=DIRECTION('',(0.E0,0.E0,-1.E0));
#3735=AXIS2_PLACEMENT_3D('',#3732,#3733,#3734);
#3736=PLANE('',#3735);
#3738=ORIENTED_EDGE('',*,*,#3737,.F.);
#3740=ORIENTED_EDGE('',*,*,#3739,.T.);
#3742=ORIENTED_EDGE('',*,*,#3741,.T.);
#3744=ORIENTED_EDGE('',*,*,#3743,.T.);
#3745=ORIENTED_EDGE('',*,*,#3705,.F.);
#3747=ORIENTED_EDGE('',*,*,#3746,.T.);
#3749=ORIENTED_EDGE('',*,*,#3748,.T.);
#3751=ORIENTED_EDGE('',*,*,#3750,.T.);
#3752=EDGE_LOOP('',(#3738,#3740,#3742,#3744,#3745,#3747,#3749,#3751));
#3753=FACE_OUTER_BOUND('',#3752,.F.);
#3754=ADVANCED_FACE('',(#3753),#3736,.F.);
#3755=CARTESIAN_POINT('',(-1.9675E0,2.45E-1,6.E0));
#3756=DIRECTION('',(-9.701425001453E-1,0.E0,2.425356250363E-1));
#3757=DIRECTION('',(2.425356250363E-1,0.E0,9.701425001453E-1));
#3758=AXIS2_PLACEMENT_3D('',#3755,#3756,#3757);
#3759=PLANE('',#3758);
#3761=ORIENTED_EDGE('',*,*,#3760,.T.);
#3762=ORIENTED_EDGE('',*,*,#3721,.T.);
#3764=ORIENTED_EDGE('',*,*,#3763,.T.);
#3766=ORIENTED_EDGE('',*,*,#3765,.F.);
#3767=EDGE_LOOP('',(#3761,#3762,#3764,#3766));
#3768=FACE_OUTER_BOUND('',#3767,.F.);
#3769=ADVANCED_FACE('',(#3768),#3759,.T.);
#3770=CARTESIAN_POINT('',(-1.75E0,2.75E-2,6.E0));
#3771=DIRECTION('',(0.E0,-9.701425001453E-1,2.425356250363E-1));
#3772=DIRECTION('',(0.E0,2.425356250363E-1,9.701425001453E-1));
#3773=AXIS2_PLACEMENT_3D('',#3770,#3771,#3772);
#3774=PLANE('',#3773);
#3775=ORIENTED_EDGE('',*,*,#3760,.F.);
#3777=ORIENTED_EDGE('',*,*,#3776,.F.);
#3779=ORIENTED_EDGE('',*,*,#3778,.F.);
#3781=ORIENTED_EDGE('',*,*,#3780,.T.);
#3782=EDGE_LOOP('',(#3775,#3777,#3779,#3781));
#3783=FACE_OUTER_BOUND('',#3782,.F.);
#3784=ADVANCED_FACE('',(#3783),#3774,.T.);
#3785=CARTESIAN_POINT('',(-2.0675E0,5.625E-1,6.4E0));
#3786=DIRECTION('',(0.E0,0.E0,1.E0));
#3787=DIRECTION('',(0.E0,-1.E0,0.E0));
#3788=AXIS2_PLACEMENT_3D('',#3785,#3786,#3787);
#3789=PLANE('',#3788);
#3791=ORIENTED_EDGE('',*,*,#3790,.F.);
#3793=ORIENTED_EDGE('',*,*,#3792,.T.);
#3794=ORIENTED_EDGE('',*,*,#3776,.T.);
#3795=ORIENTED_EDGE('',*,*,#3765,.T.);
#3796=EDGE_LOOP('',(#3791,#3793,#3794,#3795));
#3797=FACE_OUTER_BOUND('',#3796,.F.);
#3798=ADVANCED_FACE('',(#3797),#3789,.T.);
#3799=CARTESIAN_POINT('',(-1.75E0,4.625E-1,6.E0));
#3800=DIRECTION('',(0.E0,9.701425001453E-1,2.425356250363E-1));
#3801=DIRECTION('',(0.E0,2.425356250363E-1,-9.701425001453E-1));
#3802=AXIS2_PLACEMENT_3D('',#3799,#3800,#3801);
#3803=PLANE('',#3802);
#3804=ORIENTED_EDGE('',*,*,#3763,.F.);
#3806=ORIENTED_EDGE('',*,*,#3805,.F.);
#3808=ORIENTED_EDGE('',*,*,#3807,.F.);
#3809=ORIENTED_EDGE('',*,*,#3790,.T.);
#3810=EDGE_LOOP('',(#3804,#3806,#3808,#3809));
#3811=FACE_OUTER_BOUND('',#3810,.F.);
#3812=ADVANCED_FACE('',(#3811),#3803,.T.);
#3813=CARTESIAN_POINT('',(-2.0675E0,5.625E-1,-4.2425E0));
#3814=DIRECTION('',(0.E0,1.E0,0.E0));
#3815=DIRECTION('',(0.E0,0.E0,1.E0));
#3816=AXIS2_PLACEMENT_3D('',#3813,#3814,#3815);
#3817=PLANE('',#3816);
#3818=ORIENTED_EDGE('',*,*,#3707,.F.);
#3819=ORIENTED_EDGE('',*,*,#3743,.F.);
#3821=ORIENTED_EDGE('',*,*,#3820,.T.);
#3823=ORIENTED_EDGE('',*,*,#3822,.T.);
#3824=EDGE_LOOP('',(#3818,#3819,#3821,#3823));
#3825=FACE_OUTER_BOUND('',#3824,.F.);
#3826=ADVANCED_FACE('',(#3825),#3817,.T.);
#3827=CARTESIAN_POINT('',(-2.0675E0,5.625E-1,-4.2425E0));
#3828=DIRECTION('',(0.E0,1.E0,0.E0));
#3829=DIRECTION('',(0.E0,0.E0,1.E0));
#3830=AXIS2_PLACEMENT_3D('',#3827,#3828,#3829);
#3831=PLANE('',#3830);
#3832=ORIENTED_EDGE('',*,*,#3805,.T.);
#3833=ORIENTED_EDGE('',*,*,#3727,.F.);
#3835=ORIENTED_EDGE('',*,*,#3834,.T.);
#3837=ORIENTED_EDGE('',*,*,#3836,.T.);
#3838=EDGE_LOOP('',(#3832,#3833,#3835,#3837));
#3839=FACE_OUTER_BOUND('',#3838,.F.);
#3840=ADVANCED_FACE('',(#3839),#3831,.T.);
#3841=CARTESIAN_POINT('',(-2.0675E0,-5.725E-1,-4.2425E0));
#3842=DIRECTION('',(1.E0,0.E0,0.E0));
#3843=DIRECTION('',(0.E0,0.E0,-1.E0));
#3844=AXIS2_PLACEMENT_3D('',#3841,#3842,#3843);
#3845=CYLINDRICAL_SURFACE('',#3844,1.135E0);
#3846=ORIENTED_EDGE('',*,*,#3741,.F.);
#3848=ORIENTED_EDGE('',*,*,#3847,.T.);
#3850=ORIENTED_EDGE('',*,*,#3849,.T.);
#3851=ORIENTED_EDGE('',*,*,#3820,.F.);
#3852=EDGE_LOOP('',(#3846,#3848,#3850,#3851));
#3853=FACE_OUTER_BOUND('',#3852,.F.);
#3854=ADVANCED_FACE('',(#3853),#3845,.T.);
#3855=CARTESIAN_POINT('',(-2.0675E0,-6.175E0,-5.3775E0));
#3856=DIRECTION('',(0.E0,0.E0,-1.E0));
#3857=DIRECTION('',(0.E0,1.E0,0.E0));
#3858=AXIS2_PLACEMENT_3D('',#3855,#3856,#3857);
#3859=PLANE('',#3858);
#3861=ORIENTED_EDGE('',*,*,#3860,.F.);
#3863=ORIENTED_EDGE('',*,*,#3862,.T.);
#3864=ORIENTED_EDGE('',*,*,#3847,.F.);
#3865=ORIENTED_EDGE('',*,*,#3739,.F.);
#3866=EDGE_LOOP('',(#3861,#3863,#3864,#3865));
#3867=FACE_OUTER_BOUND('',#3866,.F.);
#3868=ADVANCED_FACE('',(#3867),#3859,.T.);
#3869=CARTESIAN_POINT('',(-1.75E0,-5.775E0,-5.2775E0));
#3870=DIRECTION('',(0.E0,-2.425356250363E-1,-9.701425001453E-1));
#3871=DIRECTION('',(0.E0,-9.701425001453E-1,2.425356250363E-1));
#3872=AXIS2_PLACEMENT_3D('',#3869,#3870,#3871);
#3873=PLANE('',#3872);
#3875=ORIENTED_EDGE('',*,*,#3874,.F.);
#3877=ORIENTED_EDGE('',*,*,#3876,.F.);
#3879=ORIENTED_EDGE('',*,*,#3878,.F.);
#3880=ORIENTED_EDGE('',*,*,#3860,.T.);
#3881=EDGE_LOOP('',(#3875,#3877,#3879,#3880));
#3882=FACE_OUTER_BOUND('',#3881,.F.);
#3883=ADVANCED_FACE('',(#3882),#3873,.T.);
#3884=CARTESIAN_POINT('',(-1.9675E0,-5.775E0,-5.06E0));
#3885=DIRECTION('',(-9.701425001453E-1,-2.425356250363E-1,0.E0));
#3886=DIRECTION('',(2.425356250363E-1,-9.701425001453E-1,0.E0));
#3887=AXIS2_PLACEMENT_3D('',#3884,#3885,#3886);
#3888=PLANE('',#3887);
#3889=ORIENTED_EDGE('',*,*,#3874,.T.);
#3890=ORIENTED_EDGE('',*,*,#3737,.T.);
#3892=ORIENTED_EDGE('',*,*,#3891,.F.);
#3894=ORIENTED_EDGE('',*,*,#3893,.F.);
#3895=EDGE_LOOP('',(#3889,#3890,#3892,#3894));
#3896=FACE_OUTER_BOUND('',#3895,.F.);
#3897=ADVANCED_FACE('',(#3896),#3888,.T.);
#3898=CARTESIAN_POINT('',(-1.75E0,-5.775E0,-4.8425E0));
#3899=DIRECTION('',(0.E0,-2.425356250363E-1,9.701425001453E-1));
#3900=DIRECTION('',(0.E0,9.701425001453E-1,2.425356250363E-1));
#3901=AXIS2_PLACEMENT_3D('',#3898,#3899,#3900);
#3902=PLANE('',#3901);
#3904=ORIENTED_EDGE('',*,*,#3903,.F.);
#3906=ORIENTED_EDGE('',*,*,#3905,.F.);
#3908=ORIENTED_EDGE('',*,*,#3907,.T.);
#3909=ORIENTED_EDGE('',*,*,#3891,.T.);
#3910=EDGE_LOOP('',(#3904,#3906,#3908,#3909));
#3911=FACE_OUTER_BOUND('',#3910,.F.);
#3912=ADVANCED_FACE('',(#3911),#3902,.T.);
#3913=CARTESIAN_POINT('',(-2.0675E0,-5.725E-1,-4.7425E0));
#3914=DIRECTION('',(0.E0,0.E0,1.E0));
#3915=DIRECTION('',(0.E0,-1.E0,0.E0));
#3916=AXIS2_PLACEMENT_3D('',#3913,#3914,#3915);
#3917=PLANE('',#3916);
#3918=ORIENTED_EDGE('',*,*,#3903,.T.);
#3919=ORIENTED_EDGE('',*,*,#3750,.F.);
#3921=ORIENTED_EDGE('',*,*,#3920,.T.);
#3923=ORIENTED_EDGE('',*,*,#3922,.T.);
#3924=EDGE_LOOP('',(#3918,#3919,#3921,#3923));
#3925=FACE_OUTER_BOUND('',#3924,.F.);
#3926=ADVANCED_FACE('',(#3925),#3917,.T.);
#3927=CARTESIAN_POINT('',(-2.0675E0,-5.725E-1,-4.2425E0));
#3928=DIRECTION('',(1.E0,0.E0,0.E0));
#3929=DIRECTION('',(0.E0,0.E0,-1.E0));
#3930=AXIS2_PLACEMENT_3D('',#3927,#3928,#3929);
#3931=CYLINDRICAL_SURFACE('',#3930,5.E-1);
#3932=ORIENTED_EDGE('',*,*,#3748,.F.);
#3934=ORIENTED_EDGE('',*,*,#3933,.T.);
#3936=ORIENTED_EDGE('',*,*,#3935,.T.);
#3937=ORIENTED_EDGE('',*,*,#3920,.F.);
#3938=EDGE_LOOP('',(#3932,#3934,#3936,#3937));
#3939=FACE_OUTER_BOUND('',#3938,.F.);
#3940=ADVANCED_FACE('',(#3939),#3931,.F.);
#3941=CARTESIAN_POINT('',(-2.0675E0,-7.25E-2,6.4E0));
#3942=DIRECTION('',(0.E0,-1.E0,0.E0));
#3943=DIRECTION('',(0.E0,0.E0,-1.E0));
#3944=AXIS2_PLACEMENT_3D('',#3941,#3942,#3943);
#3945=PLANE('',#3944);
#3946=ORIENTED_EDGE('',*,*,#3711,.T.);
#3948=ORIENTED_EDGE('',*,*,#3947,.T.);
#3949=ORIENTED_EDGE('',*,*,#3933,.F.);
#3950=ORIENTED_EDGE('',*,*,#3746,.F.);
#3951=EDGE_LOOP('',(#3946,#3948,#3949,#3950));
#3952=FACE_OUTER_BOUND('',#3951,.F.);
#3953=ADVANCED_FACE('',(#3952),#3945,.T.);
#3954=CARTESIAN_POINT('',(-2.0675E0,-7.25E-2,6.4E0));
#3955=DIRECTION('',(0.E0,-1.E0,0.E0));
#3956=DIRECTION('',(0.E0,0.E0,-1.E0));
#3957=AXIS2_PLACEMENT_3D('',#3954,#3955,#3956);
#3958=PLANE('',#3957);
#3959=ORIENTED_EDGE('',*,*,#3780,.F.);
#3961=ORIENTED_EDGE('',*,*,#3960,.T.);
#3963=ORIENTED_EDGE('',*,*,#3962,.F.);
#3964=ORIENTED_EDGE('',*,*,#3723,.F.);
#3965=EDGE_LOOP('',(#3959,#3961,#3963,#3964));
#3966=FACE_OUTER_BOUND('',#3965,.F.);
#3967=ADVANCED_FACE('',(#3966),#3958,.T.);
#3968=CARTESIAN_POINT('',(-1.4325E0,0.E0,0.E0));
#3969=DIRECTION('',(1.E0,0.E0,0.E0));
#3970=DIRECTION('',(0.E0,0.E0,-1.E0));
#3971=AXIS2_PLACEMENT_3D('',#3968,#3969,#3970);
#3972=PLANE('',#3971);
#3974=ORIENTED_EDGE('',*,*,#3973,.F.);
#3975=ORIENTED_EDGE('',*,*,#3836,.F.);
#3977=ORIENTED_EDGE('',*,*,#3976,.F.);
#3978=ORIENTED_EDGE('',*,*,#3960,.F.);
#3979=EDGE_LOOP('',(#3974,#3975,#3977,#3978));
#3980=FACE_OUTER_BOUND('',#3979,.F.);
#3981=ADVANCED_FACE('',(#3980),#3972,.T.);
#3982=CARTESIAN_POINT('',(-1.4325E0,0.E0,0.E0));
#3983=DIRECTION('',(1.E0,0.E0,0.E0));
#3984=DIRECTION('',(0.E0,0.E0,-1.E0));
#3985=AXIS2_PLACEMENT_3D('',#3982,#3983,#3984);
#3986=PLANE('',#3985);
#3988=ORIENTED_EDGE('',*,*,#3987,.F.);
#3989=ORIENTED_EDGE('',*,*,#3922,.F.);
#3990=ORIENTED_EDGE('',*,*,#3935,.F.);
#3991=ORIENTED_EDGE('',*,*,#3947,.F.);
#3992=ORIENTED_EDGE('',*,*,#3709,.T.);
#3993=ORIENTED_EDGE('',*,*,#3822,.F.);
#3994=ORIENTED_EDGE('',*,*,#3849,.F.);
#3995=ORIENTED_EDGE('',*,*,#3862,.F.);
#3996=EDGE_LOOP('',(#3988,#3989,#3990,#3991,#3992,#3993,#3994,#3995));
#3997=FACE_OUTER_BOUND('',#3996,.F.);
#3998=ADVANCED_FACE('',(#3997),#3986,.T.);
#3999=CARTESIAN_POINT('',(-1.5325E0,2.45E-1,6.E0));
#4000=DIRECTION('',(9.701425001453E-1,0.E0,2.425356250363E-1));
#4001=DIRECTION('',(-2.425356250363E-1,0.E0,9.701425001453E-1));
#4002=AXIS2_PLACEMENT_3D('',#3999,#4000,#4001);
#4003=PLANE('',#4002);
#4004=ORIENTED_EDGE('',*,*,#3807,.T.);
#4005=ORIENTED_EDGE('',*,*,#3973,.T.);
#4006=ORIENTED_EDGE('',*,*,#3778,.T.);
#4007=ORIENTED_EDGE('',*,*,#3792,.F.);
#4008=EDGE_LOOP('',(#4004,#4005,#4006,#4007));
#4009=FACE_OUTER_BOUND('',#4008,.F.);
#4010=ADVANCED_FACE('',(#4009),#4003,.T.);
#4011=CARTESIAN_POINT('',(0.E0,0.E0,0.E0));
#4012=DIRECTION('',(0.E0,0.E0,1.E0));
#4013=DIRECTION('',(1.E0,0.E0,0.E0));
#4014=AXIS2_PLACEMENT_3D('',#4011,#4012,#4013);
#4015=PLANE('',#4014);
#4017=ORIENTED_EDGE('',*,*,#4016,.T.);
#4019=ORIENTED_EDGE('',*,*,#4018,.T.);
#4021=ORIENTED_EDGE('',*,*,#4020,.T.);
#4023=ORIENTED_EDGE('',*,*,#4022,.F.);
#4025=ORIENTED_EDGE('',*,*,#4024,.T.);
#4027=ORIENTED_EDGE('',*,*,#4026,.T.);
#4028=EDGE_LOOP('',(#4017,#4019,#4021,#4023,#4025,#4027));
#4029=FACE_OUTER_BOUND('',#4028,.F.);
#4030=ORIENTED_EDGE('',*,*,#3725,.F.);
#4031=ORIENTED_EDGE('',*,*,#3962,.T.);
#4032=ORIENTED_EDGE('',*,*,#3976,.T.);
#4033=ORIENTED_EDGE('',*,*,#3834,.F.);
#4034=EDGE_LOOP('',(#4030,#4031,#4032,#4033));
#4035=FACE_BOUND('',#4034,.F.);
#4036=ADVANCED_FACE('',(#4029,#4035),#4015,.T.);
#4037=CARTESIAN_POINT('',(-3.27E0,-1.275E0,0.E0));
#4038=DIRECTION('',(0.E0,-9.999619230642E-1,-8.726535498374E-3));
#4039=DIRECTION('',(1.E0,0.E0,0.E0));
#4040=AXIS2_PLACEMENT_3D('',#4037,#4038,#4039);
#4041=PLANE('',#4040);
#4043=ORIENTED_EDGE('',*,*,#4042,.F.);
#4044=ORIENTED_EDGE('',*,*,#4016,.F.);
#4046=ORIENTED_EDGE('',*,*,#4045,.F.);
#4047=ORIENTED_EDGE('',*,*,#3274,.F.);
#4048=EDGE_LOOP('',(#4043,#4044,#4046,#4047));
#4049=FACE_OUTER_BOUND('',#4048,.F.);
#4050=ADVANCED_FACE('',(#4049),#4041,.F.);
#4051=CARTESIAN_POINT('',(-2.23E0,-1.935E0,0.E0));
#4052=DIRECTION('',(9.999619230642E-1,0.E0,-8.726535498374E-3));
#4053=DIRECTION('',(0.E0,1.E0,0.E0));
#4054=AXIS2_PLACEMENT_3D('',#4051,#4052,#4053);
#4055=PLANE('',#4054);
#4056=ORIENTED_EDGE('',*,*,#3272,.F.);
#4058=ORIENTED_EDGE('',*,*,#4057,.T.);
#4059=ORIENTED_EDGE('',*,*,#4018,.F.);
#4060=ORIENTED_EDGE('',*,*,#4042,.T.);
#4061=EDGE_LOOP('',(#4056,#4058,#4059,#4060));
#4062=FACE_OUTER_BOUND('',#4061,.F.);
#4063=ADVANCED_FACE('',(#4062),#4055,.F.);
#4064=CARTESIAN_POINT('',(-3.27E0,-1.935E0,0.E0));
#4065=DIRECTION('',(0.E0,-9.999619230642E-1,-8.726535498374E-3));
#4066=DIRECTION('',(1.E0,0.E0,0.E0));
#4067=AXIS2_PLACEMENT_3D('',#4064,#4065,#4066);
#4068=PLANE('',#4067);
#4069=ORIENTED_EDGE('',*,*,#3270,.F.);
#4071=ORIENTED_EDGE('',*,*,#4070,.T.);
#4072=ORIENTED_EDGE('',*,*,#4020,.F.);
#4073=ORIENTED_EDGE('',*,*,#4057,.F.);
#4074=EDGE_LOOP('',(#4069,#4071,#4072,#4073));
#4075=FACE_OUTER_BOUND('',#4074,.F.);
#4076=ADVANCED_FACE('',(#4075),#4068,.F.);
#4077=CARTESIAN_POINT('',(-3.27E0,1.765E0,0.E0));
#4078=DIRECTION('',(-9.999619230642E-1,0.E0,-8.726535498374E-3));
#4079=DIRECTION('',(0.E0,-1.E0,0.E0));
#4080=AXIS2_PLACEMENT_3D('',#4077,#4078,#4079);
#4081=PLANE('',#4080);
#4082=ORIENTED_EDGE('',*,*,#4022,.T.);
#4083=ORIENTED_EDGE('',*,*,#4070,.F.);
#4084=ORIENTED_EDGE('',*,*,#3268,.T.);
#4086=ORIENTED_EDGE('',*,*,#4085,.T.);
#4087=EDGE_LOOP('',(#4082,#4083,#4084,#4086));
#4088=FACE_OUTER_BOUND('',#4087,.F.);
#4089=ADVANCED_FACE('',(#4088),#4081,.F.);
#4090=CARTESIAN_POINT('',(-2.3E-1,1.765E0,0.E0));
#4091=DIRECTION('',(0.E0,9.999619230642E-1,-8.726535498374E-3));
#4092=DIRECTION('',(-1.E0,0.E0,0.E0));
#4093=AXIS2_PLACEMENT_3D('',#4090,#4091,#4092);
#4094=PLANE('',#4093);
#4096=ORIENTED_EDGE('',*,*,#4095,.F.);
#4098=ORIENTED_EDGE('',*,*,#4097,.F.);
#4100=ORIENTED_EDGE('',*,*,#4099,.T.);
#4102=ORIENTED_EDGE('',*,*,#4101,.T.);
#4103=ORIENTED_EDGE('',*,*,#4024,.F.);
#4104=ORIENTED_EDGE('',*,*,#4085,.F.);
#4105=ORIENTED_EDGE('',*,*,#3266,.F.);
#4106=EDGE_LOOP('',(#4096,#4098,#4100,#4102,#4103,#4104,#4105));
#4107=FACE_OUTER_BOUND('',#4106,.F.);
#4108=ADVANCED_FACE('',(#4107),#4094,.F.);
#4109=CARTESIAN_POINT('',(-2.95E0,0.E0,0.E0));
#4110=DIRECTION('',(1.E0,0.E0,0.E0));
#4111=DIRECTION('',(0.E0,0.E0,-1.E0));
#4112=AXIS2_PLACEMENT_3D('',#4109,#4110,#4111);
#4113=PLANE('',#4112);
#4115=ORIENTED_EDGE('',*,*,#4114,.T.);
#4116=ORIENTED_EDGE('',*,*,#4095,.T.);
#4117=ORIENTED_EDGE('',*,*,#3264,.F.);
#4119=ORIENTED_EDGE('',*,*,#4118,.T.);
#4121=ORIENTED_EDGE('',*,*,#4120,.F.);
#4123=ORIENTED_EDGE('',*,*,#4122,.F.);
#4125=ORIENTED_EDGE('',*,*,#4124,.F.);
#4127=ORIENTED_EDGE('',*,*,#4126,.T.);
#4128=EDGE_LOOP('',(#4115,#4116,#4117,#4119,#4121,#4123,#4125,#4127));
#4129=FACE_OUTER_BOUND('',#4128,.F.);
#4130=ADVANCED_FACE('',(#4129),#4113,.T.);
#4131=CARTESIAN_POINT('',(-2.75E0,2.1836776E1,4.4E0));
#4132=DIRECTION('',(0.E0,-1.E0,0.E0));
#4133=DIRECTION('',(-1.E0,0.E0,0.E0));
#4134=AXIS2_PLACEMENT_3D('',#4131,#4132,#4133);
#4135=CYLINDRICAL_SURFACE('',#4134,2.E-1);
#4136=ORIENTED_EDGE('',*,*,#4114,.F.);
#4138=ORIENTED_EDGE('',*,*,#4137,.T.);
#4140=ORIENTED_EDGE('',*,*,#4139,.T.);
#4141=ORIENTED_EDGE('',*,*,#4097,.T.);
#4142=EDGE_LOOP('',(#4136,#4138,#4140,#4141));
#4143=FACE_OUTER_BOUND('',#4142,.F.);
#4144=ADVANCED_FACE('',(#4143),#4135,.F.);
#4145=CARTESIAN_POINT('',(-2.75E0,4.672857404561E0,4.4E0));
#4146=DIRECTION('',(7.071067811865E-1,7.069990853988E-1,-1.234071493983E-2));
#4147=DIRECTION('',(-7.071067811865E-1,7.069990853988E-1,-1.234071493983E-2));
#4148=AXIS2_PLACEMENT_3D('',#4145,#4146,#4147);
#4149=SPHERICAL_SURFACE('',#4148,2.E-1);
#4150=ORIENTED_EDGE('',*,*,#4137,.F.);
#4152=ORIENTED_EDGE('',*,*,#4151,.F.);
#4154=ORIENTED_EDGE('',*,*,#4153,.F.);
#4155=EDGE_LOOP('',(#4150,#4152,#4154));
#4156=FACE_OUTER_BOUND('',#4155,.F.);
#4157=ADVANCED_FACE('',(#4156),#4149,.F.);
#4158=CARTESIAN_POINT('',(-2.75E0,5.134376523399E0,3.084041261007E1));
#4159=DIRECTION('',(0.E0,-1.745240643728E-2,-9.998476951564E-1));
#4160=DIRECTION('',(-1.E0,0.E0,0.E0));
#4161=AXIS2_PLACEMENT_3D('',#4158,#4159,#4160);
#4162=CYLINDRICAL_SURFACE('',#4161,2.E-1);
#4164=ORIENTED_EDGE('',*,*,#4163,.T.);
#4165=ORIENTED_EDGE('',*,*,#4151,.T.);
#4166=ORIENTED_EDGE('',*,*,#4126,.F.);
#4168=ORIENTED_EDGE('',*,*,#4167,.T.);
#4169=EDGE_LOOP('',(#4164,#4165,#4166,#4168));
#4170=FACE_OUTER_BOUND('',#4169,.F.);
#4171=ADVANCED_FACE('',(#4170),#4162,.F.);
#4172=CARTESIAN_POINT('',(-2.95E0,4.869396857184E0,4.2E0));
#4173=DIRECTION('',(0.E0,9.998476951564E-1,-1.745240643728E-2));
#4174=DIRECTION('',(0.E0,1.745240643728E-2,9.998476951564E-1));
#4175=AXIS2_PLACEMENT_3D('',#4172,#4173,#4174);
#4176=PLANE('',#4175);
#4178=ORIENTED_EDGE('',*,*,#4177,.T.);
#4179=ORIENTED_EDGE('',*,*,#4163,.F.);
#4181=ORIENTED_EDGE('',*,*,#4180,.T.);
#4183=ORIENTED_EDGE('',*,*,#4182,.F.);
#4185=ORIENTED_EDGE('',*,*,#4184,.T.);
#4187=ORIENTED_EDGE('',*,*,#4186,.T.);
#4189=ORIENTED_EDGE('',*,*,#4188,.F.);
#4191=ORIENTED_EDGE('',*,*,#4190,.F.);
#4192=EDGE_LOOP('',(#4178,#4179,#4181,#4183,#4185,#4187,#4189,#4191));
#4193=FACE_OUTER_BOUND('',#4192,.F.);
#4194=ADVANCED_FACE('',(#4193),#4176,.F.);
#4195=CARTESIAN_POINT('',(1.857708E1,4.672857404561E0,4.4E0));
#4196=DIRECTION('',(-1.E0,0.E0,0.E0));
#4197=DIRECTION('',(0.E0,9.998476951564E-1,-1.745240643729E-2));
#4198=AXIS2_PLACEMENT_3D('',#4195,#4196,#4197);
#4199=CYLINDRICAL_SURFACE('',#4198,2.E-1);
#4201=ORIENTED_EDGE('',*,*,#4200,.T.);
#4202=ORIENTED_EDGE('',*,*,#4153,.T.);
#4203=ORIENTED_EDGE('',*,*,#4177,.F.);
#4205=ORIENTED_EDGE('',*,*,#4204,.T.);
#4206=EDGE_LOOP('',(#4201,#4202,#4203,#4205));
#4207=FACE_OUTER_BOUND('',#4206,.F.);
#4208=ADVANCED_FACE('',(#4207),#4199,.F.);
#4209=CARTESIAN_POINT('',(-2.95E0,1.729396857184E0,4.2E0));
#4210=DIRECTION('',(0.E0,0.E0,-1.E0));
#4211=DIRECTION('',(0.E0,1.E0,0.E0));
#4212=AXIS2_PLACEMENT_3D('',#4209,#4210,#4211);
#4213=PLANE('',#4212);
#4215=ORIENTED_EDGE('',*,*,#4214,.F.);
#4217=ORIENTED_EDGE('',*,*,#4216,.F.);
#4219=ORIENTED_EDGE('',*,*,#4218,.F.);
#4221=ORIENTED_EDGE('',*,*,#4220,.F.);
#4223=ORIENTED_EDGE('',*,*,#4222,.F.);
#4225=ORIENTED_EDGE('',*,*,#4224,.F.);
#4227=ORIENTED_EDGE('',*,*,#4226,.F.);
#4229=ORIENTED_EDGE('',*,*,#4228,.T.);
#4230=ORIENTED_EDGE('',*,*,#4099,.F.);
#4231=ORIENTED_EDGE('',*,*,#4139,.F.);
#4232=ORIENTED_EDGE('',*,*,#4200,.F.);
#4234=ORIENTED_EDGE('',*,*,#4233,.F.);
#4235=EDGE_LOOP('',(#4215,#4217,#4219,#4221,#4223,#4225,#4227,#4229,#4230,#4231,
#4232,#4234));
#4236=FACE_OUTER_BOUND('',#4235,.F.);
#4237=ADVANCED_FACE('',(#4236),#4213,.F.);
#4238=CARTESIAN_POINT('',(-3.9E0,4.475E0,0.E0));
#4239=DIRECTION('',(0.E0,1.E0,0.E0));
#4240=DIRECTION('',(-1.E0,0.E0,0.E0));
#4241=AXIS2_PLACEMENT_3D('',#4238,#4239,#4240);
#4242=PLANE('',#4241);
#4244=ORIENTED_EDGE('',*,*,#4243,.T.);
#4245=ORIENTED_EDGE('',*,*,#4214,.T.);
#4247=ORIENTED_EDGE('',*,*,#4246,.T.);
#4249=ORIENTED_EDGE('',*,*,#4248,.F.);
#4250=EDGE_LOOP('',(#4244,#4245,#4247,#4249));
#4251=FACE_OUTER_BOUND('',#4250,.F.);
#4252=ADVANCED_FACE('',(#4251),#4242,.T.);
#4253=CARTESIAN_POINT('',(9.55E-1,4.675E0,-2.613545143338E1));
#4254=DIRECTION('',(0.E0,0.E0,1.E0));
#4255=DIRECTION('',(0.E0,-1.E0,0.E0));
#4256=AXIS2_PLACEMENT_3D('',#4253,#4254,#4255);
#4257=CYLINDRICAL_SURFACE('',#4256,2.E-1);
#4258=ORIENTED_EDGE('',*,*,#4243,.F.);
#4260=ORIENTED_EDGE('',*,*,#4259,.T.);
#4262=ORIENTED_EDGE('',*,*,#4261,.T.);
#4263=ORIENTED_EDGE('',*,*,#4216,.T.);
#4264=EDGE_LOOP('',(#4258,#4260,#4262,#4263));
#4265=FACE_OUTER_BOUND('',#4264,.F.);
#4266=ADVANCED_FACE('',(#4265),#4257,.F.);
#4267=CARTESIAN_POINT('',(-3.9E0,2.45E-1,2.85E0));
#4268=DIRECTION('',(0.E0,0.E0,-1.E0));
#4269=DIRECTION('',(0.E0,1.E0,0.E0));
#4270=AXIS2_PLACEMENT_3D('',#4267,#4268,#4269);
#4271=PLANE('',#4270);
#4273=ORIENTED_EDGE('',*,*,#4272,.F.);
#4275=ORIENTED_EDGE('',*,*,#4274,.F.);
#4277=ORIENTED_EDGE('',*,*,#4276,.T.);
#4279=ORIENTED_EDGE('',*,*,#4278,.T.);
#4281=ORIENTED_EDGE('',*,*,#4280,.F.);
#4283=ORIENTED_EDGE('',*,*,#4282,.F.);
#4285=ORIENTED_EDGE('',*,*,#4284,.T.);
#4286=ORIENTED_EDGE('',*,*,#4259,.F.);
#4287=ORIENTED_EDGE('',*,*,#4248,.T.);
#4289=ORIENTED_EDGE('',*,*,#4288,.F.);
#4291=ORIENTED_EDGE('',*,*,#4290,.F.);
#4293=ORIENTED_EDGE('',*,*,#4292,.F.);
#4294=EDGE_LOOP('',(#4273,#4275,#4277,#4279,#4281,#4283,#4285,#4286,#4287,#4289,
#4291,#4293));
#4295=FACE_OUTER_BOUND('',#4294,.F.);
#4296=ADVANCED_FACE('',(#4295),#4271,.T.);
#4297=CARTESIAN_POINT('',(-3.15E0,5.235E0,3.084041261007E1));
#4298=DIRECTION('',(0.E0,0.E0,-1.E0));
#4299=DIRECTION('',(-1.E0,0.E0,0.E0));
#4300=AXIS2_PLACEMENT_3D('',#4297,#4298,#4299);
#4301=CYLINDRICAL_SURFACE('',#4300,7.5E-1);
#4302=ORIENTED_EDGE('',*,*,#4272,.T.);
#4304=ORIENTED_EDGE('',*,*,#4303,.F.);
#4306=ORIENTED_EDGE('',*,*,#4305,.T.);
#4308=ORIENTED_EDGE('',*,*,#4307,.T.);
#4309=EDGE_LOOP('',(#4302,#4304,#4306,#4308));
#4310=FACE_OUTER_BOUND('',#4309,.F.);
#4311=ADVANCED_FACE('',(#4310),#4301,.T.);
#4312=CARTESIAN_POINT('',(-3.9E0,5.985E0,2.85E0));
#4313=DIRECTION('',(0.E0,1.E0,0.E0));
#4314=DIRECTION('',(0.E0,0.E0,1.E0));
#4315=AXIS2_PLACEMENT_3D('',#4312,#4313,#4314);
#4316=PLANE('',#4315);
#4317=ORIENTED_EDGE('',*,*,#4303,.T.);
#4318=ORIENTED_EDGE('',*,*,#4292,.T.);
#4320=ORIENTED_EDGE('',*,*,#4319,.T.);
#4322=ORIENTED_EDGE('',*,*,#4321,.T.);
#4324=ORIENTED_EDGE('',*,*,#4323,.F.);
#4325=ORIENTED_EDGE('',*,*,#4282,.T.);
#4327=ORIENTED_EDGE('',*,*,#4326,.T.);
#4329=ORIENTED_EDGE('',*,*,#4328,.F.);
#4330=EDGE_LOOP('',(#4317,#4318,#4320,#4322,#4324,#4325,#4327,#4329));
#4331=FACE_OUTER_BOUND('',#4330,.F.);
#4332=ADVANCED_FACE('',(#4331),#4316,.T.);
#4333=CARTESIAN_POINT('',(-1.155E0,5.985E0,2.85E0));
#4334=DIRECTION('',(-1.E0,0.E0,0.E0));
#4335=DIRECTION('',(0.E0,0.E0,1.E0));
#4336=AXIS2_PLACEMENT_3D('',#4333,#4334,#4335);
#4337=PLANE('',#4336);
#4339=ORIENTED_EDGE('',*,*,#4338,.F.);
#4340=ORIENTED_EDGE('',*,*,#4204,.F.);
#4341=ORIENTED_EDGE('',*,*,#4190,.T.);
#4343=ORIENTED_EDGE('',*,*,#4342,.F.);
#4344=ORIENTED_EDGE('',*,*,#4319,.F.);
#4345=ORIENTED_EDGE('',*,*,#4290,.T.);
#4346=EDGE_LOOP('',(#4339,#4340,#4341,#4343,#4344,#4345));
#4347=FACE_OUTER_BOUND('',#4346,.F.);
#4348=ADVANCED_FACE('',(#4347),#4337,.F.);
#4349=CARTESIAN_POINT('',(-9.55E-1,4.675E0,3.084041261007E1));
#4350=DIRECTION('',(0.E0,0.E0,-1.E0));
#4351=DIRECTION('',(0.E0,-1.E0,0.E0));
#4352=AXIS2_PLACEMENT_3D('',#4349,#4350,#4351);
#4353=CYLINDRICAL_SURFACE('',#4352,2.E-1);
#4354=ORIENTED_EDGE('',*,*,#4246,.F.);
#4355=ORIENTED_EDGE('',*,*,#4233,.T.);
#4356=ORIENTED_EDGE('',*,*,#4338,.T.);
#4357=ORIENTED_EDGE('',*,*,#4288,.T.);
#4358=EDGE_LOOP('',(#4354,#4355,#4356,#4357));
#4359=FACE_OUTER_BOUND('',#4358,.F.);
#4360=ADVANCED_FACE('',(#4359),#4353,.F.);
#4361=CARTESIAN_POINT('',(-1.155E0,5.985E0,9.1E0));
#4362=DIRECTION('',(0.E0,0.E0,1.E0));
#4363=DIRECTION('',(1.E0,0.E0,0.E0));
#4364=AXIS2_PLACEMENT_3D('',#4361,#4362,#4363);
#4365=PLANE('',#4364);
#4366=ORIENTED_EDGE('',*,*,#4321,.F.);
#4367=ORIENTED_EDGE('',*,*,#4342,.T.);
#4368=ORIENTED_EDGE('',*,*,#4188,.T.);
#4370=ORIENTED_EDGE('',*,*,#4369,.F.);
#4371=EDGE_LOOP('',(#4366,#4367,#4368,#4370));
#4372=FACE_OUTER_BOUND('',#4371,.F.);
#4373=ADVANCED_FACE('',(#4372),#4365,.F.);
#4374=CARTESIAN_POINT('',(1.155E0,5.985E0,9.1E0));
#4375=DIRECTION('',(1.E0,0.E0,0.E0));
#4376=DIRECTION('',(0.E0,0.E0,-1.E0));
#4377=AXIS2_PLACEMENT_3D('',#4374,#4375,#4376);
#4378=PLANE('',#4377);
#4379=ORIENTED_EDGE('',*,*,#4186,.F.);
#4381=ORIENTED_EDGE('',*,*,#4380,.F.);
#4382=ORIENTED_EDGE('',*,*,#4261,.F.);
#4383=ORIENTED_EDGE('',*,*,#4284,.F.);
#4384=ORIENTED_EDGE('',*,*,#4323,.T.);
#4385=ORIENTED_EDGE('',*,*,#4369,.T.);
#4386=EDGE_LOOP('',(#4379,#4381,#4382,#4383,#4384,#4385));
#4387=FACE_OUTER_BOUND('',#4386,.F.);
#4388=ADVANCED_FACE('',(#4387),#4378,.F.);
#4389=CARTESIAN_POINT('',(1.857708E1,4.672857404561E0,4.4E0));
#4390=DIRECTION('',(-1.E0,0.E0,0.E0));
#4391=DIRECTION('',(0.E0,9.998476951564E-1,-1.745240643729E-2));
#4392=AXIS2_PLACEMENT_3D('',#4389,#4390,#4391);
#4393=CYLINDRICAL_SURFACE('',#4392,2.E-1);
#4394=ORIENTED_EDGE('',*,*,#4184,.F.);
#4396=ORIENTED_EDGE('',*,*,#4395,.T.);
#4397=ORIENTED_EDGE('',*,*,#4218,.T.);
#4398=ORIENTED_EDGE('',*,*,#4380,.T.);
#4399=EDGE_LOOP('',(#4394,#4396,#4397,#4398));
#4400=FACE_OUTER_BOUND('',#4399,.F.);
#4401=ADVANCED_FACE('',(#4400),#4393,.F.);
#4402=CARTESIAN_POINT('',(2.75E0,4.672857404561E0,4.4E0));
#4403=DIRECTION('',(0.E0,7.132504491542E-1,7.009092642999E-1));
#4404=DIRECTION('',(0.E0,7.009092642999E-1,-7.132504491542E-1));
#4405=AXIS2_PLACEMENT_3D('',#4402,#4403,#4404);
#4406=SPHERICAL_SURFACE('',#4405,2.E-1);
#4407=ORIENTED_EDGE('',*,*,#4395,.F.);
#4409=ORIENTED_EDGE('',*,*,#4408,.F.);
#4411=ORIENTED_EDGE('',*,*,#4410,.F.);
#4412=EDGE_LOOP('',(#4407,#4409,#4411));
#4413=FACE_OUTER_BOUND('',#4412,.F.);
#4414=ADVANCED_FACE('',(#4413),#4406,.F.);
#4415=CARTESIAN_POINT('',(2.75E0,4.139859117179E0,-2.613545143338E1));
#4416=DIRECTION('',(0.E0,1.745240643728E-2,9.998476951564E-1));
#4417=DIRECTION('',(1.E0,0.E0,0.E0));
#4418=AXIS2_PLACEMENT_3D('',#4415,#4416,#4417);
#4419=CYLINDRICAL_SURFACE('',#4418,2.E-1);
#4421=ORIENTED_EDGE('',*,*,#4420,.F.);
#4422=ORIENTED_EDGE('',*,*,#4408,.T.);
#4423=ORIENTED_EDGE('',*,*,#4182,.T.);
#4425=ORIENTED_EDGE('',*,*,#4424,.T.);
#4426=EDGE_LOOP('',(#4421,#4422,#4423,#4425));
#4427=FACE_OUTER_BOUND('',#4426,.F.);
#4428=ADVANCED_FACE('',(#4427),#4419,.F.);
#4429=CARTESIAN_POINT('',(2.95E0,0.E0,0.E0));
#4430=DIRECTION('',(1.E0,0.E0,0.E0));
#4431=DIRECTION('',(0.E0,0.E0,-1.E0));
#4432=AXIS2_PLACEMENT_3D('',#4429,#4430,#4431);
#4433=PLANE('',#4432);
#4434=ORIENTED_EDGE('',*,*,#4420,.T.);
#4436=ORIENTED_EDGE('',*,*,#4435,.T.);
#4438=ORIENTED_EDGE('',*,*,#4437,.T.);
#4440=ORIENTED_EDGE('',*,*,#4439,.T.);
#4442=ORIENTED_EDGE('',*,*,#4441,.F.);
#4443=ORIENTED_EDGE('',*,*,#3288,.T.);
#4445=ORIENTED_EDGE('',*,*,#4444,.F.);
#4447=ORIENTED_EDGE('',*,*,#4446,.T.);
#4448=EDGE_LOOP('',(#4434,#4436,#4438,#4440,#4442,#4443,#4445,#4447));
#4449=FACE_OUTER_BOUND('',#4448,.F.);
#4450=ADVANCED_FACE('',(#4449),#4433,.F.);
#4451=CARTESIAN_POINT('',(-3.9E0,4.975E0,1.025E1));
#4452=DIRECTION('',(0.E0,-4.226182617407E-1,9.063077870367E-1));
#4453=DIRECTION('',(0.E0,-9.063077870367E-1,-4.226182617407E-1));
#4454=AXIS2_PLACEMENT_3D('',#4451,#4452,#4453);
#4455=PLANE('',#4454);
#4457=ORIENTED_EDGE('',*,*,#4456,.T.);
#4458=ORIENTED_EDGE('',*,*,#4167,.F.);
#4459=ORIENTED_EDGE('',*,*,#4124,.T.);
#4461=ORIENTED_EDGE('',*,*,#4460,.F.);
#4463=ORIENTED_EDGE('',*,*,#4462,.F.);
#4464=EDGE_LOOP('',(#4457,#4458,#4459,#4461,#4463));
#4465=FACE_OUTER_BOUND('',#4464,.F.);
#4466=ADVANCED_FACE('',(#4465),#4455,.T.);
#4467=CARTESIAN_POINT('',(-3.9E0,4.975E0,1.025E1));
#4468=DIRECTION('',(0.E0,-4.226182617407E-1,9.063077870367E-1));
#4469=DIRECTION('',(0.E0,-9.063077870367E-1,-4.226182617407E-1));
#4470=AXIS2_PLACEMENT_3D('',#4467,#4468,#4469);
#4471=PLANE('',#4470);
#4472=ORIENTED_EDGE('',*,*,#4435,.F.);
#4473=ORIENTED_EDGE('',*,*,#4424,.F.);
#4475=ORIENTED_EDGE('',*,*,#4474,.T.);
#4477=ORIENTED_EDGE('',*,*,#4476,.T.);
#4479=ORIENTED_EDGE('',*,*,#4478,.F.);
#4480=EDGE_LOOP('',(#4472,#4473,#4475,#4477,#4479));
#4481=FACE_OUTER_BOUND('',#4480,.F.);
#4482=ADVANCED_FACE('',(#4481),#4471,.T.);
#4483=CARTESIAN_POINT('',(-3.9E0,5.985E0,1.025E1));
#4484=DIRECTION('',(0.E0,0.E0,1.E0));
#4485=DIRECTION('',(0.E0,-1.E0,0.E0));
#4486=AXIS2_PLACEMENT_3D('',#4483,#4484,#4485);
#4487=PLANE('',#4486);
#4488=ORIENTED_EDGE('',*,*,#4305,.F.);
#4489=ORIENTED_EDGE('',*,*,#4328,.T.);
#4491=ORIENTED_EDGE('',*,*,#4490,.F.);
#4493=ORIENTED_EDGE('',*,*,#4492,.T.);
#4494=ORIENTED_EDGE('',*,*,#4474,.F.);
#4495=ORIENTED_EDGE('',*,*,#4180,.F.);
#4496=ORIENTED_EDGE('',*,*,#4456,.F.);
#4498=ORIENTED_EDGE('',*,*,#4497,.F.);
#4499=EDGE_LOOP('',(#4488,#4489,#4491,#4493,#4494,#4495,#4496,#4498));
#4500=FACE_OUTER_BOUND('',#4499,.F.);
#4501=ADVANCED_FACE('',(#4500),#4487,.T.);
#4502=CARTESIAN_POINT('',(3.15E0,5.235E0,-2.613545143338E1));
#4503=DIRECTION('',(0.E0,0.E0,1.E0));
#4504=DIRECTION('',(1.E0,0.E0,0.E0));
#4505=AXIS2_PLACEMENT_3D('',#4502,#4503,#4504);
#4506=CYLINDRICAL_SURFACE('',#4505,7.5E-1);
#4507=ORIENTED_EDGE('',*,*,#4490,.T.);
#4508=ORIENTED_EDGE('',*,*,#4326,.F.);
#4509=ORIENTED_EDGE('',*,*,#4280,.T.);
#4511=ORIENTED_EDGE('',*,*,#4510,.T.);
#4512=EDGE_LOOP('',(#4507,#4508,#4509,#4511));
#4513=FACE_OUTER_BOUND('',#4512,.F.);
#4514=ADVANCED_FACE('',(#4513),#4506,.T.);
#4515=CARTESIAN_POINT('',(3.9E0,0.E0,0.E0));
#4516=DIRECTION('',(1.E0,0.E0,0.E0));
#4517=DIRECTION('',(0.E0,0.E0,-1.E0));
#4518=AXIS2_PLACEMENT_3D('',#4515,#4516,#4517);
#4519=PLANE('',#4518);
#4520=ORIENTED_EDGE('',*,*,#4510,.F.);
#4521=ORIENTED_EDGE('',*,*,#4278,.F.);
#4523=ORIENTED_EDGE('',*,*,#4522,.F.);
#4524=ORIENTED_EDGE('',*,*,#3292,.F.);
#4526=ORIENTED_EDGE('',*,*,#4525,.F.);
#4528=ORIENTED_EDGE('',*,*,#4527,.F.);
#4530=ORIENTED_EDGE('',*,*,#4529,.F.);
#4531=ORIENTED_EDGE('',*,*,#4476,.F.);
#4532=ORIENTED_EDGE('',*,*,#4492,.F.);
#4533=EDGE_LOOP('',(#4520,#4521,#4523,#4524,#4526,#4528,#4530,#4531,#4532));
#4534=FACE_OUTER_BOUND('',#4533,.F.);
#4535=ADVANCED_FACE('',(#4534),#4519,.T.);
#4536=CARTESIAN_POINT('',(0.E0,2.675E0,0.E0));
#4537=DIRECTION('',(0.E0,1.E0,0.E0));
#4538=DIRECTION('',(1.E0,0.E0,0.E0));
#4539=AXIS2_PLACEMENT_3D('',#4536,#4537,#4538);
#4540=PLANE('',#4539);
#4541=ORIENTED_EDGE('',*,*,#3330,.F.);
#4542=ORIENTED_EDGE('',*,*,#3691,.F.);
#4544=ORIENTED_EDGE('',*,*,#4543,.F.);
#4545=ORIENTED_EDGE('',*,*,#3294,.F.);
#4546=ORIENTED_EDGE('',*,*,#4522,.T.);
#4547=ORIENTED_EDGE('',*,*,#4276,.F.);
#4549=ORIENTED_EDGE('',*,*,#4548,.F.);
#4550=ORIENTED_EDGE('',*,*,#3258,.F.);
#4551=EDGE_LOOP('',(#4541,#4542,#4544,#4545,#4546,#4547,#4549,#4550));
#4552=FACE_OUTER_BOUND('',#4551,.F.);
#4553=ADVANCED_FACE('',(#4552),#4540,.T.);
#4554=CARTESIAN_POINT('',(4.95E0,2.475E0,3.084041261007E1));
#4555=DIRECTION('',(0.E0,0.E0,-1.E0));
#4556=DIRECTION('',(0.E0,1.E0,0.E0));
#4557=AXIS2_PLACEMENT_3D('',#4554,#4555,#4556);
#4558=CYLINDRICAL_SURFACE('',#4557,2.E-1);
#4559=ORIENTED_EDGE('',*,*,#3689,.T.);
#4560=ORIENTED_EDGE('',*,*,#3238,.F.);
#4561=ORIENTED_EDGE('',*,*,#3296,.T.);
#4562=ORIENTED_EDGE('',*,*,#4543,.T.);
#4563=EDGE_LOOP('',(#4559,#4560,#4561,#4562));
#4564=FACE_OUTER_BOUND('',#4563,.F.);
#4565=ADVANCED_FACE('',(#4564),#4558,.T.);
#4566=CARTESIAN_POINT('',(-3.9E0,0.E0,0.E0));
#4567=DIRECTION('',(1.E0,0.E0,0.E0));
#4568=DIRECTION('',(0.E0,0.E0,-1.E0));
#4569=AXIS2_PLACEMENT_3D('',#4566,#4567,#4568);
#4570=PLANE('',#4569);
#4571=ORIENTED_EDGE('',*,*,#4307,.F.);
#4572=ORIENTED_EDGE('',*,*,#4497,.T.);
#4573=ORIENTED_EDGE('',*,*,#4462,.T.);
#4575=ORIENTED_EDGE('',*,*,#4574,.T.);
#4577=ORIENTED_EDGE('',*,*,#4576,.T.);
#4579=ORIENTED_EDGE('',*,*,#4578,.T.);
#4580=ORIENTED_EDGE('',*,*,#3260,.T.);
#4581=ORIENTED_EDGE('',*,*,#4548,.T.);
#4582=ORIENTED_EDGE('',*,*,#4274,.T.);
#4583=EDGE_LOOP('',(#4571,#4572,#4573,#4575,#4577,#4579,#4580,#4581,#4582));
#4584=FACE_OUTER_BOUND('',#4583,.F.);
#4585=ADVANCED_FACE('',(#4584),#4570,.F.);
#4586=CARTESIAN_POINT('',(-3.9E0,3.425E0,8.975534170379E0));
#4587=DIRECTION('',(1.E0,0.E0,0.E0));
#4588=DIRECTION('',(0.E0,0.E0,-1.E0));
#4589=AXIS2_PLACEMENT_3D('',#4586,#4587,#4588);
#4590=CYLINDRICAL_SURFACE('',#4589,5.E-1);
#4591=ORIENTED_EDGE('',*,*,#4122,.T.);
#4593=ORIENTED_EDGE('',*,*,#4592,.F.);
#4594=ORIENTED_EDGE('',*,*,#4574,.F.);
#4595=ORIENTED_EDGE('',*,*,#4460,.T.);
#4596=EDGE_LOOP('',(#4591,#4593,#4594,#4595));
#4597=FACE_OUTER_BOUND('',#4596,.F.);
#4598=ADVANCED_FACE('',(#4597),#4590,.T.);
#4599=CARTESIAN_POINT('',(-3.9E0,3.425E0,8.975534170379E0));
#4600=DIRECTION('',(1.E0,0.E0,0.E0));
#4601=DIRECTION('',(0.E0,0.E0,-1.E0));
#4602=AXIS2_PLACEMENT_3D('',#4599,#4600,#4601);
#4603=CYLINDRICAL_SURFACE('',#4602,5.E-1);
#4604=ORIENTED_EDGE('',*,*,#4437,.F.);
#4605=ORIENTED_EDGE('',*,*,#4478,.T.);
#4606=ORIENTED_EDGE('',*,*,#4529,.T.);
#4608=ORIENTED_EDGE('',*,*,#4607,.F.);
#4609=EDGE_LOOP('',(#4604,#4605,#4606,#4608));
#4610=FACE_OUTER_BOUND('',#4609,.F.);
#4611=ADVANCED_FACE('',(#4610),#4603,.T.);
#4612=CARTESIAN_POINT('',(-3.9E0,2.925E0,8.975534170379E0));
#4613=DIRECTION('',(0.E0,-1.E0,0.E0));
#4614=DIRECTION('',(0.E0,0.E0,-1.E0));
#4615=AXIS2_PLACEMENT_3D('',#4612,#4613,#4614);
#4616=PLANE('',#4615);
#4617=ORIENTED_EDGE('',*,*,#4120,.T.);
#4619=ORIENTED_EDGE('',*,*,#4618,.F.);
#4620=ORIENTED_EDGE('',*,*,#4576,.F.);
#4621=ORIENTED_EDGE('',*,*,#4592,.T.);
#4622=EDGE_LOOP('',(#4617,#4619,#4620,#4621));
#4623=FACE_OUTER_BOUND('',#4622,.F.);
#4624=ADVANCED_FACE('',(#4623),#4616,.T.);
#4625=CARTESIAN_POINT('',(-3.9E0,2.925E0,8.975534170379E0));
#4626=DIRECTION('',(0.E0,-1.E0,0.E0));
#4627=DIRECTION('',(0.E0,0.E0,-1.E0));
#4628=AXIS2_PLACEMENT_3D('',#4625,#4626,#4627);
#4629=PLANE('',#4628);
#4630=ORIENTED_EDGE('',*,*,#4439,.F.);
#4631=ORIENTED_EDGE('',*,*,#4607,.T.);
#4632=ORIENTED_EDGE('',*,*,#4527,.T.);
#4634=ORIENTED_EDGE('',*,*,#4633,.F.);
#4635=EDGE_LOOP('',(#4630,#4631,#4632,#4634));
#4636=FACE_OUTER_BOUND('',#4635,.F.);
#4637=ADVANCED_FACE('',(#4636),#4629,.T.);
#4638=CARTESIAN_POINT('',(-3.9E0,2.795E0,8.23E0));
#4639=DIRECTION('',(1.E0,0.E0,0.E0));
#4640=DIRECTION('',(0.E0,0.E0,-1.E0));
#4641=AXIS2_PLACEMENT_3D('',#4638,#4639,#4640);
#4642=CYLINDRICAL_SURFACE('',#4641,1.3E-1);
#4643=ORIENTED_EDGE('',*,*,#4118,.F.);
#4644=ORIENTED_EDGE('',*,*,#3262,.F.);
#4645=ORIENTED_EDGE('',*,*,#4578,.F.);
#4646=ORIENTED_EDGE('',*,*,#4618,.T.);
#4647=EDGE_LOOP('',(#4643,#4644,#4645,#4646));
#4648=FACE_OUTER_BOUND('',#4647,.F.);
#4649=ADVANCED_FACE('',(#4648),#4642,.F.);
#4650=CARTESIAN_POINT('',(-3.9E0,2.795E0,8.23E0));
#4651=DIRECTION('',(1.E0,0.E0,0.E0));
#4652=DIRECTION('',(0.E0,0.E0,-1.E0));
#4653=AXIS2_PLACEMENT_3D('',#4650,#4651,#4652);
#4654=CYLINDRICAL_SURFACE('',#4653,1.3E-1);
#4655=ORIENTED_EDGE('',*,*,#4441,.T.);
#4656=ORIENTED_EDGE('',*,*,#4633,.T.);
#4657=ORIENTED_EDGE('',*,*,#4525,.T.);
#4658=ORIENTED_EDGE('',*,*,#3290,.F.);
#4659=EDGE_LOOP('',(#4655,#4656,#4657,#4658));
#4660=FACE_OUTER_BOUND('',#4659,.F.);
#4661=ADVANCED_FACE('',(#4660),#4654,.F.);
#4662=CARTESIAN_POINT('',(3.27E0,1.765E0,0.E0));
#4663=DIRECTION('',(0.E0,9.999619230642E-1,-8.726535498374E-3));
#4664=DIRECTION('',(-1.E0,0.E0,0.E0));
#4665=AXIS2_PLACEMENT_3D('',#4662,#4663,#4664);
#4666=PLANE('',#4665);
#4667=ORIENTED_EDGE('',*,*,#4222,.T.);
#4669=ORIENTED_EDGE('',*,*,#4668,.F.);
#4670=ORIENTED_EDGE('',*,*,#4444,.T.);
#4671=ORIENTED_EDGE('',*,*,#3286,.F.);
#4673=ORIENTED_EDGE('',*,*,#4672,.T.);
#4675=ORIENTED_EDGE('',*,*,#4674,.F.);
#4677=ORIENTED_EDGE('',*,*,#4676,.F.);
#4678=EDGE_LOOP('',(#4667,#4669,#4670,#4671,#4673,#4675,#4677));
#4679=FACE_OUTER_BOUND('',#4678,.F.);
#4680=ADVANCED_FACE('',(#4679),#4666,.F.);
#4681=CARTESIAN_POINT('',(2.75E0,-2.2026776E1,4.4E0));
#4682=DIRECTION('',(0.E0,1.E0,0.E0));
#4683=DIRECTION('',(1.E0,0.E0,0.E0));
#4684=AXIS2_PLACEMENT_3D('',#4681,#4682,#4683);
#4685=CYLINDRICAL_SURFACE('',#4684,2.E-1);
#4686=ORIENTED_EDGE('',*,*,#4220,.T.);
#4687=ORIENTED_EDGE('',*,*,#4410,.T.);
#4688=ORIENTED_EDGE('',*,*,#4446,.F.);
#4689=ORIENTED_EDGE('',*,*,#4668,.T.);
#4690=EDGE_LOOP('',(#4686,#4687,#4688,#4689));
#4691=FACE_OUTER_BOUND('',#4690,.F.);
#4692=ADVANCED_FACE('',(#4691),#4685,.F.);
#4693=CARTESIAN_POINT('',(3.27E0,-1.275E0,0.E0));
#4694=DIRECTION('',(9.999619230642E-1,0.E0,-8.726535498374E-3));
#4695=DIRECTION('',(0.E0,1.E0,0.E0));
#4696=AXIS2_PLACEMENT_3D('',#4693,#4694,#4695);
#4697=PLANE('',#4696);
#4698=ORIENTED_EDGE('',*,*,#3284,.F.);
#4700=ORIENTED_EDGE('',*,*,#4699,.T.);
#4702=ORIENTED_EDGE('',*,*,#4701,.F.);
#4703=ORIENTED_EDGE('',*,*,#4672,.F.);
#4704=EDGE_LOOP('',(#4698,#4700,#4702,#4703));
#4705=FACE_OUTER_BOUND('',#4704,.F.);
#4706=ADVANCED_FACE('',(#4705),#4697,.F.);
#4707=CARTESIAN_POINT('',(2.3E-1,-1.275E0,0.E0));
#4708=DIRECTION('',(0.E0,-9.999619230642E-1,-8.726535498374E-3));
#4709=DIRECTION('',(1.E0,0.E0,0.E0));
#4710=AXIS2_PLACEMENT_3D('',#4707,#4708,#4709);
#4711=PLANE('',#4710);
#4712=ORIENTED_EDGE('',*,*,#3282,.F.);
#4714=ORIENTED_EDGE('',*,*,#4713,.T.);
#4716=ORIENTED_EDGE('',*,*,#4715,.F.);
#4717=ORIENTED_EDGE('',*,*,#4699,.F.);
#4718=EDGE_LOOP('',(#4712,#4714,#4716,#4717));
#4719=FACE_OUTER_BOUND('',#4718,.F.);
#4720=ADVANCED_FACE('',(#4719),#4711,.F.);
#4721=CARTESIAN_POINT('',(2.3E-1,1.765E0,0.E0));
#4722=DIRECTION('',(-9.999619230642E-1,0.E0,-8.726535498374E-3));
#4723=DIRECTION('',(0.E0,-1.E0,0.E0));
#4724=AXIS2_PLACEMENT_3D('',#4721,#4722,#4723);
#4725=PLANE('',#4724);
#4726=ORIENTED_EDGE('',*,*,#3280,.F.);
#4728=ORIENTED_EDGE('',*,*,#4727,.F.);
#4729=ORIENTED_EDGE('',*,*,#4224,.T.);
#4730=ORIENTED_EDGE('',*,*,#4676,.T.);
#4732=ORIENTED_EDGE('',*,*,#4731,.F.);
#4733=ORIENTED_EDGE('',*,*,#4713,.F.);
#4734=EDGE_LOOP('',(#4726,#4728,#4729,#4730,#4732,#4733));
#4735=FACE_OUTER_BOUND('',#4734,.F.);
#4736=ADVANCED_FACE('',(#4735),#4725,.F.);
#4737=CARTESIAN_POINT('',(-2.95E0,1.729396857184E0,1.025E1));
#4738=DIRECTION('',(0.E0,-1.E0,0.E0));
#4739=DIRECTION('',(0.E0,0.E0,-1.E0));
#4740=AXIS2_PLACEMENT_3D('',#4737,#4738,#4739);
#4741=PLANE('',#4740);
#4742=ORIENTED_EDGE('',*,*,#4727,.T.);
#4743=ORIENTED_EDGE('',*,*,#3278,.F.);
#4745=ORIENTED_EDGE('',*,*,#4744,.T.);
#4746=ORIENTED_EDGE('',*,*,#4226,.T.);
#4747=EDGE_LOOP('',(#4742,#4743,#4745,#4746));
#4748=FACE_OUTER_BOUND('',#4747,.F.);
#4749=ADVANCED_FACE('',(#4748),#4741,.F.);
#4750=CARTESIAN_POINT('',(-2.3E-1,-1.275E0,0.E0));
#4751=DIRECTION('',(9.999619230642E-1,0.E0,-8.726535498374E-3));
#4752=DIRECTION('',(0.E0,1.E0,0.E0));
#4753=AXIS2_PLACEMENT_3D('',#4750,#4751,#4752);
#4754=PLANE('',#4753);
#4755=ORIENTED_EDGE('',*,*,#3276,.F.);
#4756=ORIENTED_EDGE('',*,*,#4045,.T.);
#4757=ORIENTED_EDGE('',*,*,#4026,.F.);
#4758=ORIENTED_EDGE('',*,*,#4101,.F.);
#4759=ORIENTED_EDGE('',*,*,#4228,.F.);
#4760=ORIENTED_EDGE('',*,*,#4744,.F.);
#4761=EDGE_LOOP('',(#4755,#4756,#4757,#4758,#4759,#4760));
#4762=FACE_OUTER_BOUND('',#4761,.F.);
#4763=ADVANCED_FACE('',(#4762),#4754,.F.);
#4764=CARTESIAN_POINT('',(0.E0,0.E0,0.E0));
#4765=DIRECTION('',(0.E0,0.E0,1.E0));
#4766=DIRECTION('',(1.E0,0.E0,0.E0));
#4767=AXIS2_PLACEMENT_3D('',#4764,#4765,#4766);
#4768=PLANE('',#4767);
#4769=ORIENTED_EDGE('',*,*,#4731,.T.);
#4770=ORIENTED_EDGE('',*,*,#4674,.T.);
#4771=ORIENTED_EDGE('',*,*,#4701,.T.);
#4772=ORIENTED_EDGE('',*,*,#4715,.T.);
#4773=EDGE_LOOP('',(#4769,#4770,#4771,#4772));
#4774=FACE_OUTER_BOUND('',#4773,.F.);
#4776=ORIENTED_EDGE('',*,*,#4775,.F.);
#4778=ORIENTED_EDGE('',*,*,#4777,.T.);
#4780=ORIENTED_EDGE('',*,*,#4779,.T.);
#4782=ORIENTED_EDGE('',*,*,#4781,.F.);
#4783=EDGE_LOOP('',(#4776,#4778,#4780,#4782));
#4784=FACE_BOUND('',#4783,.F.);
#4785=ADVANCED_FACE('',(#4774,#4784),#4768,.T.);
#4786=CARTESIAN_POINT('',(1.4325E0,0.E0,0.E0));
#4787=DIRECTION('',(1.E0,0.E0,0.E0));
#4788=DIRECTION('',(0.E0,0.E0,-1.E0));
#4789=AXIS2_PLACEMENT_3D('',#4786,#4787,#4788);
#4790=PLANE('',#4789);
#4792=ORIENTED_EDGE('',*,*,#4791,.F.);
#4794=ORIENTED_EDGE('',*,*,#4793,.T.);
#4795=ORIENTED_EDGE('',*,*,#4775,.T.);
#4797=ORIENTED_EDGE('',*,*,#4796,.T.);
#4798=EDGE_LOOP('',(#4792,#4794,#4795,#4797));
#4799=FACE_OUTER_BOUND('',#4798,.F.);
#4800=ADVANCED_FACE('',(#4799),#4790,.F.);
#4801=CARTESIAN_POINT('',(1.4325E0,0.E0,0.E0));
#4802=DIRECTION('',(1.E0,0.E0,0.E0));
#4803=DIRECTION('',(0.E0,0.E0,-1.E0));
#4804=AXIS2_PLACEMENT_3D('',#4801,#4802,#4803);
#4805=PLANE('',#4804);
#4807=ORIENTED_EDGE('',*,*,#4806,.F.);
#4809=ORIENTED_EDGE('',*,*,#4808,.T.);
#4811=ORIENTED_EDGE('',*,*,#4810,.T.);
#4813=ORIENTED_EDGE('',*,*,#4812,.T.);
#4814=ORIENTED_EDGE('',*,*,#3695,.F.);
#4816=ORIENTED_EDGE('',*,*,#4815,.T.);
#4818=ORIENTED_EDGE('',*,*,#4817,.T.);
#4820=ORIENTED_EDGE('',*,*,#4819,.T.);
#4821=EDGE_LOOP('',(#4807,#4809,#4811,#4813,#4814,#4816,#4818,#4820));
#4822=FACE_OUTER_BOUND('',#4821,.F.);
#4823=ADVANCED_FACE('',(#4822),#4805,.F.);
#4824=CARTESIAN_POINT('',(1.5325E0,2.45E-1,6.E0));
#4825=DIRECTION('',(-9.701425001453E-1,0.E0,2.425356250363E-1));
#4826=DIRECTION('',(2.425356250363E-1,0.E0,9.701425001453E-1));
#4827=AXIS2_PLACEMENT_3D('',#4824,#4825,#4826);
#4828=PLANE('',#4827);
#4830=ORIENTED_EDGE('',*,*,#4829,.F.);
#4832=ORIENTED_EDGE('',*,*,#4831,.T.);
#4833=ORIENTED_EDGE('',*,*,#4791,.T.);
#4835=ORIENTED_EDGE('',*,*,#4834,.T.);
#4836=EDGE_LOOP('',(#4830,#4832,#4833,#4835));
#4837=FACE_OUTER_BOUND('',#4836,.F.);
#4838=ADVANCED_FACE('',(#4837),#4828,.T.);
#4839=CARTESIAN_POINT('',(1.4325E0,5.625E-1,6.4E0));
#4840=DIRECTION('',(0.E0,0.E0,1.E0));
#4841=DIRECTION('',(0.E0,-1.E0,0.E0));
#4842=AXIS2_PLACEMENT_3D('',#4839,#4840,#4841);
#4843=PLANE('',#4842);
#4845=ORIENTED_EDGE('',*,*,#4844,.F.);
#4847=ORIENTED_EDGE('',*,*,#4846,.T.);
#4849=ORIENTED_EDGE('',*,*,#4848,.T.);
#4850=ORIENTED_EDGE('',*,*,#4829,.T.);
#4851=EDGE_LOOP('',(#4845,#4847,#4849,#4850));
#4852=FACE_OUTER_BOUND('',#4851,.F.);
#4853=ADVANCED_FACE('',(#4852),#4843,.T.);
#4854=CARTESIAN_POINT('',(1.75E0,4.625E-1,6.E0));
#4855=DIRECTION('',(0.E0,9.701425001453E-1,2.425356250363E-1));
#4856=DIRECTION('',(0.E0,2.425356250363E-1,-9.701425001453E-1));
#4857=AXIS2_PLACEMENT_3D('',#4854,#4855,#4856);
#4858=PLANE('',#4857);
#4859=ORIENTED_EDGE('',*,*,#4844,.T.);
#4860=ORIENTED_EDGE('',*,*,#4834,.F.);
#4862=ORIENTED_EDGE('',*,*,#4861,.F.);
#4864=ORIENTED_EDGE('',*,*,#4863,.F.);
#4865=EDGE_LOOP('',(#4859,#4860,#4862,#4864));
#4866=FACE_OUTER_BOUND('',#4865,.F.);
#4867=ADVANCED_FACE('',(#4866),#4858,.T.);
#4868=CARTESIAN_POINT('',(1.4325E0,5.625E-1,-4.2425E0));
#4869=DIRECTION('',(0.E0,1.E0,0.E0));
#4870=DIRECTION('',(0.E0,0.E0,1.E0));
#4871=AXIS2_PLACEMENT_3D('',#4868,#4869,#4870);
#4872=PLANE('',#4871);
#4873=ORIENTED_EDGE('',*,*,#3697,.F.);
#4874=ORIENTED_EDGE('',*,*,#4812,.F.);
#4876=ORIENTED_EDGE('',*,*,#4875,.T.);
#4878=ORIENTED_EDGE('',*,*,#4877,.T.);
#4879=EDGE_LOOP('',(#4873,#4874,#4876,#4878));
#4880=FACE_OUTER_BOUND('',#4879,.F.);
#4881=ADVANCED_FACE('',(#4880),#4872,.T.);
#4882=CARTESIAN_POINT('',(1.4325E0,5.625E-1,-4.2425E0));
#4883=DIRECTION('',(0.E0,1.E0,0.E0));
#4884=DIRECTION('',(0.E0,0.E0,1.E0));
#4885=AXIS2_PLACEMENT_3D('',#4882,#4883,#4884);
#4886=PLANE('',#4885);
#4887=ORIENTED_EDGE('',*,*,#4861,.T.);
#4888=ORIENTED_EDGE('',*,*,#4796,.F.);
#4889=ORIENTED_EDGE('',*,*,#4781,.T.);
#4891=ORIENTED_EDGE('',*,*,#4890,.T.);
#4892=EDGE_LOOP('',(#4887,#4888,#4889,#4891));
#4893=FACE_OUTER_BOUND('',#4892,.F.);
#4894=ADVANCED_FACE('',(#4893),#4886,.T.);
#4895=CARTESIAN_POINT('',(1.4325E0,-5.725E-1,-4.2425E0));
#4896=DIRECTION('',(1.E0,0.E0,0.E0));
#4897=DIRECTION('',(0.E0,0.E0,-1.E0));
#4898=AXIS2_PLACEMENT_3D('',#4895,#4896,#4897);
#4899=CYLINDRICAL_SURFACE('',#4898,1.135E0);
#4900=ORIENTED_EDGE('',*,*,#4810,.F.);
#4902=ORIENTED_EDGE('',*,*,#4901,.T.);
#4904=ORIENTED_EDGE('',*,*,#4903,.T.);
#4905=ORIENTED_EDGE('',*,*,#4875,.F.);
#4906=EDGE_LOOP('',(#4900,#4902,#4904,#4905));
#4907=FACE_OUTER_BOUND('',#4906,.F.);
#4908=ADVANCED_FACE('',(#4907),#4899,.T.);
#4909=CARTESIAN_POINT('',(1.4325E0,-6.175E0,-5.3775E0));
#4910=DIRECTION('',(0.E0,0.E0,-1.E0));
#4911=DIRECTION('',(0.E0,1.E0,0.E0));
#4912=AXIS2_PLACEMENT_3D('',#4909,#4910,#4911);
#4913=PLANE('',#4912);
#4915=ORIENTED_EDGE('',*,*,#4914,.F.);
#4917=ORIENTED_EDGE('',*,*,#4916,.T.);
#4918=ORIENTED_EDGE('',*,*,#4901,.F.);
#4919=ORIENTED_EDGE('',*,*,#4808,.F.);
#4920=EDGE_LOOP('',(#4915,#4917,#4918,#4919));
#4921=FACE_OUTER_BOUND('',#4920,.F.);
#4922=ADVANCED_FACE('',(#4921),#4913,.T.);
#4923=CARTESIAN_POINT('',(1.75E0,-5.775E0,-5.2775E0));
#4924=DIRECTION('',(0.E0,-2.425356250363E-1,-9.701425001453E-1));
#4925=DIRECTION('',(0.E0,-9.701425001453E-1,2.425356250363E-1));
#4926=AXIS2_PLACEMENT_3D('',#4923,#4924,#4925);
#4927=PLANE('',#4926);
#4928=ORIENTED_EDGE('',*,*,#4914,.T.);
#4930=ORIENTED_EDGE('',*,*,#4929,.F.);
#4932=ORIENTED_EDGE('',*,*,#4931,.F.);
#4934=ORIENTED_EDGE('',*,*,#4933,.F.);
#4935=EDGE_LOOP('',(#4928,#4930,#4932,#4934));
#4936=FACE_OUTER_BOUND('',#4935,.F.);
#4937=ADVANCED_FACE('',(#4936),#4927,.T.);
#4938=CARTESIAN_POINT('',(1.5325E0,-5.775E0,-5.06E0));
#4939=DIRECTION('',(-9.701425001453E-1,-2.425356250363E-1,0.E0));
#4940=DIRECTION('',(2.425356250363E-1,-9.701425001453E-1,0.E0));
#4941=AXIS2_PLACEMENT_3D('',#4938,#4939,#4940);
#4942=PLANE('',#4941);
#4943=ORIENTED_EDGE('',*,*,#4806,.T.);
#4945=ORIENTED_EDGE('',*,*,#4944,.F.);
#4947=ORIENTED_EDGE('',*,*,#4946,.F.);
#4948=ORIENTED_EDGE('',*,*,#4929,.T.);
#4949=EDGE_LOOP('',(#4943,#4945,#4947,#4948));
#4950=FACE_OUTER_BOUND('',#4949,.F.);
#4951=ADVANCED_FACE('',(#4950),#4942,.T.);
#4952=CARTESIAN_POINT('',(1.75E0,-5.775E0,-4.8425E0));
#4953=DIRECTION('',(0.E0,-2.425356250363E-1,9.701425001453E-1));
#4954=DIRECTION('',(0.E0,9.701425001453E-1,2.425356250363E-1));
#4955=AXIS2_PLACEMENT_3D('',#4952,#4953,#4954);
#4956=PLANE('',#4955);
#4958=ORIENTED_EDGE('',*,*,#4957,.F.);
#4960=ORIENTED_EDGE('',*,*,#4959,.F.);
#4962=ORIENTED_EDGE('',*,*,#4961,.T.);
#4963=ORIENTED_EDGE('',*,*,#4944,.T.);
#4964=EDGE_LOOP('',(#4958,#4960,#4962,#4963));
#4965=FACE_OUTER_BOUND('',#4964,.F.);
#4966=ADVANCED_FACE('',(#4965),#4956,.T.);
#4967=CARTESIAN_POINT('',(1.4325E0,-5.725E-1,-4.7425E0));
#4968=DIRECTION('',(0.E0,0.E0,1.E0));
#4969=DIRECTION('',(0.E0,-1.E0,0.E0));
#4970=AXIS2_PLACEMENT_3D('',#4967,#4968,#4969);
#4971=PLANE('',#4970);
#4972=ORIENTED_EDGE('',*,*,#4957,.T.);
#4973=ORIENTED_EDGE('',*,*,#4819,.F.);
#4975=ORIENTED_EDGE('',*,*,#4974,.T.);
#4977=ORIENTED_EDGE('',*,*,#4976,.T.);
#4978=EDGE_LOOP('',(#4972,#4973,#4975,#4977));
#4979=FACE_OUTER_BOUND('',#4978,.F.);
#4980=ADVANCED_FACE('',(#4979),#4971,.T.);
#4981=CARTESIAN_POINT('',(1.4325E0,-5.725E-1,-4.2425E0));
#4982=DIRECTION('',(1.E0,0.E0,0.E0));
#4983=DIRECTION('',(0.E0,0.E0,-1.E0));
#4984=AXIS2_PLACEMENT_3D('',#4981,#4982,#4983);
#4985=CYLINDRICAL_SURFACE('',#4984,5.E-1);
#4986=ORIENTED_EDGE('',*,*,#4817,.F.);
#4988=ORIENTED_EDGE('',*,*,#4987,.T.);
#4990=ORIENTED_EDGE('',*,*,#4989,.T.);
#4991=ORIENTED_EDGE('',*,*,#4974,.F.);
#4992=EDGE_LOOP('',(#4986,#4988,#4990,#4991));
#4993=FACE_OUTER_BOUND('',#4992,.F.);
#4994=ADVANCED_FACE('',(#4993),#4985,.F.);
#4995=CARTESIAN_POINT('',(1.4325E0,-7.25E-2,6.4E0));
#4996=DIRECTION('',(0.E0,-1.E0,0.E0));
#4997=DIRECTION('',(0.E0,0.E0,-1.E0));
#4998=AXIS2_PLACEMENT_3D('',#4995,#4996,#4997);
#4999=PLANE('',#4998);
#5000=ORIENTED_EDGE('',*,*,#3701,.T.);
#5002=ORIENTED_EDGE('',*,*,#5001,.T.);
#5003=ORIENTED_EDGE('',*,*,#4987,.F.);
#5004=ORIENTED_EDGE('',*,*,#4815,.F.);
#5005=EDGE_LOOP('',(#5000,#5002,#5003,#5004));
#5006=FACE_OUTER_BOUND('',#5005,.F.);
#5007=ADVANCED_FACE('',(#5006),#4999,.T.);
#5008=CARTESIAN_POINT('',(1.4325E0,-7.25E-2,6.4E0));
#5009=DIRECTION('',(0.E0,-1.E0,0.E0));
#5010=DIRECTION('',(0.E0,0.E0,-1.E0));
#5011=AXIS2_PLACEMENT_3D('',#5008,#5009,#5010);
#5012=PLANE('',#5011);
#5014=ORIENTED_EDGE('',*,*,#5013,.F.);
#5016=ORIENTED_EDGE('',*,*,#5015,.T.);
#5017=ORIENTED_EDGE('',*,*,#4777,.F.);
#5018=ORIENTED_EDGE('',*,*,#4793,.F.);
#5019=EDGE_LOOP('',(#5014,#5016,#5017,#5018));
#5020=FACE_OUTER_BOUND('',#5019,.F.);
#5021=ADVANCED_FACE('',(#5020),#5012,.T.);
#5022=CARTESIAN_POINT('',(2.0675E0,0.E0,0.E0));
#5023=DIRECTION('',(1.E0,0.E0,0.E0));
#5024=DIRECTION('',(0.E0,0.E0,-1.E0));
#5025=AXIS2_PLACEMENT_3D('',#5022,#5023,#5024);
#5026=PLANE('',#5025);
#5028=ORIENTED_EDGE('',*,*,#5027,.F.);
#5029=ORIENTED_EDGE('',*,*,#4890,.F.);
#5030=ORIENTED_EDGE('',*,*,#4779,.F.);
#5031=ORIENTED_EDGE('',*,*,#5015,.F.);
#5032=EDGE_LOOP('',(#5028,#5029,#5030,#5031));
#5033=FACE_OUTER_BOUND('',#5032,.F.);
#5034=ADVANCED_FACE('',(#5033),#5026,.T.);
#5035=CARTESIAN_POINT('',(2.0675E0,0.E0,0.E0));
#5036=DIRECTION('',(1.E0,0.E0,0.E0));
#5037=DIRECTION('',(0.E0,0.E0,-1.E0));
#5038=AXIS2_PLACEMENT_3D('',#5035,#5036,#5037);
#5039=PLANE('',#5038);
#5041=ORIENTED_EDGE('',*,*,#5040,.F.);
#5042=ORIENTED_EDGE('',*,*,#4976,.F.);
#5043=ORIENTED_EDGE('',*,*,#4989,.F.);
#5044=ORIENTED_EDGE('',*,*,#5001,.F.);
#5045=ORIENTED_EDGE('',*,*,#3699,.T.);
#5046=ORIENTED_EDGE('',*,*,#4877,.F.);
#5047=ORIENTED_EDGE('',*,*,#4903,.F.);
#5048=ORIENTED_EDGE('',*,*,#4916,.F.);
#5049=EDGE_LOOP('',(#5041,#5042,#5043,#5044,#5045,#5046,#5047,#5048));
#5050=FACE_OUTER_BOUND('',#5049,.F.);
#5051=ADVANCED_FACE('',(#5050),#5039,.T.);
#5052=CARTESIAN_POINT('',(1.9675E0,2.45E-1,6.E0));
#5053=DIRECTION('',(9.701425001453E-1,0.E0,2.425356250363E-1));
#5054=DIRECTION('',(-2.425356250363E-1,0.E0,9.701425001453E-1));
#5055=AXIS2_PLACEMENT_3D('',#5052,#5053,#5054);
#5056=PLANE('',#5055);
#5057=ORIENTED_EDGE('',*,*,#4846,.F.);
#5058=ORIENTED_EDGE('',*,*,#4863,.T.);
#5059=ORIENTED_EDGE('',*,*,#5027,.T.);
#5061=ORIENTED_EDGE('',*,*,#5060,.T.);
#5062=EDGE_LOOP('',(#5057,#5058,#5059,#5061));
#5063=FACE_OUTER_BOUND('',#5062,.F.);
#5064=ADVANCED_FACE('',(#5063),#5056,.T.);
#5065=CARTESIAN_POINT('',(1.75E0,2.75E-2,6.E0));
#5066=DIRECTION('',(0.E0,-9.701425001453E-1,2.425356250363E-1));
#5067=DIRECTION('',(0.E0,2.425356250363E-1,9.701425001453E-1));
#5068=AXIS2_PLACEMENT_3D('',#5065,#5066,#5067);
#5069=PLANE('',#5068);
#5070=ORIENTED_EDGE('',*,*,#5013,.T.);
#5071=ORIENTED_EDGE('',*,*,#4831,.F.);
#5072=ORIENTED_EDGE('',*,*,#4848,.F.);
#5073=ORIENTED_EDGE('',*,*,#5060,.F.);
#5074=EDGE_LOOP('',(#5070,#5071,#5072,#5073));
#5075=FACE_OUTER_BOUND('',#5074,.F.);
#5076=ADVANCED_FACE('',(#5075),#5069,.T.);
#5077=CARTESIAN_POINT('',(1.9675E0,-5.775E0,-5.06E0));
#5078=DIRECTION('',(9.701425001453E-1,-2.425356250363E-1,0.E0));
#5079=DIRECTION('',(-2.425356250363E-1,-9.701425001453E-1,0.E0));
#5080=AXIS2_PLACEMENT_3D('',#5077,#5078,#5079);
#5081=PLANE('',#5080);
#5083=ORIENTED_EDGE('',*,*,#5082,.F.);
#5084=ORIENTED_EDGE('',*,*,#4959,.T.);
#5085=ORIENTED_EDGE('',*,*,#5040,.T.);
#5086=ORIENTED_EDGE('',*,*,#4933,.T.);
#5087=EDGE_LOOP('',(#5083,#5084,#5085,#5086));
#5088=FACE_OUTER_BOUND('',#5087,.F.);
#5089=ADVANCED_FACE('',(#5088),#5081,.T.);
#5090=CARTESIAN_POINT('',(1.4325E0,-6.175E0,-4.7425E0));
#5091=DIRECTION('',(0.E0,-1.E0,0.E0));
#5092=DIRECTION('',(0.E0,0.E0,-1.E0));
#5093=AXIS2_PLACEMENT_3D('',#5090,#5091,#5092);
#5094=PLANE('',#5093);
#5095=ORIENTED_EDGE('',*,*,#4931,.T.);
#5096=ORIENTED_EDGE('',*,*,#4946,.T.);
#5097=ORIENTED_EDGE('',*,*,#4961,.F.);
#5098=ORIENTED_EDGE('',*,*,#5082,.T.);
#5099=EDGE_LOOP('',(#5095,#5096,#5097,#5098));
#5100=FACE_OUTER_BOUND('',#5099,.F.);
#5101=ADVANCED_FACE('',(#5100),#5094,.T.);
#5102=CARTESIAN_POINT('',(-1.5325E0,-5.775E0,-5.06E0));
#5103=DIRECTION('',(9.701425001453E-1,-2.425356250363E-1,0.E0));
#5104=DIRECTION('',(-2.425356250363E-1,-9.701425001453E-1,0.E0));
#5105=AXIS2_PLACEMENT_3D('',#5102,#5103,#5104);
#5106=PLANE('',#5105);
#5107=ORIENTED_EDGE('',*,*,#3878,.T.);
#5109=ORIENTED_EDGE('',*,*,#5108,.F.);
#5110=ORIENTED_EDGE('',*,*,#3905,.T.);
#5111=ORIENTED_EDGE('',*,*,#3987,.T.);
#5112=EDGE_LOOP('',(#5107,#5109,#5110,#5111));
#5113=FACE_OUTER_BOUND('',#5112,.F.);
#5114=ADVANCED_FACE('',(#5113),#5106,.T.);
#5115=CARTESIAN_POINT('',(-2.0675E0,-6.175E0,-4.7425E0));
#5116=DIRECTION('',(0.E0,-1.E0,0.E0));
#5117=DIRECTION('',(0.E0,0.E0,-1.E0));
#5118=AXIS2_PLACEMENT_3D('',#5115,#5116,#5117);
#5119=PLANE('',#5118);
#5120=ORIENTED_EDGE('',*,*,#3876,.T.);
#5121=ORIENTED_EDGE('',*,*,#3893,.T.);
#5122=ORIENTED_EDGE('',*,*,#3907,.F.);
#5123=ORIENTED_EDGE('',*,*,#5108,.T.);
#5124=EDGE_LOOP('',(#5120,#5121,#5122,#5123));
#5125=FACE_OUTER_BOUND('',#5124,.F.);
#5126=ADVANCED_FACE('',(#5125),#5119,.T.);
#5127=CARTESIAN_POINT('',(-5.15E0,-5.E-1,8.1E0));
#5128=DIRECTION('',(0.E0,-1.E0,0.E0));
#5129=DIRECTION('',(1.E0,0.E0,0.E0));
#5130=AXIS2_PLACEMENT_3D('',#5127,#5128,#5129);
#5131=PLANE('',#5130);
#5132=ORIENTED_EDGE('',*,*,#3428,.T.);
#5134=ORIENTED_EDGE('',*,*,#5133,.F.);
#5136=ORIENTED_EDGE('',*,*,#5135,.F.);
#5137=ORIENTED_EDGE('',*,*,#3309,.F.);
#5138=ORIENTED_EDGE('',*,*,#3342,.T.);
#5139=ORIENTED_EDGE('',*,*,#3374,.T.);
#5140=EDGE_LOOP('',(#5132,#5134,#5136,#5137,#5138,#5139));
#5141=FACE_OUTER_BOUND('',#5140,.F.);
#5142=ADVANCED_FACE('',(#5141),#5131,.F.);
#5143=CARTESIAN_POINT('',(-4.E0,-1.75E0,7.4E0));
#5144=DIRECTION('',(0.E0,0.E0,1.E0));
#5145=DIRECTION('',(0.E0,1.E0,0.E0));
#5146=AXIS2_PLACEMENT_3D('',#5143,#5144,#5145);
#5147=PLANE('',#5146);
#5148=ORIENTED_EDGE('',*,*,#5133,.T.);
#5149=ORIENTED_EDGE('',*,*,#3456,.T.);
#5151=ORIENTED_EDGE('',*,*,#5150,.F.);
#5153=ORIENTED_EDGE('',*,*,#5152,.F.);
#5154=EDGE_LOOP('',(#5148,#5149,#5151,#5153));
#5155=FACE_OUTER_BOUND('',#5154,.F.);
#5156=ADVANCED_FACE('',(#5155),#5147,.T.);
#5157=CARTESIAN_POINT('',(-4.E0,-3.3E-1,7.4E0));
#5158=DIRECTION('',(0.E0,-1.E0,0.E0));
#5159=DIRECTION('',(0.E0,0.E0,1.E0));
#5160=AXIS2_PLACEMENT_3D('',#5157,#5158,#5159);
#5161=PLANE('',#5160);
#5163=ORIENTED_EDGE('',*,*,#5162,.F.);
#5164=ORIENTED_EDGE('',*,*,#5150,.T.);
#5165=ORIENTED_EDGE('',*,*,#3454,.T.);
#5167=ORIENTED_EDGE('',*,*,#5166,.F.);
#5168=EDGE_LOOP('',(#5163,#5164,#5165,#5167));
#5169=FACE_OUTER_BOUND('',#5168,.F.);
#5170=ADVANCED_FACE('',(#5169),#5161,.T.);
#5171=CARTESIAN_POINT('',(-4.E0,-5.E-1,8.1E0));
#5172=DIRECTION('',(1.E0,0.E0,0.E0));
#5173=DIRECTION('',(0.E0,1.E0,0.E0));
#5174=AXIS2_PLACEMENT_3D('',#5171,#5172,#5173);
#5175=PLANE('',#5174);
#5176=ORIENTED_EDGE('',*,*,#5152,.T.);
#5177=ORIENTED_EDGE('',*,*,#5162,.T.);
#5179=ORIENTED_EDGE('',*,*,#5178,.T.);
#5181=ORIENTED_EDGE('',*,*,#5180,.T.);
#5183=ORIENTED_EDGE('',*,*,#5182,.T.);
#5185=ORIENTED_EDGE('',*,*,#5184,.F.);
#5186=ORIENTED_EDGE('',*,*,#3311,.F.);
#5187=ORIENTED_EDGE('',*,*,#5135,.T.);
#5188=EDGE_LOOP('',(#5176,#5177,#5179,#5181,#5183,#5185,#5186,#5187));
#5189=FACE_OUTER_BOUND('',#5188,.F.);
#5190=ADVANCED_FACE('',(#5189),#5175,.F.);
#5191=CARTESIAN_POINT('',(-4.E0,-3.3E-1,7.85E0));
#5192=DIRECTION('',(0.E0,0.E0,1.E0));
#5193=DIRECTION('',(0.E0,1.E0,0.E0));
#5194=AXIS2_PLACEMENT_3D('',#5191,#5192,#5193);
#5195=PLANE('',#5194);
#5196=ORIENTED_EDGE('',*,*,#5178,.F.);
#5197=ORIENTED_EDGE('',*,*,#5166,.T.);
#5198=ORIENTED_EDGE('',*,*,#3452,.T.);
#5200=ORIENTED_EDGE('',*,*,#5199,.F.);
#5201=EDGE_LOOP('',(#5196,#5197,#5198,#5200));
#5202=FACE_OUTER_BOUND('',#5201,.F.);
#5203=ADVANCED_FACE('',(#5202),#5195,.T.);
#5204=CARTESIAN_POINT('',(-4.E0,3.3E-1,7.85E0));
#5205=DIRECTION('',(0.E0,1.E0,0.E0));
#5206=DIRECTION('',(0.E0,0.E0,-1.E0));
#5207=AXIS2_PLACEMENT_3D('',#5204,#5205,#5206);
#5208=PLANE('',#5207);
#5209=ORIENTED_EDGE('',*,*,#5180,.F.);
#5210=ORIENTED_EDGE('',*,*,#5199,.T.);
#5211=ORIENTED_EDGE('',*,*,#3450,.T.);
#5213=ORIENTED_EDGE('',*,*,#5212,.F.);
#5214=EDGE_LOOP('',(#5209,#5210,#5211,#5213));
#5215=FACE_OUTER_BOUND('',#5214,.F.);
#5216=ADVANCED_FACE('',(#5215),#5208,.T.);
#5217=CARTESIAN_POINT('',(-4.E0,3.3E-1,7.4E0));
#5218=DIRECTION('',(0.E0,0.E0,1.E0));
#5219=DIRECTION('',(0.E0,1.E0,0.E0));
#5220=AXIS2_PLACEMENT_3D('',#5217,#5218,#5219);
#5221=PLANE('',#5220);
#5222=ORIENTED_EDGE('',*,*,#5182,.F.);
#5223=ORIENTED_EDGE('',*,*,#5212,.T.);
#5224=ORIENTED_EDGE('',*,*,#3448,.T.);
#5226=ORIENTED_EDGE('',*,*,#5225,.F.);
#5227=EDGE_LOOP('',(#5222,#5223,#5224,#5226));
#5228=FACE_OUTER_BOUND('',#5227,.F.);
#5229=ADVANCED_FACE('',(#5228),#5221,.T.);
#5230=CARTESIAN_POINT('',(-4.E0,5.E-1,8.1E0));
#5231=DIRECTION('',(0.E0,1.E0,0.E0));
#5232=DIRECTION('',(-1.E0,0.E0,0.E0));
#5233=AXIS2_PLACEMENT_3D('',#5230,#5231,#5232);
#5234=PLANE('',#5233);
#5235=ORIENTED_EDGE('',*,*,#3446,.F.);
#5236=ORIENTED_EDGE('',*,*,#3399,.T.);
#5237=ORIENTED_EDGE('',*,*,#3356,.F.);
#5238=ORIENTED_EDGE('',*,*,#3313,.T.);
#5239=ORIENTED_EDGE('',*,*,#5184,.T.);
#5240=ORIENTED_EDGE('',*,*,#5225,.T.);
#5241=EDGE_LOOP('',(#5235,#5236,#5237,#5238,#5239,#5240));
#5242=FACE_OUTER_BOUND('',#5241,.F.);
#5243=ADVANCED_FACE('',(#5242),#5234,.F.);
#5244=CARTESIAN_POINT('',(5.15E0,5.E-1,8.1E0));
#5245=DIRECTION('',(0.E0,1.E0,0.E0));
#5246=DIRECTION('',(-1.E0,0.E0,0.E0));
#5247=AXIS2_PLACEMENT_3D('',#5244,#5245,#5246);
#5248=PLANE('',#5247);
#5249=ORIENTED_EDGE('',*,*,#3158,.T.);
#5251=ORIENTED_EDGE('',*,*,#5250,.F.);
#5253=ORIENTED_EDGE('',*,*,#5252,.F.);
#5254=ORIENTED_EDGE('',*,*,#3299,.F.);
#5255=ORIENTED_EDGE('',*,*,#3244,.T.);
#5256=ORIENTED_EDGE('',*,*,#3119,.T.);
#5257=EDGE_LOOP('',(#5249,#5251,#5253,#5254,#5255,#5256));
#5258=FACE_OUTER_BOUND('',#5257,.F.);
#5259=ADVANCED_FACE('',(#5258),#5248,.F.);
#5260=CARTESIAN_POINT('',(4.E0,3.3E-1,7.4E0));
#5261=DIRECTION('',(0.E0,0.E0,-1.E0));
#5262=DIRECTION('',(0.E0,1.E0,0.E0));
#5263=AXIS2_PLACEMENT_3D('',#5260,#5261,#5262);
#5264=PLANE('',#5263);
#5265=ORIENTED_EDGE('',*,*,#3156,.F.);
#5267=ORIENTED_EDGE('',*,*,#5266,.F.);
#5269=ORIENTED_EDGE('',*,*,#5268,.T.);
#5270=ORIENTED_EDGE('',*,*,#5250,.T.);
#5271=EDGE_LOOP('',(#5265,#5267,#5269,#5270));
#5272=FACE_OUTER_BOUND('',#5271,.F.);
#5273=ADVANCED_FACE('',(#5272),#5264,.F.);
#5274=CARTESIAN_POINT('',(4.E0,3.3E-1,7.85E0));
#5275=DIRECTION('',(0.E0,-1.E0,0.E0));
#5276=DIRECTION('',(0.E0,0.E0,-1.E0));
#5277=AXIS2_PLACEMENT_3D('',#5274,#5275,#5276);
#5278=PLANE('',#5277);
#5280=ORIENTED_EDGE('',*,*,#5279,.F.);
#5282=ORIENTED_EDGE('',*,*,#5281,.T.);
#5283=ORIENTED_EDGE('',*,*,#5266,.T.);
#5284=ORIENTED_EDGE('',*,*,#3154,.F.);
#5285=EDGE_LOOP('',(#5280,#5282,#5283,#5284));
#5286=FACE_OUTER_BOUND('',#5285,.F.);
#5287=ADVANCED_FACE('',(#5286),#5278,.F.);
#5288=CARTESIAN_POINT('',(4.E0,-3.3E-1,7.85E0));
#5289=DIRECTION('',(0.E0,0.E0,-1.E0));
#5290=DIRECTION('',(0.E0,1.E0,0.E0));
#5291=AXIS2_PLACEMENT_3D('',#5288,#5289,#5290);
#5292=PLANE('',#5291);
#5294=ORIENTED_EDGE('',*,*,#5293,.F.);
#5296=ORIENTED_EDGE('',*,*,#5295,.T.);
#5297=ORIENTED_EDGE('',*,*,#5279,.T.);
#5298=ORIENTED_EDGE('',*,*,#3152,.F.);
#5299=EDGE_LOOP('',(#5294,#5296,#5297,#5298));
#5300=FACE_OUTER_BOUND('',#5299,.F.);
#5301=ADVANCED_FACE('',(#5300),#5292,.F.);
#5302=CARTESIAN_POINT('',(4.E0,-3.3E-1,7.4E0));
#5303=DIRECTION('',(0.E0,1.E0,0.E0));
#5304=DIRECTION('',(0.E0,0.E0,1.E0));
#5305=AXIS2_PLACEMENT_3D('',#5302,#5303,#5304);
#5306=PLANE('',#5305);
#5308=ORIENTED_EDGE('',*,*,#5307,.F.);
#5310=ORIENTED_EDGE('',*,*,#5309,.T.);
#5311=ORIENTED_EDGE('',*,*,#5293,.T.);
#5312=ORIENTED_EDGE('',*,*,#3150,.F.);
#5313=EDGE_LOOP('',(#5308,#5310,#5311,#5312));
#5314=FACE_OUTER_BOUND('',#5313,.F.);
#5315=ADVANCED_FACE('',(#5314),#5306,.F.);
#5316=CARTESIAN_POINT('',(4.E0,-1.75E0,7.4E0));
#5317=DIRECTION('',(0.E0,0.E0,-1.E0));
#5318=DIRECTION('',(0.E0,1.E0,0.E0));
#5319=AXIS2_PLACEMENT_3D('',#5316,#5317,#5318);
#5320=PLANE('',#5319);
#5321=ORIENTED_EDGE('',*,*,#3148,.F.);
#5323=ORIENTED_EDGE('',*,*,#5322,.F.);
#5325=ORIENTED_EDGE('',*,*,#5324,.T.);
#5326=ORIENTED_EDGE('',*,*,#5307,.T.);
#5327=EDGE_LOOP('',(#5321,#5323,#5325,#5326));
#5328=FACE_OUTER_BOUND('',#5327,.F.);
#5329=ADVANCED_FACE('',(#5328),#5320,.F.);
#5330=CARTESIAN_POINT('',(4.E0,-5.E-1,8.1E0));
#5331=DIRECTION('',(0.E0,-1.E0,0.E0));
#5332=DIRECTION('',(1.E0,0.E0,0.E0));
#5333=AXIS2_PLACEMENT_3D('',#5330,#5331,#5332);
#5334=PLANE('',#5333);
#5335=ORIENTED_EDGE('',*,*,#3146,.F.);
#5336=ORIENTED_EDGE('',*,*,#3107,.T.);
#5337=ORIENTED_EDGE('',*,*,#3228,.F.);
#5338=ORIENTED_EDGE('',*,*,#3303,.T.);
#5340=ORIENTED_EDGE('',*,*,#5339,.T.);
#5341=ORIENTED_EDGE('',*,*,#5322,.T.);
#5342=EDGE_LOOP('',(#5335,#5336,#5337,#5338,#5340,#5341));
#5343=FACE_OUTER_BOUND('',#5342,.F.);
#5344=ADVANCED_FACE('',(#5343),#5334,.F.);
#5345=CARTESIAN_POINT('',(4.E0,5.E-1,8.1E0));
#5346=DIRECTION('',(-1.E0,0.E0,0.E0));
#5347=DIRECTION('',(0.E0,-1.E0,0.E0));
#5348=AXIS2_PLACEMENT_3D('',#5345,#5346,#5347);
#5349=PLANE('',#5348);
#5350=ORIENTED_EDGE('',*,*,#5324,.F.);
#5351=ORIENTED_EDGE('',*,*,#5339,.F.);
#5352=ORIENTED_EDGE('',*,*,#3301,.T.);
#5353=ORIENTED_EDGE('',*,*,#5252,.T.);
#5354=ORIENTED_EDGE('',*,*,#5268,.F.);
#5355=ORIENTED_EDGE('',*,*,#5281,.F.);
#5356=ORIENTED_EDGE('',*,*,#5295,.F.);
#5357=ORIENTED_EDGE('',*,*,#5309,.F.);
#5358=EDGE_LOOP('',(#5350,#5351,#5352,#5353,#5354,#5355,#5356,#5357));
#5359=FACE_OUTER_BOUND('',#5358,.F.);
#5360=ADVANCED_FACE('',(#5359),#5349,.F.);
#5361=CARTESIAN_POINT('',(4.E0,0.E0,0.E0));
#5362=DIRECTION('',(-1.E0,0.E0,0.E0));
#5363=DIRECTION('',(0.E0,0.E0,1.E0));
#5364=AXIS2_PLACEMENT_3D('',#5361,#5362,#5363);
#5365=PLANE('',#5364);
#5367=ORIENTED_EDGE('',*,*,#5366,.F.);
#5368=ORIENTED_EDGE('',*,*,#2878,.T.);
#5370=ORIENTED_EDGE('',*,*,#5369,.F.);
#5372=ORIENTED_EDGE('',*,*,#5371,.F.);
#5374=ORIENTED_EDGE('',*,*,#5373,.F.);
#5376=ORIENTED_EDGE('',*,*,#5375,.F.);
#5377=EDGE_LOOP('',(#5367,#5368,#5370,#5372,#5374,#5376));
#5378=FACE_OUTER_BOUND('',#5377,.F.);
#5379=ADVANCED_FACE('',(#5378),#5365,.T.);
#5380=CARTESIAN_POINT('',(4.E0,0.E0,0.E0));
#5381=DIRECTION('',(-1.E0,0.E0,0.E0));
#5382=DIRECTION('',(0.E0,0.E0,1.E0));
#5383=AXIS2_PLACEMENT_3D('',#5380,#5381,#5382);
#5384=PLANE('',#5383);
#5385=ORIENTED_EDGE('',*,*,#3099,.F.);
#5387=ORIENTED_EDGE('',*,*,#5386,.F.);
#5389=ORIENTED_EDGE('',*,*,#5388,.F.);
#5391=ORIENTED_EDGE('',*,*,#5390,.F.);
#5393=ORIENTED_EDGE('',*,*,#5392,.F.);
#5395=ORIENTED_EDGE('',*,*,#5394,.F.);
#5396=ORIENTED_EDGE('',*,*,#3193,.F.);
#5397=ORIENTED_EDGE('',*,*,#3213,.F.);
#5398=EDGE_LOOP('',(#5385,#5387,#5389,#5391,#5393,#5395,#5396,#5397));
#5399=FACE_OUTER_BOUND('',#5398,.F.);
#5400=ADVANCED_FACE('',(#5399),#5384,.T.);
#5401=CARTESIAN_POINT('',(4.E0,-2.5E0,2.105E0));
#5402=DIRECTION('',(0.E0,0.E0,1.E0));
#5403=DIRECTION('',(0.E0,-1.E0,0.E0));
#5404=AXIS2_PLACEMENT_3D('',#5401,#5402,#5403);
#5405=PLANE('',#5404);
#5406=ORIENTED_EDGE('',*,*,#5366,.T.);
#5408=ORIENTED_EDGE('',*,*,#5407,.T.);
#5409=ORIENTED_EDGE('',*,*,#3171,.F.);
#5410=ORIENTED_EDGE('',*,*,#2880,.F.);
#5411=EDGE_LOOP('',(#5406,#5408,#5409,#5410));
#5412=FACE_OUTER_BOUND('',#5411,.F.);
#5413=ADVANCED_FACE('',(#5412),#5405,.F.);
#5414=CARTESIAN_POINT('',(4.E0,-4.9E0,2.105E0));
#5415=DIRECTION('',(0.E0,1.961161351382E-1,9.805806756909E-1));
#5416=DIRECTION('',(0.E0,-9.805806756909E-1,1.961161351382E-1));
#5417=AXIS2_PLACEMENT_3D('',#5414,#5415,#5416);
#5418=PLANE('',#5417);
#5419=ORIENTED_EDGE('',*,*,#5375,.T.);
#5421=ORIENTED_EDGE('',*,*,#5420,.T.);
#5422=ORIENTED_EDGE('',*,*,#3173,.F.);
#5423=ORIENTED_EDGE('',*,*,#5407,.F.);
#5424=EDGE_LOOP('',(#5419,#5421,#5422,#5423));
#5425=FACE_OUTER_BOUND('',#5424,.F.);
#5426=ADVANCED_FACE('',(#5425),#5418,.F.);
#5427=CARTESIAN_POINT('',(4.E0,-5.9E0,2.305E0));
#5428=DIRECTION('',(0.E0,1.E0,0.E0));
#5429=DIRECTION('',(0.E0,0.E0,1.E0));
#5430=AXIS2_PLACEMENT_3D('',#5427,#5428,#5429);
#5431=PLANE('',#5430);
#5432=ORIENTED_EDGE('',*,*,#5373,.T.);
#5434=ORIENTED_EDGE('',*,*,#5433,.T.);
#5435=ORIENTED_EDGE('',*,*,#3175,.F.);
#5436=ORIENTED_EDGE('',*,*,#5420,.F.);
#5437=EDGE_LOOP('',(#5432,#5434,#5435,#5436));
#5438=FACE_OUTER_BOUND('',#5437,.F.);
#5439=ADVANCED_FACE('',(#5438),#5431,.F.);
#5440=CARTESIAN_POINT('',(4.E0,-5.9E0,3.405E0));
#5441=DIRECTION('',(0.E0,1.961161351382E-1,-9.805806756909E-1));
#5442=DIRECTION('',(0.E0,9.805806756909E-1,1.961161351382E-1));
#5443=AXIS2_PLACEMENT_3D('',#5440,#5441,#5442);
#5444=PLANE('',#5443);
#5445=ORIENTED_EDGE('',*,*,#5371,.T.);
#5447=ORIENTED_EDGE('',*,*,#5446,.T.);
#5448=ORIENTED_EDGE('',*,*,#3177,.F.);
#5449=ORIENTED_EDGE('',*,*,#5433,.F.);
#5450=EDGE_LOOP('',(#5445,#5447,#5448,#5449));
#5451=FACE_OUTER_BOUND('',#5450,.F.);
#5452=ADVANCED_FACE('',(#5451),#5444,.F.);
#5453=CARTESIAN_POINT('',(4.E0,-4.9E0,3.605E0));
#5454=DIRECTION('',(0.E0,0.E0,-1.E0));
#5455=DIRECTION('',(0.E0,1.E0,0.E0));
#5456=AXIS2_PLACEMENT_3D('',#5453,#5454,#5455);
#5457=PLANE('',#5456);
#5458=ORIENTED_EDGE('',*,*,#5369,.T.);
#5459=ORIENTED_EDGE('',*,*,#2884,.T.);
#5460=ORIENTED_EDGE('',*,*,#3179,.F.);
#5461=ORIENTED_EDGE('',*,*,#5446,.F.);
#5462=EDGE_LOOP('',(#5458,#5459,#5460,#5461));
#5463=FACE_OUTER_BOUND('',#5462,.F.);
#5464=ADVANCED_FACE('',(#5463),#5457,.F.);
#5465=CARTESIAN_POINT('',(4.E0,-2.5E0,-3.095E0));
#5466=DIRECTION('',(0.E0,1.E0,0.E0));
#5467=DIRECTION('',(0.E0,0.E0,1.E0));
#5468=AXIS2_PLACEMENT_3D('',#5465,#5466,#5467);
#5469=PLANE('',#5468);
#5470=ORIENTED_EDGE('',*,*,#3143,.F.);
#5472=ORIENTED_EDGE('',*,*,#5471,.F.);
#5473=ORIENTED_EDGE('',*,*,#5386,.T.);
#5474=ORIENTED_EDGE('',*,*,#3097,.T.);
#5475=EDGE_LOOP('',(#5470,#5472,#5473,#5474));
#5476=FACE_OUTER_BOUND('',#5475,.F.);
#5477=ADVANCED_FACE('',(#5476),#5469,.F.);
#5478=CARTESIAN_POINT('',(4.E0,-1.E0,-3.095E0));
#5479=DIRECTION('',(0.E0,0.E0,1.E0));
#5480=DIRECTION('',(0.E0,-1.E0,0.E0));
#5481=AXIS2_PLACEMENT_3D('',#5478,#5479,#5480);
#5482=PLANE('',#5481);
#5483=ORIENTED_EDGE('',*,*,#5388,.T.);
#5484=ORIENTED_EDGE('',*,*,#5471,.T.);
#5485=ORIENTED_EDGE('',*,*,#3141,.F.);
#5487=ORIENTED_EDGE('',*,*,#5486,.F.);
#5488=EDGE_LOOP('',(#5483,#5484,#5485,#5487));
#5489=FACE_OUTER_BOUND('',#5488,.F.);
#5490=ADVANCED_FACE('',(#5489),#5482,.F.);
#5491=CARTESIAN_POINT('',(4.E0,-1.E0,-2.342E0));
#5492=DIRECTION('',(0.E0,-1.E0,0.E0));
#5493=DIRECTION('',(0.E0,0.E0,-1.E0));
#5494=AXIS2_PLACEMENT_3D('',#5491,#5492,#5493);
#5495=PLANE('',#5494);
#5496=ORIENTED_EDGE('',*,*,#5390,.T.);
#5497=ORIENTED_EDGE('',*,*,#5486,.T.);
#5498=ORIENTED_EDGE('',*,*,#3139,.F.);
#5500=ORIENTED_EDGE('',*,*,#5499,.F.);
#5501=EDGE_LOOP('',(#5496,#5497,#5498,#5500));
#5502=FACE_OUTER_BOUND('',#5501,.F.);
#5503=ADVANCED_FACE('',(#5502),#5495,.F.);
#5504=CARTESIAN_POINT('',(4.E0,1.E0,-2.342E0));
#5505=DIRECTION('',(0.E0,0.E0,1.E0));
#5506=DIRECTION('',(0.E0,-1.E0,0.E0));
#5507=AXIS2_PLACEMENT_3D('',#5504,#5505,#5506);
#5508=PLANE('',#5507);
#5509=ORIENTED_EDGE('',*,*,#5392,.T.);
#5510=ORIENTED_EDGE('',*,*,#5499,.T.);
#5511=ORIENTED_EDGE('',*,*,#3137,.F.);
#5513=ORIENTED_EDGE('',*,*,#5512,.F.);
#5514=EDGE_LOOP('',(#5509,#5510,#5511,#5513));
#5515=FACE_OUTER_BOUND('',#5514,.F.);
#5516=ADVANCED_FACE('',(#5515),#5508,.F.);
#5517=CARTESIAN_POINT('',(4.E0,1.E0,-3.095E0));
#5518=DIRECTION('',(0.E0,1.E0,0.E0));
#5519=DIRECTION('',(0.E0,0.E0,1.E0));
#5520=AXIS2_PLACEMENT_3D('',#5517,#5518,#5519);
#5521=PLANE('',#5520);
#5522=ORIENTED_EDGE('',*,*,#5394,.T.);
#5523=ORIENTED_EDGE('',*,*,#5512,.T.);
#5524=ORIENTED_EDGE('',*,*,#3135,.F.);
#5525=ORIENTED_EDGE('',*,*,#3195,.F.);
#5526=EDGE_LOOP('',(#5522,#5523,#5524,#5525));
#5527=FACE_OUTER_BOUND('',#5526,.F.);
#5528=ADVANCED_FACE('',(#5527),#5521,.F.);
#5529=CARTESIAN_POINT('',(-3.2E-1,-2.675E0,4.232606234616E0));
#5530=DIRECTION('',(-1.E0,0.E0,0.E0));
#5531=DIRECTION('',(0.E0,0.E0,-1.E0));
#5532=AXIS2_PLACEMENT_3D('',#5529,#5530,#5531);
#5533=PLANE('',#5532);
#5534=ORIENTED_EDGE('',*,*,#2888,.F.);
#5536=ORIENTED_EDGE('',*,*,#5535,.T.);
#5538=ORIENTED_EDGE('',*,*,#5537,.T.);
#5540=ORIENTED_EDGE('',*,*,#5539,.F.);
#5541=EDGE_LOOP('',(#5534,#5536,#5538,#5540));
#5542=FACE_OUTER_BOUND('',#5541,.F.);
#5543=ADVANCED_FACE('',(#5542),#5533,.T.);
#5544=CARTESIAN_POINT('',(-2.2E-1,-2.675E0,4.232606234616E0));
#5545=DIRECTION('',(0.E0,-1.E0,0.E0));
#5546=DIRECTION('',(1.E0,0.E0,0.E0));
#5547=AXIS2_PLACEMENT_3D('',#5544,#5545,#5546);
#5548=CYLINDRICAL_SURFACE('',#5547,1.E-1);
#5549=ORIENTED_EDGE('',*,*,#2934,.F.);
#5551=ORIENTED_EDGE('',*,*,#5550,.T.);
#5553=ORIENTED_EDGE('',*,*,#5552,.T.);
#5554=ORIENTED_EDGE('',*,*,#5535,.F.);
#5555=EDGE_LOOP('',(#5549,#5551,#5553,#5554));
#5556=FACE_OUTER_BOUND('',#5555,.F.);
#5557=ADVANCED_FACE('',(#5556),#5548,.T.);
#5558=CARTESIAN_POINT('',(0.E0,-2.675E0,2.85E0));
#5559=DIRECTION('',(0.E0,-1.E0,0.E0));
#5560=DIRECTION('',(1.E0,0.E0,0.E0));
#5561=AXIS2_PLACEMENT_3D('',#5558,#5559,#5560);
#5562=CYLINDRICAL_SURFACE('',#5561,1.5E0);
#5563=ORIENTED_EDGE('',*,*,#2932,.F.);
#5565=ORIENTED_EDGE('',*,*,#5564,.T.);
#5567=ORIENTED_EDGE('',*,*,#5566,.T.);
#5568=ORIENTED_EDGE('',*,*,#5550,.F.);
#5569=EDGE_LOOP('',(#5563,#5565,#5567,#5568));
#5570=FACE_OUTER_BOUND('',#5569,.F.);
#5571=ADVANCED_FACE('',(#5570),#5562,.T.);
#5572=CARTESIAN_POINT('',(2.2E-1,-2.675E0,4.232606234616E0));
#5573=DIRECTION('',(0.E0,-1.E0,0.E0));
#5574=DIRECTION('',(1.E0,0.E0,0.E0));
#5575=AXIS2_PLACEMENT_3D('',#5572,#5573,#5574);
#5576=CYLINDRICAL_SURFACE('',#5575,1.E-1);
#5577=ORIENTED_EDGE('',*,*,#2930,.F.);
#5579=ORIENTED_EDGE('',*,*,#5578,.T.);
#5581=ORIENTED_EDGE('',*,*,#5580,.T.);
#5582=ORIENTED_EDGE('',*,*,#5564,.F.);
#5583=EDGE_LOOP('',(#5577,#5579,#5581,#5582));
#5584=FACE_OUTER_BOUND('',#5583,.F.);
#5585=ADVANCED_FACE('',(#5584),#5576,.T.);
#5586=CARTESIAN_POINT('',(3.2E-1,-2.675E0,4.02E0));
#5587=DIRECTION('',(1.E0,0.E0,0.E0));
#5588=DIRECTION('',(0.E0,0.E0,1.E0));
#5589=AXIS2_PLACEMENT_3D('',#5586,#5587,#5588);
#5590=PLANE('',#5589);
#5591=ORIENTED_EDGE('',*,*,#2928,.F.);
#5593=ORIENTED_EDGE('',*,*,#5592,.T.);
#5595=ORIENTED_EDGE('',*,*,#5594,.T.);
#5596=ORIENTED_EDGE('',*,*,#5578,.F.);
#5597=EDGE_LOOP('',(#5591,#5593,#5595,#5596));
#5598=FACE_OUTER_BOUND('',#5597,.F.);
#5599=ADVANCED_FACE('',(#5598),#5590,.T.);
#5600=CARTESIAN_POINT('',(1.17E0,-2.675E0,4.02E0));
#5601=DIRECTION('',(0.E0,-1.E0,0.E0));
#5602=DIRECTION('',(1.E0,0.E0,0.E0));
#5603=AXIS2_PLACEMENT_3D('',#5600,#5601,#5602);
#5604=CYLINDRICAL_SURFACE('',#5603,8.5E-1);
#5605=ORIENTED_EDGE('',*,*,#2926,.T.);
#5607=ORIENTED_EDGE('',*,*,#5606,.T.);
#5609=ORIENTED_EDGE('',*,*,#5608,.T.);
#5610=ORIENTED_EDGE('',*,*,#5592,.F.);
#5611=EDGE_LOOP('',(#5605,#5607,#5609,#5610));
#5612=FACE_OUTER_BOUND('',#5611,.F.);
#5613=ADVANCED_FACE('',(#5612),#5604,.F.);
#5614=CARTESIAN_POINT('',(1.382606234616E0,-2.675E0,3.17E0));
#5615=DIRECTION('',(0.E0,0.E0,1.E0));
#5616=DIRECTION('',(-1.E0,0.E0,0.E0));
#5617=AXIS2_PLACEMENT_3D('',#5614,#5615,#5616);
#5618=PLANE('',#5617);
#5619=ORIENTED_EDGE('',*,*,#2924,.F.);
#5621=ORIENTED_EDGE('',*,*,#5620,.T.);
#5623=ORIENTED_EDGE('',*,*,#5622,.T.);
#5624=ORIENTED_EDGE('',*,*,#5606,.F.);
#5625=EDGE_LOOP('',(#5619,#5621,#5623,#5624));
#5626=FACE_OUTER_BOUND('',#5625,.F.);
#5627=ADVANCED_FACE('',(#5626),#5618,.T.);
#5628=CARTESIAN_POINT('',(1.382606234616E0,-2.675E0,3.07E0));
#5629=DIRECTION('',(0.E0,-1.E0,0.E0));
#5630=DIRECTION('',(1.E0,0.E0,0.E0));
#5631=AXIS2_PLACEMENT_3D('',#5628,#5629,#5630);
#5632=CYLINDRICAL_SURFACE('',#5631,1.E-1);
#5633=ORIENTED_EDGE('',*,*,#2922,.F.);
#5635=ORIENTED_EDGE('',*,*,#5634,.T.);
#5637=ORIENTED_EDGE('',*,*,#5636,.T.);
#5638=ORIENTED_EDGE('',*,*,#5620,.F.);
#5639=EDGE_LOOP('',(#5633,#5635,#5637,#5638));
#5640=FACE_OUTER_BOUND('',#5639,.F.);
#5641=ADVANCED_FACE('',(#5640),#5632,.T.);
#5642=CARTESIAN_POINT('',(0.E0,-2.675E0,2.85E0));
#5643=DIRECTION('',(0.E0,-1.E0,0.E0));
#5644=DIRECTION('',(1.E0,0.E0,0.E0));
#5645=AXIS2_PLACEMENT_3D('',#5642,#5643,#5644);
#5646=CYLINDRICAL_SURFACE('',#5645,1.5E0);
#5647=ORIENTED_EDGE('',*,*,#2920,.F.);
#5649=ORIENTED_EDGE('',*,*,#5648,.T.);
#5651=ORIENTED_EDGE('',*,*,#5650,.T.);
#5652=ORIENTED_EDGE('',*,*,#5634,.F.);
#5653=EDGE_LOOP('',(#5647,#5649,#5651,#5652));
#5654=FACE_OUTER_BOUND('',#5653,.F.);
#5655=ADVANCED_FACE('',(#5654),#5646,.T.);
#5656=CARTESIAN_POINT('',(1.382606234616E0,-2.675E0,2.63E0));
#5657=DIRECTION('',(0.E0,-1.E0,0.E0));
#5658=DIRECTION('',(1.E0,0.E0,0.E0));
#5659=AXIS2_PLACEMENT_3D('',#5656,#5657,#5658);
#5660=CYLINDRICAL_SURFACE('',#5659,1.E-1);
#5661=ORIENTED_EDGE('',*,*,#2918,.F.);
#5663=ORIENTED_EDGE('',*,*,#5662,.T.);
#5665=ORIENTED_EDGE('',*,*,#5664,.T.);
#5666=ORIENTED_EDGE('',*,*,#5648,.F.);
#5667=EDGE_LOOP('',(#5661,#5663,#5665,#5666));
#5668=FACE_OUTER_BOUND('',#5667,.F.);
#5669=ADVANCED_FACE('',(#5668),#5660,.T.);
#5670=CARTESIAN_POINT('',(1.17E0,-2.675E0,2.53E0));
#5671=DIRECTION('',(0.E0,0.E0,-1.E0));
#5672=DIRECTION('',(1.E0,0.E0,0.E0));
#5673=AXIS2_PLACEMENT_3D('',#5670,#5671,#5672);
#5674=PLANE('',#5673);
#5675=ORIENTED_EDGE('',*,*,#2916,.F.);
#5677=ORIENTED_EDGE('',*,*,#5676,.T.);
#5679=ORIENTED_EDGE('',*,*,#5678,.T.);
#5680=ORIENTED_EDGE('',*,*,#5662,.F.);
#5681=EDGE_LOOP('',(#5675,#5677,#5679,#5680));
#5682=FACE_OUTER_BOUND('',#5681,.F.);
#5683=ADVANCED_FACE('',(#5682),#5674,.T.);
#5684=CARTESIAN_POINT('',(1.17E0,-2.675E0,1.68E0));
#5685=DIRECTION('',(0.E0,-1.E0,0.E0));
#5686=DIRECTION('',(1.E0,0.E0,0.E0));
#5687=AXIS2_PLACEMENT_3D('',#5684,#5685,#5686);
#5688=CYLINDRICAL_SURFACE('',#5687,8.5E-1);
#5689=ORIENTED_EDGE('',*,*,#2914,.T.);
#5691=ORIENTED_EDGE('',*,*,#5690,.T.);
#5693=ORIENTED_EDGE('',*,*,#5692,.T.);
#5694=ORIENTED_EDGE('',*,*,#5676,.F.);
#5695=EDGE_LOOP('',(#5689,#5691,#5693,#5694));
#5696=FACE_OUTER_BOUND('',#5695,.F.);
#5697=ADVANCED_FACE('',(#5696),#5688,.F.);
#5698=CARTESIAN_POINT('',(3.2E-1,-2.675E0,1.467393765384E0));
#5699=DIRECTION('',(1.E0,0.E0,0.E0));
#5700=DIRECTION('',(0.E0,0.E0,1.E0));
#5701=AXIS2_PLACEMENT_3D('',#5698,#5699,#5700);
#5702=PLANE('',#5701);
#5703=ORIENTED_EDGE('',*,*,#2912,.F.);
#5705=ORIENTED_EDGE('',*,*,#5704,.T.);
#5707=ORIENTED_EDGE('',*,*,#5706,.T.);
#5708=ORIENTED_EDGE('',*,*,#5690,.F.);
#5709=EDGE_LOOP('',(#5703,#5705,#5707,#5708));
#5710=FACE_OUTER_BOUND('',#5709,.F.);
#5711=ADVANCED_FACE('',(#5710),#5702,.T.);
#5712=CARTESIAN_POINT('',(2.2E-1,-2.675E0,1.467393765384E0));
#5713=DIRECTION('',(0.E0,-1.E0,0.E0));
#5714=DIRECTION('',(1.E0,0.E0,0.E0));
#5715=AXIS2_PLACEMENT_3D('',#5712,#5713,#5714);
#5716=CYLINDRICAL_SURFACE('',#5715,1.E-1);
#5717=ORIENTED_EDGE('',*,*,#2910,.F.);
#5719=ORIENTED_EDGE('',*,*,#5718,.T.);
#5721=ORIENTED_EDGE('',*,*,#5720,.T.);
#5722=ORIENTED_EDGE('',*,*,#5704,.F.);
#5723=EDGE_LOOP('',(#5717,#5719,#5721,#5722));
#5724=FACE_OUTER_BOUND('',#5723,.F.);
#5725=ADVANCED_FACE('',(#5724),#5716,.T.);
#5726=CARTESIAN_POINT('',(0.E0,-2.675E0,2.85E0));
#5727=DIRECTION('',(0.E0,-1.E0,0.E0));
#5728=DIRECTION('',(1.E0,0.E0,0.E0));
#5729=AXIS2_PLACEMENT_3D('',#5726,#5727,#5728);
#5730=CYLINDRICAL_SURFACE('',#5729,1.5E0);
#5731=ORIENTED_EDGE('',*,*,#2908,.F.);
#5733=ORIENTED_EDGE('',*,*,#5732,.T.);
#5735=ORIENTED_EDGE('',*,*,#5734,.T.);
#5736=ORIENTED_EDGE('',*,*,#5718,.F.);
#5737=EDGE_LOOP('',(#5731,#5733,#5735,#5736));
#5738=FACE_OUTER_BOUND('',#5737,.F.);
#5739=ADVANCED_FACE('',(#5738),#5730,.T.);
#5740=CARTESIAN_POINT('',(-2.2E-1,-2.675E0,1.467393765384E0));
#5741=DIRECTION('',(0.E0,-1.E0,0.E0));
#5742=DIRECTION('',(1.E0,0.E0,0.E0));
#5743=AXIS2_PLACEMENT_3D('',#5740,#5741,#5742);
#5744=CYLINDRICAL_SURFACE('',#5743,1.E-1);
#5745=ORIENTED_EDGE('',*,*,#2906,.F.);
#5747=ORIENTED_EDGE('',*,*,#5746,.T.);
#5749=ORIENTED_EDGE('',*,*,#5748,.T.);
#5750=ORIENTED_EDGE('',*,*,#5732,.F.);
#5751=EDGE_LOOP('',(#5745,#5747,#5749,#5750));
#5752=FACE_OUTER_BOUND('',#5751,.F.);
#5753=ADVANCED_FACE('',(#5752),#5744,.T.);
#5754=CARTESIAN_POINT('',(-3.2E-1,-2.675E0,1.68E0));
#5755=DIRECTION('',(-1.E0,0.E0,0.E0));
#5756=DIRECTION('',(0.E0,0.E0,-1.E0));
#5757=AXIS2_PLACEMENT_3D('',#5754,#5755,#5756);
#5758=PLANE('',#5757);
#5759=ORIENTED_EDGE('',*,*,#2904,.F.);
#5761=ORIENTED_EDGE('',*,*,#5760,.T.);
#5763=ORIENTED_EDGE('',*,*,#5762,.T.);
#5764=ORIENTED_EDGE('',*,*,#5746,.F.);
#5765=EDGE_LOOP('',(#5759,#5761,#5763,#5764));
#5766=FACE_OUTER_BOUND('',#5765,.F.);
#5767=ADVANCED_FACE('',(#5766),#5758,.T.);
#5768=CARTESIAN_POINT('',(-1.17E0,-2.675E0,1.68E0));
#5769=DIRECTION('',(0.E0,-1.E0,0.E0));
#5770=DIRECTION('',(1.E0,0.E0,0.E0));
#5771=AXIS2_PLACEMENT_3D('',#5768,#5769,#5770);
#5772=CYLINDRICAL_SURFACE('',#5771,8.5E-1);
#5773=ORIENTED_EDGE('',*,*,#2902,.T.);
#5775=ORIENTED_EDGE('',*,*,#5774,.T.);
#5777=ORIENTED_EDGE('',*,*,#5776,.T.);
#5778=ORIENTED_EDGE('',*,*,#5760,.F.);
#5779=EDGE_LOOP('',(#5773,#5775,#5777,#5778));
#5780=FACE_OUTER_BOUND('',#5779,.F.);
#5781=ADVANCED_FACE('',(#5780),#5772,.F.);
#5782=CARTESIAN_POINT('',(-1.382606234616E0,-2.675E0,2.53E0));
#5783=DIRECTION('',(0.E0,0.E0,-1.E0));
#5784=DIRECTION('',(1.E0,0.E0,0.E0));
#5785=AXIS2_PLACEMENT_3D('',#5782,#5783,#5784);
#5786=PLANE('',#5785);
#5787=ORIENTED_EDGE('',*,*,#2900,.F.);
#5789=ORIENTED_EDGE('',*,*,#5788,.T.);
#5791=ORIENTED_EDGE('',*,*,#5790,.T.);
#5792=ORIENTED_EDGE('',*,*,#5774,.F.);
#5793=EDGE_LOOP('',(#5787,#5789,#5791,#5792));
#5794=FACE_OUTER_BOUND('',#5793,.F.);
#5795=ADVANCED_FACE('',(#5794),#5786,.T.);
#5796=CARTESIAN_POINT('',(-1.382606234616E0,-2.675E0,2.63E0));
#5797=DIRECTION('',(0.E0,-1.E0,0.E0));
#5798=DIRECTION('',(1.E0,0.E0,0.E0));
#5799=AXIS2_PLACEMENT_3D('',#5796,#5797,#5798);
#5800=CYLINDRICAL_SURFACE('',#5799,1.E-1);
#5801=ORIENTED_EDGE('',*,*,#2898,.F.);
#5803=ORIENTED_EDGE('',*,*,#5802,.T.);
#5805=ORIENTED_EDGE('',*,*,#5804,.T.);
#5806=ORIENTED_EDGE('',*,*,#5788,.F.);
#5807=EDGE_LOOP('',(#5801,#5803,#5805,#5806));
#5808=FACE_OUTER_BOUND('',#5807,.F.);
#5809=ADVANCED_FACE('',(#5808),#5800,.T.);
#5810=CARTESIAN_POINT('',(0.E0,-2.675E0,2.85E0));
#5811=DIRECTION('',(0.E0,-1.E0,0.E0));
#5812=DIRECTION('',(1.E0,0.E0,0.E0));
#5813=AXIS2_PLACEMENT_3D('',#5810,#5811,#5812);
#5814=CYLINDRICAL_SURFACE('',#5813,1.5E0);
#5815=ORIENTED_EDGE('',*,*,#2896,.F.);
#5817=ORIENTED_EDGE('',*,*,#5816,.T.);
#5819=ORIENTED_EDGE('',*,*,#5818,.T.);
#5820=ORIENTED_EDGE('',*,*,#5802,.F.);
#5821=EDGE_LOOP('',(#5815,#5817,#5819,#5820));
#5822=FACE_OUTER_BOUND('',#5821,.F.);
#5823=ADVANCED_FACE('',(#5822),#5814,.T.);
#5824=CARTESIAN_POINT('',(-1.382606234616E0,-2.675E0,3.07E0));
#5825=DIRECTION('',(0.E0,-1.E0,0.E0));
#5826=DIRECTION('',(1.E0,0.E0,0.E0));
#5827=AXIS2_PLACEMENT_3D('',#5824,#5825,#5826);
#5828=CYLINDRICAL_SURFACE('',#5827,1.E-1);
#5829=ORIENTED_EDGE('',*,*,#2894,.F.);
#5831=ORIENTED_EDGE('',*,*,#5830,.T.);
#5833=ORIENTED_EDGE('',*,*,#5832,.T.);
#5834=ORIENTED_EDGE('',*,*,#5816,.F.);
#5835=EDGE_LOOP('',(#5829,#5831,#5833,#5834));
#5836=FACE_OUTER_BOUND('',#5835,.F.);
#5837=ADVANCED_FACE('',(#5836),#5828,.T.);
#5838=CARTESIAN_POINT('',(-1.17E0,-2.675E0,3.17E0));
#5839=DIRECTION('',(0.E0,0.E0,1.E0));
#5840=DIRECTION('',(-1.E0,0.E0,0.E0));
#5841=AXIS2_PLACEMENT_3D('',#5838,#5839,#5840);
#5842=PLANE('',#5841);
#5843=ORIENTED_EDGE('',*,*,#2892,.F.);
#5845=ORIENTED_EDGE('',*,*,#5844,.T.);
#5847=ORIENTED_EDGE('',*,*,#5846,.T.);
#5848=ORIENTED_EDGE('',*,*,#5830,.F.);
#5849=EDGE_LOOP('',(#5843,#5845,#5847,#5848));
#5850=FACE_OUTER_BOUND('',#5849,.F.);
#5851=ADVANCED_FACE('',(#5850),#5842,.T.);
#5852=CARTESIAN_POINT('',(-1.17E0,-2.675E0,4.02E0));
#5853=DIRECTION('',(0.E0,-1.E0,0.E0));
#5854=DIRECTION('',(1.E0,0.E0,0.E0));
#5855=AXIS2_PLACEMENT_3D('',#5852,#5853,#5854);
#5856=CYLINDRICAL_SURFACE('',#5855,8.5E-1);
#5857=ORIENTED_EDGE('',*,*,#2890,.T.);
#5858=ORIENTED_EDGE('',*,*,#5539,.T.);
#5860=ORIENTED_EDGE('',*,*,#5859,.T.);
#5861=ORIENTED_EDGE('',*,*,#5844,.F.);
#5862=EDGE_LOOP('',(#5857,#5858,#5860,#5861));
#5863=FACE_OUTER_BOUND('',#5862,.F.);
#5864=ADVANCED_FACE('',(#5863),#5856,.F.);
#5865=CARTESIAN_POINT('',(0.E0,-5.845E0,0.E0));
#5866=DIRECTION('',(0.E0,-1.E0,0.E0));
#5867=DIRECTION('',(1.E0,0.E0,0.E0));
#5868=AXIS2_PLACEMENT_3D('',#5865,#5866,#5867);
#5869=PLANE('',#5868);
#5870=ORIENTED_EDGE('',*,*,#5537,.F.);
#5871=ORIENTED_EDGE('',*,*,#5552,.F.);
#5872=ORIENTED_EDGE('',*,*,#5566,.F.);
#5873=ORIENTED_EDGE('',*,*,#5580,.F.);
#5874=ORIENTED_EDGE('',*,*,#5594,.F.);
#5875=ORIENTED_EDGE('',*,*,#5608,.F.);
#5876=ORIENTED_EDGE('',*,*,#5622,.F.);
#5877=ORIENTED_EDGE('',*,*,#5636,.F.);
#5878=ORIENTED_EDGE('',*,*,#5650,.F.);
#5879=ORIENTED_EDGE('',*,*,#5664,.F.);
#5880=ORIENTED_EDGE('',*,*,#5678,.F.);
#5881=ORIENTED_EDGE('',*,*,#5692,.F.);
#5882=ORIENTED_EDGE('',*,*,#5706,.F.);
#5883=ORIENTED_EDGE('',*,*,#5720,.F.);
#5884=ORIENTED_EDGE('',*,*,#5734,.F.);
#5885=ORIENTED_EDGE('',*,*,#5748,.F.);
#5886=ORIENTED_EDGE('',*,*,#5762,.F.);
#5887=ORIENTED_EDGE('',*,*,#5776,.F.);
#5888=ORIENTED_EDGE('',*,*,#5790,.F.);
#5889=ORIENTED_EDGE('',*,*,#5804,.F.);
#5890=ORIENTED_EDGE('',*,*,#5818,.F.);
#5891=ORIENTED_EDGE('',*,*,#5832,.F.);
#5892=ORIENTED_EDGE('',*,*,#5846,.F.);
#5893=ORIENTED_EDGE('',*,*,#5859,.F.);
#5894=EDGE_LOOP('',(#5870,#5871,#5872,#5873,#5874,#5875,#5876,#5877,#5878,#5879,
#5880,#5881,#5882,#5883,#5884,#5885,#5886,#5887,#5888,#5889,#5890,#5891,#5892,
#5893));
#5895=FACE_OUTER_BOUND('',#5894,.F.);
#5896=ADVANCED_FACE('',(#5895),#5869,.T.);
#5897=CLOSED_SHELL('',(#2938,#2953,#2967,#2981,#2994,#3006,#3022,#3036,#3049,
#3062,#3074,#3089,#3111,#3127,#3165,#3184,#3199,#3218,#3232,#3250,#3319,#3334,
#3348,#3366,#3388,#3403,#3422,#3460,#3474,#3492,#3515,#3528,#3541,#3554,#3566,
#3585,#3598,#3611,#3624,#3637,#3650,#3662,#3675,#3715,#3731,#3754,#3769,#3784,
#3798,#3812,#3826,#3840,#3854,#3868,#3883,#3897,#3912,#3926,#3940,#3953,#3967,
#3981,#3998,#4010,#4036,#4050,#4063,#4076,#4089,#4108,#4130,#4144,#4157,#4171,
#4194,#4208,#4237,#4252,#4266,#4296,#4311,#4332,#4348,#4360,#4373,#4388,#4401,
#4414,#4428,#4450,#4466,#4482,#4501,#4514,#4535,#4553,#4565,#4585,#4598,#4611,
#4624,#4637,#4649,#4661,#4680,#4692,#4706,#4720,#4736,#4749,#4763,#4785,#4800,
#4823,#4838,#4853,#4867,#4881,#4894,#4908,#4922,#4937,#4951,#4966,#4980,#4994,
#5007,#5021,#5034,#5051,#5064,#5076,#5089,#5101,#5114,#5126,#5142,#5156,#5170,
#5190,#5203,#5216,#5229,#5243,#5259,#5273,#5287,#5301,#5315,#5329,#5344,#5360,
#5379,#5400,#5413,#5426,#5439,#5452,#5464,#5477,#5490,#5503,#5516,#5528,#5543,
#5557,#5571,#5585,#5599,#5613,#5627,#5641,#5655,#5669,#5683,#5697,#5711,#5725,
#5739,#5753,#5767,#5781,#5795,#5809,#5823,#5837,#5851,#5864,#5896));
#5898=MANIFOLD_SOLID_BREP('',#5897);
#5899=CARTESIAN_POINT('',(0.E0,0.E0,0.E0));
#5900=DIRECTION('',(0.E0,0.E0,1.E0));
#5901=DIRECTION('',(1.E0,0.E0,0.E0));
#5902=AXIS2_PLACEMENT_3D('CSYS',#5899,#5900,#5901);
#5903=CARTESIAN_POINT('',(0.E0,-2.975E0,2.85E0));
#5904=DIRECTION('',(0.E0,-1.E0,0.E0));
#5905=DIRECTION('',(-1.E0,0.E0,0.E0));
#5906=AXIS2_PLACEMENT_3D('',#5903,#5904,#5905);
#5910=CARTESIAN_POINT('',(0.E0,-2.975E0,2.85E0));
#5911=DIRECTION('',(0.E0,-1.E0,0.E0));
#5912=DIRECTION('',(1.E0,0.E0,0.E0));
#5913=AXIS2_PLACEMENT_3D('',#5910,#5911,#5912);
#5919=CARTESIAN_POINT('',(-1.75E0,-2.975E0,-5.06E0));
#5920=DIRECTION('',(0.E0,-1.E0,0.E0));
#5921=DIRECTION('',(1.E0,0.E0,0.E0));
#5922=AXIS2_PLACEMENT_3D('',#5919,#5920,#5921);
#5926=CARTESIAN_POINT('',(-1.75E0,-2.975E0,-5.06E0));
#5927=DIRECTION('',(0.E0,-1.E0,0.E0));
#5928=DIRECTION('',(-1.E0,0.E0,0.E0));
#5929=AXIS2_PLACEMENT_3D('',#5926,#5927,#5928);
#5934=CARTESIAN_POINT('',(1.75E0,-2.975E0,-5.06E0));
#5935=DIRECTION('',(0.E0,-1.E0,0.E0));
#5936=DIRECTION('',(1.E0,0.E0,0.E0));
#5937=AXIS2_PLACEMENT_3D('',#5934,#5935,#5936);
#5941=CARTESIAN_POINT('',(1.75E0,-2.975E0,-5.06E0));
#5942=DIRECTION('',(0.E0,-1.E0,0.E0));
#5943=DIRECTION('',(-1.E0,0.E0,0.E0));
#5944=AXIS2_PLACEMENT_3D('',#5941,#5942,#5943);
#5950=DIMENSIONAL_EXPONENTS(0.E0,0.E0,0.E0,0.E0,0.E0,0.E0,0.E0);
#5952=PLANE_ANGLE_MEASURE_WITH_UNIT(PLANE_ANGLE_MEASURE(1.745329251994E-2),
#5951);
#5953=(CONVERSION_BASED_UNIT('DEGREE',#5952)NAMED_UNIT(*)PLANE_ANGLE_UNIT());
#5955=UNCERTAINTY_MEASURE_WITH_UNIT(LENGTH_MEASURE(2.243900276446E-3),#5949,
'closure',
'Maximum model space distance between geometric entities at asserted connectivities');
#5956=(GEOMETRIC_REPRESENTATION_CONTEXT(3)GLOBAL_UNCERTAINTY_ASSIGNED_CONTEXT((
#5955))GLOBAL_UNIT_ASSIGNED_CONTEXT((#5949,#5953,#5954))REPRESENTATION_CONTEXT(
'ID1','3'));
#5918=GEOMETRIC_SET('',(#5917,#5933,#5948));
#5960=SHAPE_REPRESENTATION_RELATIONSHIP('','',#5959,#5957);
#5961=SHAPE_REPRESENTATION_RELATIONSHIP('','',#5959,#5958);
#5962=APPLICATION_CONTEXT(
'CONFIGURATION CONTROLLED 3D DESIGNS OF MECHANICAL PARTS AND ASSEMBLIES');
#5963=APPLICATION_PROTOCOL_DEFINITION('international standard',
'config_control_design',1994,#5962);
#5964=DESIGN_CONTEXT('',#5962,'design');
#5965=MECHANICAL_CONTEXT('',#5962,'mechanical');
#5966=PRODUCT('1723103102','1723103102','NOT SPECIFIED',(#5965));
#5967=PRODUCT_DEFINITION_FORMATION_WITH_SPECIFIED_SOURCE('9','LAST_VERSION',
#5966,.MADE.);
#5971=PRODUCT_CATEGORY('part','');
#5972=PRODUCT_RELATED_PRODUCT_CATEGORY('detail','',(#5966));
#5973=PRODUCT_CATEGORY_RELATIONSHIP('','',#5971,#5972);
#5974=SECURITY_CLASSIFICATION_LEVEL('unclassified');
#5975=SECURITY_CLASSIFICATION('','',#5974);
#5976=CC_DESIGN_SECURITY_CLASSIFICATION(#5975,(#5967));
#5977=APPROVAL_STATUS('approved');
#5978=APPROVAL(#5977,'');
#5979=CC_DESIGN_APPROVAL(#5978,(#5975,#5967,#5968));
#5980=CALENDAR_DATE(121,5,5);
#5981=COORDINATED_UNIVERSAL_TIME_OFFSET(5,30,.AHEAD.);
#5982=LOCAL_TIME(14,58,3.9E1,#5981);
#5983=DATE_AND_TIME(#5980,#5982);
#5984=APPROVAL_DATE_TIME(#5983,#5978);
#5985=DATE_TIME_ROLE('creation_date');
#5986=CC_DESIGN_DATE_AND_TIME_ASSIGNMENT(#5983,#5985,(#5968));
#5987=DATE_TIME_ROLE('classification_date');
#5988=CC_DESIGN_DATE_AND_TIME_ASSIGNMENT(#5983,#5987,(#5975));
#5989=PERSON('UNSPECIFIED','UNSPECIFIED',$,$,$,$);
#5990=ORGANIZATION('UNSPECIFIED','UNSPECIFIED','UNSPECIFIED');
#5991=PERSON_AND_ORGANIZATION(#5989,#5990);
#5992=APPROVAL_ROLE('approver');
#5993=APPROVAL_PERSON_ORGANIZATION(#5991,#5978,#5992);
#5994=PERSON_AND_ORGANIZATION_ROLE('creator');
#5995=CC_DESIGN_PERSON_AND_ORGANIZATION_ASSIGNMENT(#5991,#5994,(#5967,#5968));
#5996=PERSON_AND_ORGANIZATION_ROLE('design_supplier');
#5997=CC_DESIGN_PERSON_AND_ORGANIZATION_ASSIGNMENT(#5991,#5996,(#5967));
#5998=PERSON_AND_ORGANIZATION_ROLE('classification_officer');
#5999=CC_DESIGN_PERSON_AND_ORGANIZATION_ASSIGNMENT(#5991,#5998,(#5975));
#6000=PERSON_AND_ORGANIZATION_ROLE('design_owner');
#6001=CC_DESIGN_PERSON_AND_ORGANIZATION_ASSIGNMENT(#5991,#6000,(#5966));
#105=CIRCLE('',#104,8.5E-1);
#114=CIRCLE('',#113,1.E-1);
#119=CIRCLE('',#118,1.5E0);
#124=CIRCLE('',#123,1.E-1);
#133=CIRCLE('',#132,8.5E-1);
#142=CIRCLE('',#141,1.E-1);
#147=CIRCLE('',#146,1.5E0);
#152=CIRCLE('',#151,1.E-1);
#161=CIRCLE('',#160,8.5E-1);
#170=CIRCLE('',#169,1.E-1);
#175=CIRCLE('',#174,1.5E0);
#180=CIRCLE('',#179,1.E-1);
#189=CIRCLE('',#188,8.5E-1);
#198=CIRCLE('',#197,1.E-1);
#203=CIRCLE('',#202,1.5E0);
#208=CIRCLE('',#207,1.E-1);
#417=CIRCLE('',#416,2.E-1);
#478=CIRCLE('',#477,2.E-1);
#763=CIRCLE('',#762,2.E-1);
#788=CIRCLE('',#787,2.E-1);
#813=CIRCLE('',#812,1.135E0);
#826=CIRCLE('',#825,5.E-1);
#935=CIRCLE('',#934,5.E-1);
#948=CIRCLE('',#947,1.135E0);
#1036=B_SPLINE_CURVE_WITH_KNOTS('',3,(#1029,#1030,#1031,#1032,#1033,#1034,
#1035),.UNSPECIFIED.,.F.,.F.,(4,1,1,1,4),(0.E0,2.5E-1,5.E-1,7.5E-1,1.E0),
.UNSPECIFIED.);
#1041=CIRCLE('',#1040,2.E-1);
#1046=CIRCLE('',#1045,2.E-1);
#1051=CIRCLE('',#1050,2.E-1);
#1059=B_SPLINE_CURVE_WITH_KNOTS('',3,(#1052,#1053,#1054,#1055,#1056,#1057,
#1058),.UNSPECIFIED.,.F.,.F.,(4,1,1,1,4),(0.E0,2.5E-1,5.E-1,7.5E-1,1.E0),
.UNSPECIFIED.);
#1096=B_SPLINE_CURVE_WITH_KNOTS('',3,(#1088,#1089,#1090,#1091,#1092,#1093,#1094,
#1095),.UNSPECIFIED.,.F.,.F.,(4,1,1,1,1,4),(0.E0,2.E-1,4.E-1,6.E-1,8.E-1,1.E0),
.UNSPECIFIED.);
#1149=CIRCLE('',#1148,2.E-1);
#1158=B_SPLINE_CURVE_WITH_KNOTS('',3,(#1150,#1151,#1152,#1153,#1154,#1155,#1156,
#1157),.UNSPECIFIED.,.F.,.F.,(4,1,1,1,1,4),(0.E0,2.E-1,4.E-1,6.E-1,8.E-1,1.E0),
.UNSPECIFIED.);
#1163=CIRCLE('',#1162,7.5E-1);
#1168=CIRCLE('',#1167,7.5E-1);
#1221=B_SPLINE_CURVE_WITH_KNOTS('',3,(#1213,#1214,#1215,#1216,#1217,#1218,#1219,
#1220),.UNSPECIFIED.,.F.,.F.,(4,1,1,1,1,4),(0.E0,2.E-1,4.E-1,6.E-1,8.E-1,1.E0),
.UNSPECIFIED.);
#1226=CIRCLE('',#1225,2.E-1);
#1247=B_SPLINE_CURVE_WITH_KNOTS('',3,(#1239,#1240,#1241,#1242,#1243,#1244,#1245,
#1246),.UNSPECIFIED.,.F.,.F.,(4,1,1,1,1,4),(0.E0,2.E-1,4.E-1,6.E-1,8.E-1,1.E0),
.UNSPECIFIED.);
#1252=CIRCLE('',#1251,2.E-1);
#1257=CIRCLE('',#1256,2.E-1);
#1262=CIRCLE('',#1261,2.E-1);
#1270=B_SPLINE_CURVE_WITH_KNOTS('',3,(#1263,#1264,#1265,#1266,#1267,#1268,
#1269),.UNSPECIFIED.,.F.,.F.,(4,1,1,1,4),(0.E0,2.5E-1,5.E-1,7.5E-1,1.E0),
.UNSPECIFIED.);
#1303=CIRCLE('',#1302,7.5E-1);
#1312=CIRCLE('',#1311,7.5E-1);
#1333=CIRCLE('',#1332,1.3E-1);
#1342=CIRCLE('',#1341,5.E-1);
#1399=CIRCLE('',#1398,5.E-1);
#1408=CIRCLE('',#1407,1.3E-1);
#1421=CIRCLE('',#1420,5.E-1);
#1430=CIRCLE('',#1429,5.E-1);
#1455=CIRCLE('',#1454,1.3E-1);
#1464=CIRCLE('',#1463,1.3E-1);
#1480=B_SPLINE_CURVE_WITH_KNOTS('',3,(#1473,#1474,#1475,#1476,#1477,#1478,
#1479),.UNSPECIFIED.,.F.,.F.,(4,1,1,1,4),(0.E0,2.5E-1,5.E-1,7.5E-1,1.E0),
.UNSPECIFIED.);
#1561=CIRCLE('',#1560,1.135E0);
#1574=CIRCLE('',#1573,5.E-1);
#1675=CIRCLE('',#1674,5.E-1);
#1688=CIRCLE('',#1687,1.135E0);
#2053=CIRCLE('',#2052,1.E-1);
#2058=CIRCLE('',#2057,1.5E0);
#2063=CIRCLE('',#2062,1.E-1);
#2072=CIRCLE('',#2071,8.5E-1);
#2081=CIRCLE('',#2080,1.E-1);
#2086=CIRCLE('',#2085,1.5E0);
#2091=CIRCLE('',#2090,1.E-1);
#2100=CIRCLE('',#2099,8.5E-1);
#2109=CIRCLE('',#2108,1.E-1);
#2114=CIRCLE('',#2113,1.5E0);
#2119=CIRCLE('',#2118,1.E-1);
#2128=CIRCLE('',#2127,8.5E-1);
#2137=CIRCLE('',#2136,1.E-1);
#2142=CIRCLE('',#2141,1.5E0);
#2147=CIRCLE('',#2146,1.E-1);
#2156=CIRCLE('',#2155,8.5E-1);
#2830=EDGE_CURVE('',#2646,#2641,#36,.T.);
#2832=EDGE_CURVE('',#2646,#2623,#40,.T.);
#2834=EDGE_CURVE('',#2623,#2624,#44,.T.);
#2836=EDGE_CURVE('',#2626,#2624,#48,.T.);
#2838=EDGE_CURVE('',#2626,#2159,#52,.T.);
#2840=EDGE_CURVE('',#2159,#2160,#56,.T.);
#2842=EDGE_CURVE('',#2160,#2648,#60,.T.);
#2844=EDGE_CURVE('',#2648,#2641,#64,.T.);
#2848=EDGE_CURVE('',#2389,#2390,#20,.T.);
#2850=EDGE_CURVE('',#2390,#2392,#24,.T.);
#2852=EDGE_CURVE('',#2394,#2392,#28,.T.);
#2854=EDGE_CURVE('',#2394,#2389,#32,.T.);
#2858=EDGE_CURVE('',#2381,#2382,#4,.T.);
#2860=EDGE_CURVE('',#2382,#2384,#8,.T.);
#2862=EDGE_CURVE('',#2386,#2384,#12,.T.);
#2864=EDGE_CURVE('',#2386,#2381,#16,.T.);
#2868=EDGE_CURVE('',#2703,#2704,#68,.T.);
#2870=EDGE_CURVE('',#2704,#2708,#72,.T.);
#2872=EDGE_CURVE('',#2707,#2708,#76,.T.);
#2874=EDGE_CURVE('',#2703,#2707,#80,.T.);
#2878=EDGE_CURVE('',#2784,#2786,#84,.T.);
#2880=EDGE_CURVE('',#2784,#2792,#88,.T.);
#2882=EDGE_CURVE('',#2792,#2794,#92,.T.);
#2884=EDGE_CURVE('',#2786,#2794,#96,.T.);
#2888=EDGE_CURVE('',#2445,#2446,#100,.T.);
#2890=EDGE_CURVE('',#2448,#2446,#105,.T.);
#2892=EDGE_CURVE('',#2448,#2450,#109,.T.);
#2894=EDGE_CURVE('',#2450,#2452,#114,.T.);
#2896=EDGE_CURVE('',#2452,#2454,#119,.T.);
#2898=EDGE_CURVE('',#2454,#2456,#124,.T.);
#2900=EDGE_CURVE('',#2456,#2458,#128,.T.);
#2902=EDGE_CURVE('',#2460,#2458,#133,.T.);
#2904=EDGE_CURVE('',#2460,#2462,#137,.T.);
#2906=EDGE_CURVE('',#2462,#2464,#142,.T.);
#2908=EDGE_CURVE('',#2464,#2466,#147,.T.);
#2910=EDGE_CURVE('',#2466,#2468,#152,.T.);
#2912=EDGE_CURVE('',#2468,#2470,#156,.T.);
#2914=EDGE_CURVE('',#2472,#2470,#161,.T.);
#2916=EDGE_CURVE('',#2472,#2474,#165,.T.);
#2918=EDGE_CURVE('',#2474,#2476,#170,.T.);
#2920=EDGE_CURVE('',#2476,#2478,#175,.T.);
#2922=EDGE_CURVE('',#2478,#2480,#180,.T.);
#2924=EDGE_CURVE('',#2480,#2482,#184,.T.);
#2926=EDGE_CURVE('',#2484,#2482,#189,.T.);
#2928=EDGE_CURVE('',#2484,#2486,#193,.T.);
#2930=EDGE_CURVE('',#2486,#2488,#198,.T.);
#2932=EDGE_CURVE('',#2488,#2490,#203,.T.);
#2934=EDGE_CURVE('',#2490,#2445,#208,.T.);
#2945=EDGE_CURVE('',#2381,#2366,#212,.T.);
#2947=EDGE_CURVE('',#2366,#2368,#240,.T.);
#2949=EDGE_CURVE('',#2382,#2368,#224,.T.);
#2959=EDGE_CURVE('',#2386,#2365,#216,.T.);
#2961=EDGE_CURVE('',#2365,#2366,#228,.T.);
#2974=EDGE_CURVE('',#2384,#2370,#220,.T.);
#2976=EDGE_CURVE('',#2370,#2365,#232,.T.);
#2989=EDGE_CURVE('',#2368,#2370,#236,.T.);
#3012=EDGE_CURVE('',#2373,#2374,#244,.T.);
#3014=EDGE_CURVE('',#2378,#2373,#248,.T.);
#3016=EDGE_CURVE('',#2376,#2378,#252,.T.);
#3018=EDGE_CURVE('',#2374,#2376,#256,.T.);
#3029=EDGE_CURVE('',#2389,#2373,#260,.T.);
#3032=EDGE_CURVE('',#2390,#2374,#272,.T.);
#3044=EDGE_CURVE('',#2394,#2378,#264,.T.);
#3056=EDGE_CURVE('',#2392,#2376,#268,.T.);
#3080=EDGE_CURVE('',#2641,#2642,#276,.T.);
#3082=EDGE_CURVE('',#2642,#2644,#280,.T.);
#3084=EDGE_CURVE('',#2646,#2644,#775,.T.);
#3095=EDGE_CURVE('',#2790,#2814,#284,.T.);
#3097=EDGE_CURVE('',#2818,#2790,#288,.T.);
#3099=EDGE_CURVE('',#2818,#2824,#292,.T.);
#3101=EDGE_CURVE('',#2824,#2642,#372,.T.);
#3105=EDGE_CURVE('',#2648,#2650,#384,.T.);
#3107=EDGE_CURVE('',#2814,#2650,#1836,.T.);
#3117=EDGE_CURVE('',#2808,#2816,#296,.T.);
#3119=EDGE_CURVE('',#2653,#2808,#1812,.T.);
#3121=EDGE_CURVE('',#2653,#2654,#404,.T.);
#3123=EDGE_CURVE('',#2654,#2816,#368,.T.);
#3133=EDGE_CURVE('',#2788,#2759,#300,.T.);
#3135=EDGE_CURVE('',#2759,#2760,#304,.T.);
#3137=EDGE_CURVE('',#2760,#2762,#308,.T.);
#3139=EDGE_CURVE('',#2762,#2764,#312,.T.);
#3141=EDGE_CURVE('',#2764,#2766,#316,.T.);
#3143=EDGE_CURVE('',#2766,#2790,#320,.T.);
#3146=EDGE_CURVE('',#2814,#2796,#1832,.T.);
#3148=EDGE_CURVE('',#2796,#2777,#324,.T.);
#3150=EDGE_CURVE('',#2777,#2778,#328,.T.);
#3152=EDGE_CURVE('',#2778,#2780,#332,.T.);
#3154=EDGE_CURVE('',#2780,#2782,#336,.T.);
#3156=EDGE_CURVE('',#2782,#2798,#340,.T.);
#3158=EDGE_CURVE('',#2808,#2798,#1804,.T.);
#3161=EDGE_CURVE('',#2816,#2788,#364,.T.);
#3171=EDGE_CURVE('',#2792,#2769,#344,.T.);
#3173=EDGE_CURVE('',#2769,#2770,#348,.T.);
#3175=EDGE_CURVE('',#2770,#2772,#352,.T.);
#3177=EDGE_CURVE('',#2772,#2774,#356,.T.);
#3179=EDGE_CURVE('',#2774,#2794,#360,.T.);
#3191=EDGE_CURVE('',#2820,#2788,#380,.T.);
#3193=EDGE_CURVE('',#2820,#2741,#1912,.T.);
#3195=EDGE_CURVE('',#2741,#2759,#1948,.T.);
#3207=EDGE_CURVE('',#2654,#2656,#400,.T.);
#3209=EDGE_CURVE('',#2656,#2644,#779,.T.);
#3213=EDGE_CURVE('',#2824,#2820,#376,.T.);
#3226=EDGE_CURVE('',#2160,#2278,#388,.T.);
#3228=EDGE_CURVE('',#2278,#2650,#392,.T.);
#3238=EDGE_CURVE('',#2340,#2338,#396,.T.);
#3240=EDGE_CURVE('',#2656,#2338,#783,.T.);
#3244=EDGE_CURVE('',#2362,#2653,#408,.T.);
#3246=EDGE_CURVE('',#2362,#2340,#412,.T.);
#3256=EDGE_CURVE('',#2329,#2330,#417,.T.);
#3258=EDGE_CURVE('',#2329,#2183,#1382,.T.);
#3260=EDGE_CURVE('',#2170,#2183,#1412,.T.);
#3262=EDGE_CURVE('',#2170,#2202,#421,.T.);
#3264=EDGE_CURVE('',#2202,#2217,#425,.T.);
#3266=EDGE_CURVE('',#2217,#2218,#429,.T.);
#3268=EDGE_CURVE('',#2227,#2218,#1012,.T.);
#3270=EDGE_CURVE('',#2227,#2228,#433,.T.);
#3272=EDGE_CURVE('',#2228,#2230,#437,.T.);
#3274=EDGE_CURVE('',#2230,#2213,#441,.T.);
#3276=EDGE_CURVE('',#2213,#2214,#445,.T.);
#3278=EDGE_CURVE('',#2214,#2545,#449,.T.);
#3280=EDGE_CURVE('',#2545,#2546,#453,.T.);
#3282=EDGE_CURVE('',#2546,#2548,#457,.T.);
#3284=EDGE_CURVE('',#2548,#2550,#461,.T.);
#3286=EDGE_CURVE('',#2550,#2552,#465,.T.);
#3288=EDGE_CURVE('',#2204,#2552,#469,.T.);
#3290=EDGE_CURVE('',#2204,#2180,#473,.T.);
#3292=EDGE_CURVE('',#2180,#2187,#1328,.T.);
#3294=EDGE_CURVE('',#2187,#2342,#1366,.T.);
#3296=EDGE_CURVE('',#2340,#2342,#478,.T.);
#3299=EDGE_CURVE('',#2362,#2240,#482,.T.);
#3301=EDGE_CURVE('',#2239,#2240,#486,.T.);
#3303=EDGE_CURVE('',#2278,#2239,#490,.T.);
#3307=EDGE_CURVE('',#2159,#2276,#494,.T.);
#3309=EDGE_CURVE('',#2276,#2235,#498,.T.);
#3311=EDGE_CURVE('',#2235,#2236,#502,.T.);
#3313=EDGE_CURVE('',#2360,#2236,#506,.T.);
#3315=EDGE_CURVE('',#2360,#2330,#510,.T.);
#3326=EDGE_CURVE('',#2332,#2330,#522,.T.);
#3328=EDGE_CURVE('',#2332,#2334,#763,.T.);
#3330=EDGE_CURVE('',#2334,#2329,#1354,.T.);
#3340=EDGE_CURVE('',#2626,#2628,#514,.T.);
#3342=EDGE_CURVE('',#2276,#2628,#518,.T.);
#3356=EDGE_CURVE('',#2360,#2631,#526,.T.);
#3358=EDGE_CURVE('',#2631,#2632,#530,.T.);
#3360=EDGE_CURVE('',#2632,#2634,#534,.T.);
#3362=EDGE_CURVE('',#2634,#2332,#538,.T.);
#3372=EDGE_CURVE('',#2730,#2711,#542,.T.);
#3374=EDGE_CURVE('',#2628,#2711,#1744,.T.);
#3378=EDGE_CURVE('',#2624,#2638,#726,.T.);
#3380=EDGE_CURVE('',#2822,#2638,#694,.T.);
#3382=EDGE_CURVE('',#2822,#2734,#546,.T.);
#3384=EDGE_CURVE('',#2734,#2730,#550,.T.);
#3394=EDGE_CURVE('',#2727,#2732,#554,.T.);
#3396=EDGE_CURVE('',#2632,#2732,#698,.T.);
#3399=EDGE_CURVE('',#2727,#2631,#1792,.T.);
#3410=EDGE_CURVE('',#2692,#2708,#558,.T.);
#3412=EDGE_CURVE('',#2690,#2692,#562,.T.);
#3414=EDGE_CURVE('',#2688,#2690,#566,.T.);
#3416=EDGE_CURVE('',#2687,#2688,#570,.T.);
#3418=EDGE_CURVE('',#2707,#2687,#574,.T.);
#3428=EDGE_CURVE('',#2711,#2712,#1736,.T.);
#3431=EDGE_CURVE('',#2684,#2730,#578,.T.);
#3433=EDGE_CURVE('',#2682,#2684,#582,.T.);
#3435=EDGE_CURVE('',#2680,#2682,#586,.T.);
#3437=EDGE_CURVE('',#2678,#2680,#590,.T.);
#3439=EDGE_CURVE('',#2677,#2678,#594,.T.);
#3441=EDGE_CURVE('',#2736,#2677,#598,.T.);
#3443=EDGE_CURVE('',#2732,#2736,#682,.T.);
#3446=EDGE_CURVE('',#2727,#2728,#1788,.T.);
#3448=EDGE_CURVE('',#2700,#2728,#602,.T.);
#3450=EDGE_CURVE('',#2698,#2700,#606,.T.);
#3452=EDGE_CURVE('',#2696,#2698,#610,.T.);
#3454=EDGE_CURVE('',#2695,#2696,#614,.T.);
#3456=EDGE_CURVE('',#2712,#2695,#618,.T.);
#3467=EDGE_CURVE('',#2674,#2704,#642,.T.);
#3469=EDGE_CURVE('',#2674,#2692,#622,.T.);
#3481=EDGE_CURVE('',#2703,#2669,#626,.T.);
#3483=EDGE_CURVE('',#2669,#2670,#630,.T.);
#3485=EDGE_CURVE('',#2670,#2672,#634,.T.);
#3487=EDGE_CURVE('',#2672,#2674,#638,.T.);
#3499=EDGE_CURVE('',#2822,#2738,#690,.T.);
#3501=EDGE_CURVE('',#2738,#2659,#646,.T.);
#3503=EDGE_CURVE('',#2659,#2660,#650,.T.);
#3505=EDGE_CURVE('',#2660,#2662,#654,.T.);
#3507=EDGE_CURVE('',#2662,#2664,#658,.T.);
#3509=EDGE_CURVE('',#2664,#2666,#662,.T.);
#3511=EDGE_CURVE('',#2666,#2734,#666,.T.);
#3523=EDGE_CURVE('',#2669,#2687,#670,.T.);
#3537=EDGE_CURVE('',#2670,#2688,#674,.T.);
#3550=EDGE_CURVE('',#2672,#2690,#678,.T.);
#3573=EDGE_CURVE('',#2738,#2736,#686,.T.);
#3577=EDGE_CURVE('',#2638,#2636,#722,.T.);
#3579=EDGE_CURVE('',#2634,#2636,#767,.T.);
#3593=EDGE_CURVE('',#2659,#2677,#702,.T.);
#3607=EDGE_CURVE('',#2660,#2678,#706,.T.);
#3620=EDGE_CURVE('',#2662,#2680,#710,.T.);
#3633=EDGE_CURVE('',#2664,#2682,#714,.T.);
#3646=EDGE_CURVE('',#2666,#2684,#718,.T.);
#3669=EDGE_CURVE('',#2623,#2636,#771,.T.);
#3689=EDGE_CURVE('',#2337,#2338,#788,.T.);
#3691=EDGE_CURVE('',#2337,#2334,#1358,.T.);
#3695=EDGE_CURVE('',#2575,#2576,#746,.T.);
#3697=EDGE_CURVE('',#2576,#2580,#750,.T.);
#3699=EDGE_CURVE('',#2579,#2580,#754,.T.);
#3701=EDGE_CURVE('',#2575,#2579,#758,.T.);
#3705=EDGE_CURVE('',#2509,#2510,#730,.T.);
#3707=EDGE_CURVE('',#2510,#2514,#734,.T.);
#3709=EDGE_CURVE('',#2513,#2514,#738,.T.);
#3711=EDGE_CURVE('',#2509,#2513,#742,.T.);
#3721=EDGE_CURVE('',#2256,#2259,#792,.T.);
#3723=EDGE_CURVE('',#2256,#2528,#796,.T.);
#3725=EDGE_CURVE('',#2528,#2530,#976,.T.);
#3727=EDGE_CURVE('',#2530,#2259,#800,.T.);
#3737=EDGE_CURVE('',#2268,#2524,#804,.T.);
#3739=EDGE_CURVE('',#2268,#2497,#808,.T.);
#3741=EDGE_CURVE('',#2497,#2498,#813,.T.);
#3743=EDGE_CURVE('',#2498,#2510,#817,.T.);
#3746=EDGE_CURVE('',#2509,#2493,#821,.T.);
#3748=EDGE_CURVE('',#2493,#2494,#826,.T.);
#3750=EDGE_CURVE('',#2494,#2524,#830,.T.);
#3760=EDGE_CURVE('',#2255,#2256,#834,.T.);
#3763=EDGE_CURVE('',#2259,#2260,#858,.T.);
#3765=EDGE_CURVE('',#2255,#2260,#854,.T.);
#3776=EDGE_CURVE('',#2516,#2255,#850,.T.);
#3778=EDGE_CURVE('',#2518,#2516,#838,.T.);
#3780=EDGE_CURVE('',#2518,#2256,#910,.T.);
#3790=EDGE_CURVE('',#2263,#2260,#842,.T.);
#3792=EDGE_CURVE('',#2263,#2516,#846,.T.);
#3805=EDGE_CURVE('',#2264,#2259,#870,.T.);
#3807=EDGE_CURVE('',#2263,#2264,#862,.T.);
#3820=EDGE_CURVE('',#2498,#2506,#866,.T.);
#3822=EDGE_CURVE('',#2506,#2514,#943,.T.);
#3834=EDGE_CURVE('',#2530,#2534,#988,.T.);
#3836=EDGE_CURVE('',#2534,#2264,#918,.T.);
#3847=EDGE_CURVE('',#2497,#2505,#874,.T.);
#3849=EDGE_CURVE('',#2505,#2506,#948,.T.);
#3860=EDGE_CURVE('',#2271,#2268,#878,.T.);
#3862=EDGE_CURVE('',#2271,#2505,#952,.T.);
#3874=EDGE_CURVE('',#2267,#2268,#882,.T.);
#3876=EDGE_CURVE('',#2272,#2267,#1720,.T.);
#3878=EDGE_CURVE('',#2271,#2272,#886,.T.);
#3891=EDGE_CURVE('',#2526,#2524,#890,.T.);
#3893=EDGE_CURVE('',#2267,#2526,#1724,.T.);
#3903=EDGE_CURVE('',#2522,#2524,#898,.T.);
#3905=EDGE_CURVE('',#2520,#2522,#894,.T.);
#3907=EDGE_CURVE('',#2520,#2526,#1728,.T.);
#3920=EDGE_CURVE('',#2494,#2502,#902,.T.);
#3922=EDGE_CURVE('',#2502,#2522,#930,.T.);
#3933=EDGE_CURVE('',#2493,#2501,#906,.T.);
#3935=EDGE_CURVE('',#2501,#2502,#935,.T.);
#3947=EDGE_CURVE('',#2513,#2501,#939,.T.);
#3960=EDGE_CURVE('',#2518,#2532,#922,.T.);
#3962=EDGE_CURVE('',#2528,#2532,#980,.T.);
#3973=EDGE_CURVE('',#2264,#2518,#914,.T.);
#3976=EDGE_CURVE('',#2532,#2534,#984,.T.);
#3987=EDGE_CURVE('',#2522,#2271,#926,.T.);
#4016=EDGE_CURVE('',#2208,#2232,#956,.T.);
#4018=EDGE_CURVE('',#2232,#2223,#960,.T.);
#4020=EDGE_CURVE('',#2223,#2224,#964,.T.);
#4022=EDGE_CURVE('',#2210,#2224,#1004,.T.);
#4024=EDGE_CURVE('',#2210,#2207,#968,.T.);
#4026=EDGE_CURVE('',#2207,#2208,#972,.T.);
#4042=EDGE_CURVE('',#2232,#2230,#992,.T.);
#4045=EDGE_CURVE('',#2213,#2208,#996,.T.);
#4057=EDGE_CURVE('',#2228,#2223,#1000,.T.);
#4070=EDGE_CURVE('',#2227,#2224,#1008,.T.);
#4085=EDGE_CURVE('',#2218,#2210,#1016,.T.);
#4095=EDGE_CURVE('',#2290,#2217,#1024,.T.);
#4097=EDGE_CURVE('',#2292,#2290,#1036,.T.);
#4099=EDGE_CURVE('',#2292,#2220,#1128,.T.);
#4101=EDGE_CURVE('',#2220,#2207,#1504,.T.);
#4114=EDGE_CURVE('',#2289,#2290,#1020,.T.);
#4118=EDGE_CURVE('',#2202,#2198,#1455,.T.);
#4120=EDGE_CURVE('',#2192,#2198,#1438,.T.);
#4122=EDGE_CURVE('',#2191,#2192,#1421,.T.);
#4124=EDGE_CURVE('',#2296,#2191,#1290,.T.);
#4126=EDGE_CURVE('',#2296,#2289,#1028,.T.);
#4137=EDGE_CURVE('',#2289,#2282,#1041,.T.);
#4139=EDGE_CURVE('',#2282,#2292,#1132,.T.);
#4151=EDGE_CURVE('',#2286,#2289,#1046,.T.);
#4153=EDGE_CURVE('',#2282,#2286,#1051,.T.);
#4163=EDGE_CURVE('',#2294,#2286,#1067,.T.);
#4167=EDGE_CURVE('',#2296,#2294,#1059,.T.);
#4177=EDGE_CURVE('',#2285,#2286,#1063,.T.);
#4180=EDGE_CURVE('',#2294,#2304,#1316,.T.);
#4182=EDGE_CURVE('',#2303,#2304,#1071,.T.);
#4184=EDGE_CURVE('',#2303,#2312,#1075,.T.);
#4186=EDGE_CURVE('',#2312,#2252,#1079,.T.);
#4188=EDGE_CURVE('',#2251,#2252,#1083,.T.);
#4190=EDGE_CURVE('',#2285,#2251,#1087,.T.);
#4200=EDGE_CURVE('',#2281,#2282,#1136,.T.);
#4204=EDGE_CURVE('',#2285,#2281,#1096,.T.);
#4214=EDGE_CURVE('',#2318,#2323,#1100,.T.);
#4216=EDGE_CURVE('',#2314,#2318,#1158,.T.);
#4218=EDGE_CURVE('',#2308,#2314,#1104,.T.);
#4220=EDGE_CURVE('',#2307,#2308,#1108,.T.);
#4222=EDGE_CURVE('',#2554,#2307,#1112,.T.);
#4224=EDGE_CURVE('',#2556,#2554,#1116,.T.);
#4226=EDGE_CURVE('',#2274,#2556,#1120,.T.);
#4228=EDGE_CURVE('',#2274,#2220,#1124,.T.);
#4233=EDGE_CURVE('',#2323,#2281,#1221,.T.);
#4243=EDGE_CURVE('',#2317,#2318,#1140,.T.);
#4246=EDGE_CURVE('',#2323,#2324,#1144,.T.);
#4248=EDGE_CURVE('',#2317,#2324,#1176,.T.);
#4259=EDGE_CURVE('',#2317,#2320,#1149,.T.);
#4261=EDGE_CURVE('',#2320,#2314,#1234,.T.);
#4272=EDGE_CURVE('',#2345,#2346,#1163,.T.);
#4274=EDGE_CURVE('',#2184,#2345,#1416,.T.);
#4276=EDGE_CURVE('',#2184,#2188,#1374,.T.);
#4278=EDGE_CURVE('',#2188,#2358,#1324,.T.);
#4280=EDGE_CURVE('',#2356,#2358,#1168,.T.);
#4282=EDGE_CURVE('',#2243,#2356,#1204,.T.);
#4284=EDGE_CURVE('',#2243,#2320,#1172,.T.);
#4288=EDGE_CURVE('',#2326,#2324,#1226,.T.);
#4290=EDGE_CURVE('',#2247,#2326,#1180,.T.);
#4292=EDGE_CURVE('',#2346,#2247,#1188,.T.);
#4303=EDGE_CURVE('',#2348,#2346,#1184,.T.);
#4305=EDGE_CURVE('',#2348,#2350,#1303,.T.);
#4307=EDGE_CURVE('',#2350,#2345,#1386,.T.);
#4319=EDGE_CURVE('',#2247,#2248,#1192,.T.);
#4321=EDGE_CURVE('',#2248,#2244,#1196,.T.);
#4323=EDGE_CURVE('',#2243,#2244,#1200,.T.);
#4326=EDGE_CURVE('',#2356,#2354,#1208,.T.);
#4328=EDGE_CURVE('',#2348,#2354,#1307,.T.);
#4338=EDGE_CURVE('',#2281,#2326,#1212,.T.);
#4342=EDGE_CURVE('',#2248,#2251,#1230,.T.);
#4369=EDGE_CURVE('',#2244,#2252,#1238,.T.);
#4380=EDGE_CURVE('',#2314,#2312,#1247,.T.);
#4395=EDGE_CURVE('',#2303,#2308,#1252,.T.);
#4408=EDGE_CURVE('',#2299,#2303,#1257,.T.);
#4410=EDGE_CURVE('',#2308,#2299,#1262,.T.);
#4420=EDGE_CURVE('',#2299,#2300,#1274,.T.);
#4424=EDGE_CURVE('',#2304,#2300,#1270,.T.);
#4435=EDGE_CURVE('',#2300,#2195,#1294,.T.);
#4437=EDGE_CURVE('',#2195,#2196,#1430,.T.);
#4439=EDGE_CURVE('',#2196,#2200,#1446,.T.);
#4441=EDGE_CURVE('',#2204,#2200,#1464,.T.);
#4444=EDGE_CURVE('',#2310,#2552,#1278,.T.);
#4446=EDGE_CURVE('',#2310,#2299,#1282,.T.);
#4456=EDGE_CURVE('',#2163,#2294,#1286,.T.);
#4460=EDGE_CURVE('',#2164,#2191,#1425,.T.);
#4462=EDGE_CURVE('',#2163,#2164,#1394,.T.);
#4474=EDGE_CURVE('',#2304,#2173,#1298,.T.);
#4476=EDGE_CURVE('',#2173,#2174,#1346,.T.);
#4478=EDGE_CURVE('',#2195,#2174,#1434,.T.);
#4490=EDGE_CURVE('',#2353,#2354,#1312,.T.);
#4492=EDGE_CURVE('',#2353,#2173,#1350,.T.);
#4497=EDGE_CURVE('',#2350,#2163,#1390,.T.);
#4510=EDGE_CURVE('',#2358,#2353,#1320,.T.);
#4522=EDGE_CURVE('',#2187,#2188,#1370,.T.);
#4525=EDGE_CURVE('',#2178,#2180,#1333,.T.);
#4527=EDGE_CURVE('',#2176,#2178,#1337,.T.);
#4529=EDGE_CURVE('',#2174,#2176,#1342,.T.);
#4543=EDGE_CURVE('',#2342,#2337,#1362,.T.);
#4548=EDGE_CURVE('',#2183,#2184,#1378,.T.);
#4574=EDGE_CURVE('',#2164,#2166,#1399,.T.);
#4576=EDGE_CURVE('',#2166,#2168,#1403,.T.);
#4578=EDGE_CURVE('',#2168,#2170,#1408,.T.);
#4592=EDGE_CURVE('',#2166,#2192,#1442,.T.);
#4607=EDGE_CURVE('',#2196,#2176,#1450,.T.);
#4618=EDGE_CURVE('',#2168,#2198,#1459,.T.);
#4633=EDGE_CURVE('',#2200,#2178,#1468,.T.);
#4668=EDGE_CURVE('',#2310,#2307,#1480,.T.);
#4672=EDGE_CURVE('',#2550,#2542,#1484,.T.);
#4674=EDGE_CURVE('',#2538,#2542,#1512,.T.);
#4676=EDGE_CURVE('',#2554,#2538,#1472,.T.);
#4699=EDGE_CURVE('',#2548,#2540,#1488,.T.);
#4701=EDGE_CURVE('',#2542,#2540,#1516,.T.);
#4713=EDGE_CURVE('',#2546,#2537,#1492,.T.);
#4715=EDGE_CURVE('',#2540,#2537,#1520,.T.);
#4727=EDGE_CURVE('',#2556,#2545,#1496,.T.);
#4731=EDGE_CURVE('',#2537,#2538,#1508,.T.);
#4744=EDGE_CURVE('',#2214,#2274,#1500,.T.);
#4775=EDGE_CURVE('',#2583,#2584,#1524,.T.);
#4777=EDGE_CURVE('',#2583,#2587,#1528,.T.);
#4779=EDGE_CURVE('',#2587,#2588,#1532,.T.);
#4781=EDGE_CURVE('',#2584,#2588,#1536,.T.);
#4791=EDGE_CURVE('',#2602,#2596,#1540,.T.);
#4793=EDGE_CURVE('',#2602,#2583,#1544,.T.);
#4796=EDGE_CURVE('',#2584,#2596,#1548,.T.);
#4806=EDGE_CURVE('',#2608,#2618,#1552,.T.);
#4808=EDGE_CURVE('',#2608,#2563,#1556,.T.);
#4810=EDGE_CURVE('',#2563,#2564,#1561,.T.);
#4812=EDGE_CURVE('',#2564,#2576,#1565,.T.);
#4815=EDGE_CURVE('',#2575,#2559,#1569,.T.);
#4817=EDGE_CURVE('',#2559,#2560,#1574,.T.);
#4819=EDGE_CURVE('',#2560,#2618,#1578,.T.);
#4829=EDGE_CURVE('',#2604,#2592,#1594,.T.);
#4831=EDGE_CURVE('',#2604,#2602,#1696,.T.);
#4834=EDGE_CURVE('',#2596,#2592,#1598,.T.);
#4844=EDGE_CURVE('',#2591,#2592,#1582,.T.);
#4846=EDGE_CURVE('',#2591,#2598,#1586,.T.);
#4848=EDGE_CURVE('',#2598,#2604,#1590,.T.);
#4861=EDGE_CURVE('',#2595,#2596,#1610,.T.);
#4863=EDGE_CURVE('',#2591,#2595,#1602,.T.);
#4875=EDGE_CURVE('',#2564,#2572,#1606,.T.);
#4877=EDGE_CURVE('',#2572,#2580,#1683,.T.);
#4890=EDGE_CURVE('',#2588,#2595,#1658,.T.);
#4901=EDGE_CURVE('',#2563,#2571,#1614,.T.);
#4903=EDGE_CURVE('',#2571,#2572,#1688,.T.);
#4914=EDGE_CURVE('',#2607,#2608,#1618,.T.);
#4916=EDGE_CURVE('',#2607,#2571,#1692,.T.);
#4929=EDGE_CURVE('',#2612,#2608,#1622,.T.);
#4931=EDGE_CURVE('',#2611,#2612,#1704,.T.);
#4933=EDGE_CURVE('',#2607,#2611,#1626,.T.);
#4944=EDGE_CURVE('',#2620,#2618,#1630,.T.);
#4946=EDGE_CURVE('',#2612,#2620,#1708,.T.);
#4957=EDGE_CURVE('',#2616,#2618,#1638,.T.);
#4959=EDGE_CURVE('',#2614,#2616,#1634,.T.);
#4961=EDGE_CURVE('',#2614,#2620,#1712,.T.);
#4974=EDGE_CURVE('',#2560,#2568,#1642,.T.);
#4976=EDGE_CURVE('',#2568,#2616,#1670,.T.);
#4987=EDGE_CURVE('',#2559,#2567,#1646,.T.);
#4989=EDGE_CURVE('',#2567,#2568,#1675,.T.);
#5001=EDGE_CURVE('',#2579,#2567,#1679,.T.);
#5013=EDGE_CURVE('',#2600,#2602,#1650,.T.);
#5015=EDGE_CURVE('',#2600,#2587,#1662,.T.);
#5027=EDGE_CURVE('',#2595,#2600,#1654,.T.);
#5040=EDGE_CURVE('',#2616,#2607,#1666,.T.);
#5060=EDGE_CURVE('',#2600,#2598,#1700,.T.);
#5082=EDGE_CURVE('',#2614,#2611,#1716,.T.);
#5108=EDGE_CURVE('',#2520,#2272,#1732,.T.);
#5133=EDGE_CURVE('',#2714,#2712,#1740,.T.);
#5135=EDGE_CURVE('',#2235,#2714,#1772,.T.);
#5150=EDGE_CURVE('',#2716,#2695,#1748,.T.);
#5152=EDGE_CURVE('',#2714,#2716,#1752,.T.);
#5162=EDGE_CURVE('',#2716,#2718,#1756,.T.);
#5166=EDGE_CURVE('',#2718,#2696,#1776,.T.);
#5178=EDGE_CURVE('',#2718,#2720,#1760,.T.);
#5180=EDGE_CURVE('',#2720,#2722,#1764,.T.);
#5182=EDGE_CURVE('',#2722,#2724,#1768,.T.);
#5184=EDGE_CURVE('',#2236,#2724,#1796,.T.);
#5199=EDGE_CURVE('',#2720,#2698,#1780,.T.);
#5212=EDGE_CURVE('',#2722,#2700,#1784,.T.);
#5225=EDGE_CURVE('',#2724,#2728,#1800,.T.);
#5250=EDGE_CURVE('',#2810,#2798,#1808,.T.);
#5252=EDGE_CURVE('',#2240,#2810,#1852,.T.);
#5266=EDGE_CURVE('',#2806,#2782,#1816,.T.);
#5268=EDGE_CURVE('',#2806,#2810,#1856,.T.);
#5279=EDGE_CURVE('',#2804,#2780,#1820,.T.);
#5281=EDGE_CURVE('',#2804,#2806,#1860,.T.);
#5293=EDGE_CURVE('',#2802,#2778,#1824,.T.);
#5295=EDGE_CURVE('',#2802,#2804,#1864,.T.);
#5307=EDGE_CURVE('',#2800,#2777,#1828,.T.);
#5309=EDGE_CURVE('',#2800,#2802,#1868,.T.);
#5322=EDGE_CURVE('',#2812,#2796,#1844,.T.);
#5324=EDGE_CURVE('',#2812,#2800,#1848,.T.);
#5339=EDGE_CURVE('',#2239,#2812,#1840,.T.);
#5366=EDGE_CURVE('',#2784,#2751,#1872,.T.);
#5369=EDGE_CURVE('',#2756,#2786,#1876,.T.);
#5371=EDGE_CURVE('',#2754,#2756,#1880,.T.);
#5373=EDGE_CURVE('',#2752,#2754,#1884,.T.);
#5375=EDGE_CURVE('',#2751,#2752,#1888,.T.);
#5386=EDGE_CURVE('',#2748,#2818,#1892,.T.);
#5388=EDGE_CURVE('',#2746,#2748,#1896,.T.);
#5390=EDGE_CURVE('',#2744,#2746,#1900,.T.);
#5392=EDGE_CURVE('',#2742,#2744,#1904,.T.);
#5394=EDGE_CURVE('',#2741,#2742,#1908,.T.);
#5407=EDGE_CURVE('',#2751,#2769,#1916,.T.);
#5420=EDGE_CURVE('',#2752,#2770,#1920,.T.);
#5433=EDGE_CURVE('',#2754,#2772,#1924,.T.);
#5446=EDGE_CURVE('',#2756,#2774,#1928,.T.);
#5471=EDGE_CURVE('',#2748,#2766,#1932,.T.);
#5486=EDGE_CURVE('',#2746,#2764,#1936,.T.);
#5499=EDGE_CURVE('',#2744,#2762,#1940,.T.);
#5512=EDGE_CURVE('',#2742,#2760,#1944,.T.);
#5535=EDGE_CURVE('',#2445,#2397,#1952,.T.);
#5537=EDGE_CURVE('',#2397,#2398,#2048,.T.);
#5539=EDGE_CURVE('',#2446,#2398,#2044,.T.);
#5550=EDGE_CURVE('',#2490,#2442,#1956,.T.);
#5552=EDGE_CURVE('',#2442,#2397,#2053,.T.);
#5564=EDGE_CURVE('',#2488,#2440,#1960,.T.);
#5566=EDGE_CURVE('',#2440,#2442,#2058,.T.);
#5578=EDGE_CURVE('',#2486,#2438,#1964,.T.);
#5580=EDGE_CURVE('',#2438,#2440,#2063,.T.);
#5592=EDGE_CURVE('',#2484,#2436,#1968,.T.);
#5594=EDGE_CURVE('',#2436,#2438,#2067,.T.);
#5606=EDGE_CURVE('',#2482,#2434,#1972,.T.);
#5608=EDGE_CURVE('',#2434,#2436,#2072,.T.);
#5620=EDGE_CURVE('',#2480,#2432,#1976,.T.);
#5622=EDGE_CURVE('',#2432,#2434,#2076,.T.);
#5634=EDGE_CURVE('',#2478,#2430,#1980,.T.);
#5636=EDGE_CURVE('',#2430,#2432,#2081,.T.);
#5648=EDGE_CURVE('',#2476,#2428,#1984,.T.);
#5650=EDGE_CURVE('',#2428,#2430,#2086,.T.);
#5662=EDGE_CURVE('',#2474,#2426,#1988,.T.);
#5664=EDGE_CURVE('',#2426,#2428,#2091,.T.);
#5676=EDGE_CURVE('',#2472,#2424,#1992,.T.);
#5678=EDGE_CURVE('',#2424,#2426,#2095,.T.);
#5690=EDGE_CURVE('',#2470,#2422,#1996,.T.);
#5692=EDGE_CURVE('',#2422,#2424,#2100,.T.);
#5704=EDGE_CURVE('',#2468,#2420,#2000,.T.);
#5706=EDGE_CURVE('',#2420,#2422,#2104,.T.);
#5718=EDGE_CURVE('',#2466,#2418,#2004,.T.);
#5720=EDGE_CURVE('',#2418,#2420,#2109,.T.);
#5732=EDGE_CURVE('',#2464,#2416,#2008,.T.);
#5734=EDGE_CURVE('',#2416,#2418,#2114,.T.);
#5746=EDGE_CURVE('',#2462,#2414,#2012,.T.);
#5748=EDGE_CURVE('',#2414,#2416,#2119,.T.);
#5760=EDGE_CURVE('',#2460,#2412,#2016,.T.);
#5762=EDGE_CURVE('',#2412,#2414,#2123,.T.);
#5774=EDGE_CURVE('',#2458,#2410,#2020,.T.);
#5776=EDGE_CURVE('',#2410,#2412,#2128,.T.);
#5788=EDGE_CURVE('',#2456,#2408,#2024,.T.);
#5790=EDGE_CURVE('',#2408,#2410,#2132,.T.);
#5802=EDGE_CURVE('',#2454,#2406,#2028,.T.);
#5804=EDGE_CURVE('',#2406,#2408,#2137,.T.);
#5816=EDGE_CURVE('',#2452,#2404,#2032,.T.);
#5818=EDGE_CURVE('',#2404,#2406,#2142,.T.);
#5830=EDGE_CURVE('',#2450,#2402,#2036,.T.);
#5832=EDGE_CURVE('',#2402,#2404,#2147,.T.);
#5844=EDGE_CURVE('',#2448,#2400,#2040,.T.);
#5846=EDGE_CURVE('',#2400,#2402,#2151,.T.);
#5859=EDGE_CURVE('',#2398,#2400,#2156,.T.);
#5907=CIRCLE('',#5906,1.525E0);
#5908=TRIMMED_CURVE('',#5907,(PARAMETER_VALUE(0.E0)),(PARAMETER_VALUE(1.8E2)),
.T.,.UNSPECIFIED.);
#5909=COMPOSITE_CURVE_SEGMENT(.CONTINUOUS.,.T.,#5908);
#5914=CIRCLE('',#5913,1.525E0);
#5915=TRIMMED_CURVE('',#5914,(PARAMETER_VALUE(0.E0)),(PARAMETER_VALUE(1.8E2)),
.T.,.UNSPECIFIED.);
#5916=COMPOSITE_CURVE_SEGMENT(.CONTINUOUS.,.T.,#5915);
#5917=COMPOSITE_CURVE('',(#5909,#5916),.F.);
#5923=CIRCLE('',#5922,5.1E-1);
#5924=TRIMMED_CURVE('',#5923,(PARAMETER_VALUE(0.E0)),(PARAMETER_VALUE(1.8E2)),
.T.,.UNSPECIFIED.);
#5925=COMPOSITE_CURVE_SEGMENT(.CONTINUOUS.,.T.,#5924);
#5930=CIRCLE('',#5929,5.1E-1);
#5931=TRIMMED_CURVE('',#5930,(PARAMETER_VALUE(0.E0)),(PARAMETER_VALUE(1.8E2)),
.T.,.UNSPECIFIED.);
#5932=COMPOSITE_CURVE_SEGMENT(.CONTINUOUS.,.T.,#5931);
#5933=COMPOSITE_CURVE('',(#5925,#5932),.F.);
#5938=CIRCLE('',#5937,5.1E-1);
#5939=TRIMMED_CURVE('',#5938,(PARAMETER_VALUE(0.E0)),(PARAMETER_VALUE(1.8E2)),
.T.,.UNSPECIFIED.);
#5940=COMPOSITE_CURVE_SEGMENT(.CONTINUOUS.,.T.,#5939);
#5945=CIRCLE('',#5944,5.1E-1);
#5946=TRIMMED_CURVE('',#5945,(PARAMETER_VALUE(0.E0)),(PARAMETER_VALUE(1.8E2)),
.T.,.UNSPECIFIED.);
#5947=COMPOSITE_CURVE_SEGMENT(.CONTINUOUS.,.T.,#5946);
#5948=COMPOSITE_CURVE('',(#5940,#5947),.F.);
#5949=(LENGTH_UNIT()NAMED_UNIT(*)SI_UNIT(.MILLI.,.METRE.));
#5951=(NAMED_UNIT(*)PLANE_ANGLE_UNIT()SI_UNIT($,.RADIAN.));
#5954=(NAMED_UNIT(*)SI_UNIT($,.STERADIAN.)SOLID_ANGLE_UNIT());
#5957=ADVANCED_BREP_SHAPE_REPRESENTATION('',(#5898),#5956);
#5958=GEOMETRICALLY_BOUNDED_SURFACE_SHAPE_REPRESENTATION('',(#5918),#5956);
#5959=SHAPE_REPRESENTATION('',(#5902),#5956);
#5968=PRODUCT_DEFINITION('design','',#5967,#5964);
#5969=PRODUCT_DEFINITION_SHAPE('','SHAPE FOR 1723103102.',#5968);
#5970=SHAPE_DEFINITION_REPRESENTATION(#5969,#5959);
ENDSEC;
END-ISO-10303-21;
